[
  {
    "id": "wp-0001",
    "category": "HTML/WordPress Block",
    "tags": [
      "wordpress",
      "block"
    ],
    "last_updated": "2025-08-14",
    "block_name": "hero-1",
    "html_snippet": "<section class='hero'><h2>Title</h2></section>"
  },
  {
    "id": "wp-0002",
    "category": "HTML/WordPress Block",
    "tags": [
      "wordpress",
      "block"
    ],
    "last_updated": "2025-08-14",
    "block_name": "hero-2",
    "html_snippet": "<section class='hero'><h2>Title</h2></section>"
  },
  {
    "id": "wp-0003",
    "category": "HTML/WordPress Block",
    "tags": [
      "wordpress",
      "block"
    ],
    "last_updated": "2025-08-14",
    "block_name": "hero-3",
    "html_snippet": "<section class='hero'><h2>Title</h2></section>"
  },
  {
    "id": "wp-0004",
    "category": "HTML/WordPress Block",
    "tags": [
      "wordpress",
      "block"
    ],
    "last_updated": "2025-08-14",
    "block_name": "hero-4",
    "html_snippet": "<section class='hero'><h2>Title</h2></section>"
  },
  {
    "id": "wp-0005",
    "category": "HTML/WordPress Block",
    "tags": [
      "wordpress",
      "block"
    ],
    "last_updated": "2025-08-14",
    "block_name": "hero-5",
    "html_snippet": "<section class='hero'><h2>Title</h2></section>"
  },
  {
    "id": "wp-0006",
    "category": "HTML/WordPress Block",
    "tags": [
      "wordpress",
      "block"
    ],
    "last_updated": "2025-08-14",
    "block_name": "hero-6",
    "html_snippet": "<section class='hero'><h2>Title</h2></section>"
  },
  {
    "id": "wp-0007",
    "category": "HTML/WordPress Block",
    "tags": [
      "wordpress",
      "block"
    ],
    "last_updated": "2025-08-14",
    "block_name": "hero-7",
    "html_snippet": "<section class='hero'><h2>Title</h2></section>"
  },
  {
    "id": "wp-0008",
    "category": "HTML/WordPress Block",
    "tags": [
      "wordpress",
      "block"
    ],
    "last_updated": "2025-08-14",
    "block_name": "hero-8",
    "html_snippet": "<section class='hero'><h2>Title</h2></section>"
  },
  {
    "id": "wp-0009",
    "category": "HTML/WordPress Block",
    "tags": [
      "wordpress",
      "block"
    ],
    "last_updated": "2025-08-14",
    "block_name": "hero-9",
    "html_snippet": "<section class='hero'><h2>Title</h2></section>"
  },
  {
    "id": "wp-0010",
    "category": "HTML/WordPress Block",
    "tags": [
      "wordpress",
      "block"
    ],
    "last_updated": "2025-08-14",
    "block_name": "hero-10",
    "html_snippet": "<section class='hero'><h2>Title</h2></section>"
  },
  {
    "id": "wp-0011",
    "category": "HTML/WordPress Block",
    "tags": [
      "wordpress",
      "block"
    ],
    "last_updated": "2025-08-14",
    "block_name": "hero-11",
    "html_snippet": "<section class='hero'><h2>Title</h2></section>"
  },
  {
    "id": "wp-0012",
    "category": "HTML/WordPress Block",
    "tags": [
      "wordpress",
      "block"
    ],
    "last_updated": "2025-08-14",
    "block_name": "hero-12",
    "html_snippet": "<section class='hero'><h2>Title</h2></section>"
  },
  {
    "id": "wp-0013",
    "category": "HTML/WordPress Block",
    "tags": [
      "wordpress",
      "block"
    ],
    "last_updated": "2025-08-14",
    "block_name": "hero-13",
    "html_snippet": "<section class='hero'><h2>Title</h2></section>"
  },
  {
    "id": "wp-0014",
    "category": "HTML/WordPress Block",
    "tags": [
      "wordpress",
      "block"
    ],
    "last_updated": "2025-08-14",
    "block_name": "hero-14",
    "html_snippet": "<section class='hero'><h2>Title</h2></section>"
  },
  {
    "id": "wp-0015",
    "category": "HTML/WordPress Block",
    "tags": [
      "wordpress",
      "block"
    ],
    "last_updated": "2025-08-14",
    "block_name": "hero-15",
    "html_snippet": "<section class='hero'><h2>Title</h2></section>"
  },
  {
    "id": "wp-0016",
    "category": "HTML/WordPress Block",
    "tags": [
      "wordpress",
      "block"
    ],
    "last_updated": "2025-08-14",
    "block_name": "hero-16",
    "html_snippet": "<section class='hero'><h2>Title</h2></section>"
  },
  {
    "id": "wp-0017",
    "category": "HTML/WordPress Block",
    "tags": [
      "wordpress",
      "block"
    ],
    "last_updated": "2025-08-14",
    "block_name": "hero-17",
    "html_snippet": "<section class='hero'><h2>Title</h2></section>"
  },
  {
    "id": "wp-0018",
    "category": "HTML/WordPress Block",
    "tags": [
      "wordpress",
      "block"
    ],
    "last_updated": "2025-08-14",
    "block_name": "hero-18",
    "html_snippet": "<section class='hero'><h2>Title</h2></section>"
  },
  {
    "id": "wp-0019",
    "category": "HTML/WordPress Block",
    "tags": [
      "wordpress",
      "block"
    ],
    "last_updated": "2025-08-14",
    "block_name": "hero-19",
    "html_snippet": "<section class='hero'><h2>Title</h2></section>"
  },
  {
    "id": "wp-0020",
    "category": "HTML/WordPress Block",
    "tags": [
      "wordpress",
      "block"
    ],
    "last_updated": "2025-08-14",
    "block_name": "hero-20",
    "html_snippet": "<section class='hero'><h2>Title</h2></section>"
  },
  {
    "id": "wp-0021",
    "category": "HTML/WordPress Block",
    "tags": [
      "wordpress",
      "block"
    ],
    "last_updated": "2025-08-14",
    "block_name": "hero-21",
    "html_snippet": "<section class='hero'><h2>Title</h2></section>"
  },
  {
    "id": "wp-0022",
    "category": "HTML/WordPress Block",
    "tags": [
      "wordpress",
      "block"
    ],
    "last_updated": "2025-08-14",
    "block_name": "hero-22",
    "html_snippet": "<section class='hero'><h2>Title</h2></section>"
  },
  {
    "id": "wp-0023",
    "category": "HTML/WordPress Block",
    "tags": [
      "wordpress",
      "block"
    ],
    "last_updated": "2025-08-14",
    "block_name": "hero-23",
    "html_snippet": "<section class='hero'><h2>Title</h2></section>"
  },
  {
    "id": "wp-0024",
    "category": "HTML/WordPress Block",
    "tags": [
      "wordpress",
      "block"
    ],
    "last_updated": "2025-08-14",
    "block_name": "hero-24",
    "html_snippet": "<section class='hero'><h2>Title</h2></section>"
  },
  {
    "id": "wp-0025",
    "category": "HTML/WordPress Block",
    "tags": [
      "wordpress",
      "block"
    ],
    "last_updated": "2025-08-14",
    "block_name": "hero-25",
    "html_snippet": "<section class='hero'><h2>Title</h2></section>"
  },
  {
    "id": "wp-0026",
    "category": "HTML/WordPress Block",
    "tags": [
      "wordpress",
      "block"
    ],
    "last_updated": "2025-08-14",
    "block_name": "hero-26",
    "html_snippet": "<section class='hero'><h2>Title</h2></section>"
  },
  {
    "id": "wp-0027",
    "category": "HTML/WordPress Block",
    "tags": [
      "wordpress",
      "block"
    ],
    "last_updated": "2025-08-14",
    "block_name": "hero-27",
    "html_snippet": "<section class='hero'><h2>Title</h2></section>"
  },
  {
    "id": "wp-0028",
    "category": "HTML/WordPress Block",
    "tags": [
      "wordpress",
      "block"
    ],
    "last_updated": "2025-08-14",
    "block_name": "hero-28",
    "html_snippet": "<section class='hero'><h2>Title</h2></section>"
  },
  {
    "id": "wp-0029",
    "category": "HTML/WordPress Block",
    "tags": [
      "wordpress",
      "block"
    ],
    "last_updated": "2025-08-14",
    "block_name": "hero-29",
    "html_snippet": "<section class='hero'><h2>Title</h2></section>"
  },
  {
    "id": "wp-0030",
    "category": "HTML/WordPress Block",
    "tags": [
      "wordpress",
      "block"
    ],
    "last_updated": "2025-08-14",
    "block_name": "hero-30",
    "html_snippet": "<section class='hero'><h2>Title</h2></section>"
  },
  {
    "id": "wp-0031",
    "category": "HTML/WordPress Block",
    "tags": [
      "wordpress",
      "block"
    ],
    "last_updated": "2025-08-14",
    "block_name": "hero-31",
    "html_snippet": "<section class='hero'><h2>Title</h2></section>"
  },
  {
    "id": "wp-0032",
    "category": "HTML/WordPress Block",
    "tags": [
      "wordpress",
      "block"
    ],
    "last_updated": "2025-08-14",
    "block_name": "hero-32",
    "html_snippet": "<section class='hero'><h2>Title</h2></section>"
  },
  {
    "id": "wp-0033",
    "category": "HTML/WordPress Block",
    "tags": [
      "wordpress",
      "block"
    ],
    "last_updated": "2025-08-14",
    "block_name": "hero-33",
    "html_snippet": "<section class='hero'><h2>Title</h2></section>"
  },
  {
    "id": "wp-0034",
    "category": "HTML/WordPress Block",
    "tags": [
      "wordpress",
      "block"
    ],
    "last_updated": "2025-08-14",
    "block_name": "hero-34",
    "html_snippet": "<section class='hero'><h2>Title</h2></section>"
  },
  {
    "id": "wp-0035",
    "category": "HTML/WordPress Block",
    "tags": [
      "wordpress",
      "block"
    ],
    "last_updated": "2025-08-14",
    "block_name": "hero-35",
    "html_snippet": "<section class='hero'><h2>Title</h2></section>"
  },
  {
    "id": "wp-0036",
    "category": "HTML/WordPress Block",
    "tags": [
      "wordpress",
      "block"
    ],
    "last_updated": "2025-08-14",
    "block_name": "hero-36",
    "html_snippet": "<section class='hero'><h2>Title</h2></section>"
  },
  {
    "id": "wp-0037",
    "category": "HTML/WordPress Block",
    "tags": [
      "wordpress",
      "block"
    ],
    "last_updated": "2025-08-14",
    "block_name": "hero-37",
    "html_snippet": "<section class='hero'><h2>Title</h2></section>"
  },
  {
    "id": "wp-0038",
    "category": "HTML/WordPress Block",
    "tags": [
      "wordpress",
      "block"
    ],
    "last_updated": "2025-08-14",
    "block_name": "hero-38",
    "html_snippet": "<section class='hero'><h2>Title</h2></section>"
  },
  {
    "id": "wp-0039",
    "category": "HTML/WordPress Block",
    "tags": [
      "wordpress",
      "block"
    ],
    "last_updated": "2025-08-14",
    "block_name": "hero-39",
    "html_snippet": "<section class='hero'><h2>Title</h2></section>"
  },
  {
    "id": "wp-0040",
    "category": "HTML/WordPress Block",
    "tags": [
      "wordpress",
      "block"
    ],
    "last_updated": "2025-08-14",
    "block_name": "hero-40",
    "html_snippet": "<section class='hero'><h2>Title</h2></section>"
  },
  {
    "id": "wp-0041",
    "category": "HTML/WordPress Block",
    "tags": [
      "wordpress",
      "block"
    ],
    "last_updated": "2025-08-14",
    "block_name": "hero-41",
    "html_snippet": "<section class='hero'><h2>Title</h2></section>"
  },
  {
    "id": "wp-0042",
    "category": "HTML/WordPress Block",
    "tags": [
      "wordpress",
      "block"
    ],
    "last_updated": "2025-08-14",
    "block_name": "hero-42",
    "html_snippet": "<section class='hero'><h2>Title</h2></section>"
  },
  {
    "id": "wp-0043",
    "category": "HTML/WordPress Block",
    "tags": [
      "wordpress",
      "block"
    ],
    "last_updated": "2025-08-14",
    "block_name": "hero-43",
    "html_snippet": "<section class='hero'><h2>Title</h2></section>"
  },
  {
    "id": "wp-0044",
    "category": "HTML/WordPress Block",
    "tags": [
      "wordpress",
      "block"
    ],
    "last_updated": "2025-08-14",
    "block_name": "hero-44",
    "html_snippet": "<section class='hero'><h2>Title</h2></section>"
  },
  {
    "id": "wp-0045",
    "category": "HTML/WordPress Block",
    "tags": [
      "wordpress",
      "block"
    ],
    "last_updated": "2025-08-14",
    "block_name": "hero-45",
    "html_snippet": "<section class='hero'><h2>Title</h2></section>"
  },
  {
    "id": "wp-0046",
    "category": "HTML/WordPress Block",
    "tags": [
      "wordpress",
      "block"
    ],
    "last_updated": "2025-08-14",
    "block_name": "hero-46",
    "html_snippet": "<section class='hero'><h2>Title</h2></section>"
  },
  {
    "id": "wp-0047",
    "category": "HTML/WordPress Block",
    "tags": [
      "wordpress",
      "block"
    ],
    "last_updated": "2025-08-14",
    "block_name": "hero-47",
    "html_snippet": "<section class='hero'><h2>Title</h2></section>"
  },
  {
    "id": "wp-0048",
    "category": "HTML/WordPress Block",
    "tags": [
      "wordpress",
      "block"
    ],
    "last_updated": "2025-08-14",
    "block_name": "hero-48",
    "html_snippet": "<section class='hero'><h2>Title</h2></section>"
  },
  {
    "id": "wp-0049",
    "category": "HTML/WordPress Block",
    "tags": [
      "wordpress",
      "block"
    ],
    "last_updated": "2025-08-14",
    "block_name": "hero-49",
    "html_snippet": "<section class='hero'><h2>Title</h2></section>"
  },
  {
    "id": "wp-0050",
    "category": "HTML/WordPress Block",
    "tags": [
      "wordpress",
      "block"
    ],
    "last_updated": "2025-08-14",
    "block_name": "hero-50",
    "html_snippet": "<section class='hero'><h2>Title</h2></section>"
  },
  {
    "id": "wp-0051",
    "category": "HTML/WordPress Block",
    "tags": [
      "wordpress",
      "block"
    ],
    "last_updated": "2025-08-14",
    "block_name": "hero-51",
    "html_snippet": "<section class='hero'><h2>Title</h2></section>"
  },
  {
    "id": "wp-0052",
    "category": "HTML/WordPress Block",
    "tags": [
      "wordpress",
      "block"
    ],
    "last_updated": "2025-08-14",
    "block_name": "hero-52",
    "html_snippet": "<section class='hero'><h2>Title</h2></section>"
  },
  {
    "id": "wp-0053",
    "category": "HTML/WordPress Block",
    "tags": [
      "wordpress",
      "block"
    ],
    "last_updated": "2025-08-14",
    "block_name": "hero-53",
    "html_snippet": "<section class='hero'><h2>Title</h2></section>"
  },
  {
    "id": "wp-0054",
    "category": "HTML/WordPress Block",
    "tags": [
      "wordpress",
      "block"
    ],
    "last_updated": "2025-08-14",
    "block_name": "hero-54",
    "html_snippet": "<section class='hero'><h2>Title</h2></section>"
  },
  {
    "id": "wp-0055",
    "category": "HTML/WordPress Block",
    "tags": [
      "wordpress",
      "block"
    ],
    "last_updated": "2025-08-14",
    "block_name": "hero-55",
    "html_snippet": "<section class='hero'><h2>Title</h2></section>"
  },
  {
    "id": "wp-0056",
    "category": "HTML/WordPress Block",
    "tags": [
      "wordpress",
      "block"
    ],
    "last_updated": "2025-08-14",
    "block_name": "hero-56",
    "html_snippet": "<section class='hero'><h2>Title</h2></section>"
  },
  {
    "id": "wp-0057",
    "category": "HTML/WordPress Block",
    "tags": [
      "wordpress",
      "block"
    ],
    "last_updated": "2025-08-14",
    "block_name": "hero-57",
    "html_snippet": "<section class='hero'><h2>Title</h2></section>"
  },
  {
    "id": "wp-0058",
    "category": "HTML/WordPress Block",
    "tags": [
      "wordpress",
      "block"
    ],
    "last_updated": "2025-08-14",
    "block_name": "hero-58",
    "html_snippet": "<section class='hero'><h2>Title</h2></section>"
  },
  {
    "id": "wp-0059",
    "category": "HTML/WordPress Block",
    "tags": [
      "wordpress",
      "block"
    ],
    "last_updated": "2025-08-14",
    "block_name": "hero-59",
    "html_snippet": "<section class='hero'><h2>Title</h2></section>"
  },
  {
    "id": "wp-0060",
    "category": "HTML/WordPress Block",
    "tags": [
      "wordpress",
      "block"
    ],
    "last_updated": "2025-08-14",
    "block_name": "hero-60",
    "html_snippet": "<section class='hero'><h2>Title</h2></section>"
  },
  {
    "id": "wp-0061",
    "category": "HTML/WordPress Block",
    "tags": [
      "wordpress",
      "block"
    ],
    "last_updated": "2025-08-14",
    "block_name": "hero-61",
    "html_snippet": "<section class='hero'><h2>Title</h2></section>"
  },
  {
    "id": "wp-0062",
    "category": "HTML/WordPress Block",
    "tags": [
      "wordpress",
      "block"
    ],
    "last_updated": "2025-08-14",
    "block_name": "hero-62",
    "html_snippet": "<section class='hero'><h2>Title</h2></section>"
  },
  {
    "id": "wp-0063",
    "category": "HTML/WordPress Block",
    "tags": [
      "wordpress",
      "block"
    ],
    "last_updated": "2025-08-14",
    "block_name": "hero-63",
    "html_snippet": "<section class='hero'><h2>Title</h2></section>"
  },
  {
    "id": "wp-0064",
    "category": "HTML/WordPress Block",
    "tags": [
      "wordpress",
      "block"
    ],
    "last_updated": "2025-08-14",
    "block_name": "hero-64",
    "html_snippet": "<section class='hero'><h2>Title</h2></section>"
  },
  {
    "id": "wp-0065",
    "category": "HTML/WordPress Block",
    "tags": [
      "wordpress",
      "block"
    ],
    "last_updated": "2025-08-14",
    "block_name": "hero-65",
    "html_snippet": "<section class='hero'><h2>Title</h2></section>"
  },
  {
    "id": "wp-0066",
    "category": "HTML/WordPress Block",
    "tags": [
      "wordpress",
      "block"
    ],
    "last_updated": "2025-08-14",
    "block_name": "hero-66",
    "html_snippet": "<section class='hero'><h2>Title</h2></section>"
  },
  {
    "id": "wp-0067",
    "category": "HTML/WordPress Block",
    "tags": [
      "wordpress",
      "block"
    ],
    "last_updated": "2025-08-14",
    "block_name": "hero-67",
    "html_snippet": "<section class='hero'><h2>Title</h2></section>"
  },
  {
    "id": "wp-0068",
    "category": "HTML/WordPress Block",
    "tags": [
      "wordpress",
      "block"
    ],
    "last_updated": "2025-08-14",
    "block_name": "hero-68",
    "html_snippet": "<section class='hero'><h2>Title</h2></section>"
  },
  {
    "id": "wp-0069",
    "category": "HTML/WordPress Block",
    "tags": [
      "wordpress",
      "block"
    ],
    "last_updated": "2025-08-14",
    "block_name": "hero-69",
    "html_snippet": "<section class='hero'><h2>Title</h2></section>"
  },
  {
    "id": "wp-0070",
    "category": "HTML/WordPress Block",
    "tags": [
      "wordpress",
      "block"
    ],
    "last_updated": "2025-08-14",
    "block_name": "hero-70",
    "html_snippet": "<section class='hero'><h2>Title</h2></section>"
  },
  {
    "id": "wp-0071",
    "category": "HTML/WordPress Block",
    "tags": [
      "wordpress",
      "block"
    ],
    "last_updated": "2025-08-14",
    "block_name": "hero-71",
    "html_snippet": "<section class='hero'><h2>Title</h2></section>"
  },
  {
    "id": "wp-0072",
    "category": "HTML/WordPress Block",
    "tags": [
      "wordpress",
      "block"
    ],
    "last_updated": "2025-08-14",
    "block_name": "hero-72",
    "html_snippet": "<section class='hero'><h2>Title</h2></section>"
  },
  {
    "id": "wp-0073",
    "category": "HTML/WordPress Block",
    "tags": [
      "wordpress",
      "block"
    ],
    "last_updated": "2025-08-14",
    "block_name": "hero-73",
    "html_snippet": "<section class='hero'><h2>Title</h2></section>"
  },
  {
    "id": "wp-0074",
    "category": "HTML/WordPress Block",
    "tags": [
      "wordpress",
      "block"
    ],
    "last_updated": "2025-08-14",
    "block_name": "hero-74",
    "html_snippet": "<section class='hero'><h2>Title</h2></section>"
  },
  {
    "id": "wp-0075",
    "category": "HTML/WordPress Block",
    "tags": [
      "wordpress",
      "block"
    ],
    "last_updated": "2025-08-14",
    "block_name": "hero-75",
    "html_snippet": "<section class='hero'><h2>Title</h2></section>"
  },
  {
    "id": "wp-0076",
    "category": "HTML/WordPress Block",
    "tags": [
      "wordpress",
      "block"
    ],
    "last_updated": "2025-08-14",
    "block_name": "hero-76",
    "html_snippet": "<section class='hero'><h2>Title</h2></section>"
  },
  {
    "id": "wp-0077",
    "category": "HTML/WordPress Block",
    "tags": [
      "wordpress",
      "block"
    ],
    "last_updated": "2025-08-14",
    "block_name": "hero-77",
    "html_snippet": "<section class='hero'><h2>Title</h2></section>"
  },
  {
    "id": "wp-0078",
    "category": "HTML/WordPress Block",
    "tags": [
      "wordpress",
      "block"
    ],
    "last_updated": "2025-08-14",
    "block_name": "hero-78",
    "html_snippet": "<section class='hero'><h2>Title</h2></section>"
  },
  {
    "id": "wp-0079",
    "category": "HTML/WordPress Block",
    "tags": [
      "wordpress",
      "block"
    ],
    "last_updated": "2025-08-14",
    "block_name": "hero-79",
    "html_snippet": "<section class='hero'><h2>Title</h2></section>"
  },
  {
    "id": "wp-0080",
    "category": "HTML/WordPress Block",
    "tags": [
      "wordpress",
      "block"
    ],
    "last_updated": "2025-08-14",
    "block_name": "hero-80",
    "html_snippet": "<section class='hero'><h2>Title</h2></section>"
  },
  {
    "id": "wp-0081",
    "category": "HTML/WordPress Block",
    "tags": [
      "wordpress",
      "block"
    ],
    "last_updated": "2025-08-14",
    "block_name": "hero-81",
    "html_snippet": "<section class='hero'><h2>Title</h2></section>"
  },
  {
    "id": "wp-0082",
    "category": "HTML/WordPress Block",
    "tags": [
      "wordpress",
      "block"
    ],
    "last_updated": "2025-08-14",
    "block_name": "hero-82",
    "html_snippet": "<section class='hero'><h2>Title</h2></section>"
  },
  {
    "id": "wp-0083",
    "category": "HTML/WordPress Block",
    "tags": [
      "wordpress",
      "block"
    ],
    "last_updated": "2025-08-14",
    "block_name": "hero-83",
    "html_snippet": "<section class='hero'><h2>Title</h2></section>"
  },
  {
    "id": "wp-0084",
    "category": "HTML/WordPress Block",
    "tags": [
      "wordpress",
      "block"
    ],
    "last_updated": "2025-08-14",
    "block_name": "hero-84",
    "html_snippet": "<section class='hero'><h2>Title</h2></section>"
  },
  {
    "id": "wp-0085",
    "category": "HTML/WordPress Block",
    "tags": [
      "wordpress",
      "block"
    ],
    "last_updated": "2025-08-14",
    "block_name": "hero-85",
    "html_snippet": "<section class='hero'><h2>Title</h2></section>"
  },
  {
    "id": "wp-0086",
    "category": "HTML/WordPress Block",
    "tags": [
      "wordpress",
      "block"
    ],
    "last_updated": "2025-08-14",
    "block_name": "hero-86",
    "html_snippet": "<section class='hero'><h2>Title</h2></section>"
  },
  {
    "id": "wp-0087",
    "category": "HTML/WordPress Block",
    "tags": [
      "wordpress",
      "block"
    ],
    "last_updated": "2025-08-14",
    "block_name": "hero-87",
    "html_snippet": "<section class='hero'><h2>Title</h2></section>"
  },
  {
    "id": "wp-0088",
    "category": "HTML/WordPress Block",
    "tags": [
      "wordpress",
      "block"
    ],
    "last_updated": "2025-08-14",
    "block_name": "hero-88",
    "html_snippet": "<section class='hero'><h2>Title</h2></section>"
  },
  {
    "id": "wp-0089",
    "category": "HTML/WordPress Block",
    "tags": [
      "wordpress",
      "block"
    ],
    "last_updated": "2025-08-14",
    "block_name": "hero-89",
    "html_snippet": "<section class='hero'><h2>Title</h2></section>"
  },
  {
    "id": "wp-0090",
    "category": "HTML/WordPress Block",
    "tags": [
      "wordpress",
      "block"
    ],
    "last_updated": "2025-08-14",
    "block_name": "hero-90",
    "html_snippet": "<section class='hero'><h2>Title</h2></section>"
  },
  {
    "id": "wp-0091",
    "category": "HTML/WordPress Block",
    "tags": [
      "wordpress",
      "block"
    ],
    "last_updated": "2025-08-14",
    "block_name": "hero-91",
    "html_snippet": "<section class='hero'><h2>Title</h2></section>"
  },
  {
    "id": "wp-0092",
    "category": "HTML/WordPress Block",
    "tags": [
      "wordpress",
      "block"
    ],
    "last_updated": "2025-08-14",
    "block_name": "hero-92",
    "html_snippet": "<section class='hero'><h2>Title</h2></section>"
  },
  {
    "id": "wp-0093",
    "category": "HTML/WordPress Block",
    "tags": [
      "wordpress",
      "block"
    ],
    "last_updated": "2025-08-14",
    "block_name": "hero-93",
    "html_snippet": "<section class='hero'><h2>Title</h2></section>"
  },
  {
    "id": "wp-0094",
    "category": "HTML/WordPress Block",
    "tags": [
      "wordpress",
      "block"
    ],
    "last_updated": "2025-08-14",
    "block_name": "hero-94",
    "html_snippet": "<section class='hero'><h2>Title</h2></section>"
  },
  {
    "id": "wp-0095",
    "category": "HTML/WordPress Block",
    "tags": [
      "wordpress",
      "block"
    ],
    "last_updated": "2025-08-14",
    "block_name": "hero-95",
    "html_snippet": "<section class='hero'><h2>Title</h2></section>"
  },
  {
    "id": "wp-0096",
    "category": "HTML/WordPress Block",
    "tags": [
      "wordpress",
      "block"
    ],
    "last_updated": "2025-08-14",
    "block_name": "hero-96",
    "html_snippet": "<section class='hero'><h2>Title</h2></section>"
  },
  {
    "id": "wp-0097",
    "category": "HTML/WordPress Block",
    "tags": [
      "wordpress",
      "block"
    ],
    "last_updated": "2025-08-14",
    "block_name": "hero-97",
    "html_snippet": "<section class='hero'><h2>Title</h2></section>"
  },
  {
    "id": "wp-0098",
    "category": "HTML/WordPress Block",
    "tags": [
      "wordpress",
      "block"
    ],
    "last_updated": "2025-08-14",
    "block_name": "hero-98",
    "html_snippet": "<section class='hero'><h2>Title</h2></section>"
  },
  {
    "id": "wp-0099",
    "category": "HTML/WordPress Block",
    "tags": [
      "wordpress",
      "block"
    ],
    "last_updated": "2025-08-14",
    "block_name": "hero-99",
    "html_snippet": "<section class='hero'><h2>Title</h2></section>"
  },
  {
    "id": "wp-0100",
    "category": "HTML/WordPress Block",
    "tags": [
      "wordpress",
      "block"
    ],
    "last_updated": "2025-08-14",
    "block_name": "hero-100",
    "html_snippet": "<section class='hero'><h2>Title</h2></section>"
  },
  {
    "id": "wp-0101",
    "category": "HTML/WordPress Block",
    "tags": [
      "wordpress",
      "block"
    ],
    "last_updated": "2025-08-14",
    "block_name": "hero-101",
    "html_snippet": "<section class='hero'><h2>Title</h2></section>"
  },
  {
    "id": "wp-0102",
    "category": "HTML/WordPress Block",
    "tags": [
      "wordpress",
      "block"
    ],
    "last_updated": "2025-08-14",
    "block_name": "hero-102",
    "html_snippet": "<section class='hero'><h2>Title</h2></section>"
  },
  {
    "id": "wp-0103",
    "category": "HTML/WordPress Block",
    "tags": [
      "wordpress",
      "block"
    ],
    "last_updated": "2025-08-14",
    "block_name": "hero-103",
    "html_snippet": "<section class='hero'><h2>Title</h2></section>"
  },
  {
    "id": "wp-0104",
    "category": "HTML/WordPress Block",
    "tags": [
      "wordpress",
      "block"
    ],
    "last_updated": "2025-08-14",
    "block_name": "hero-104",
    "html_snippet": "<section class='hero'><h2>Title</h2></section>"
  },
  {
    "id": "wp-0105",
    "category": "HTML/WordPress Block",
    "tags": [
      "wordpress",
      "block"
    ],
    "last_updated": "2025-08-14",
    "block_name": "hero-105",
    "html_snippet": "<section class='hero'><h2>Title</h2></section>"
  },
  {
    "id": "wp-0106",
    "category": "HTML/WordPress Block",
    "tags": [
      "wordpress",
      "block"
    ],
    "last_updated": "2025-08-14",
    "block_name": "hero-106",
    "html_snippet": "<section class='hero'><h2>Title</h2></section>"
  },
  {
    "id": "wp-0107",
    "category": "HTML/WordPress Block",
    "tags": [
      "wordpress",
      "block"
    ],
    "last_updated": "2025-08-14",
    "block_name": "hero-107",
    "html_snippet": "<section class='hero'><h2>Title</h2></section>"
  },
  {
    "id": "wp-0108",
    "category": "HTML/WordPress Block",
    "tags": [
      "wordpress",
      "block"
    ],
    "last_updated": "2025-08-14",
    "block_name": "hero-108",
    "html_snippet": "<section class='hero'><h2>Title</h2></section>"
  },
  {
    "id": "wp-0109",
    "category": "HTML/WordPress Block",
    "tags": [
      "wordpress",
      "block"
    ],
    "last_updated": "2025-08-14",
    "block_name": "hero-109",
    "html_snippet": "<section class='hero'><h2>Title</h2></section>"
  },
  {
    "id": "wp-0110",
    "category": "HTML/WordPress Block",
    "tags": [
      "wordpress",
      "block"
    ],
    "last_updated": "2025-08-14",
    "block_name": "hero-110",
    "html_snippet": "<section class='hero'><h2>Title</h2></section>"
  },
  {
    "id": "wp-0111",
    "category": "HTML/WordPress Block",
    "tags": [
      "wordpress",
      "block"
    ],
    "last_updated": "2025-08-14",
    "block_name": "hero-111",
    "html_snippet": "<section class='hero'><h2>Title</h2></section>"
  },
  {
    "id": "wp-0112",
    "category": "HTML/WordPress Block",
    "tags": [
      "wordpress",
      "block"
    ],
    "last_updated": "2025-08-14",
    "block_name": "hero-112",
    "html_snippet": "<section class='hero'><h2>Title</h2></section>"
  },
  {
    "id": "wp-0113",
    "category": "HTML/WordPress Block",
    "tags": [
      "wordpress",
      "block"
    ],
    "last_updated": "2025-08-14",
    "block_name": "hero-113",
    "html_snippet": "<section class='hero'><h2>Title</h2></section>"
  },
  {
    "id": "wp-0114",
    "category": "HTML/WordPress Block",
    "tags": [
      "wordpress",
      "block"
    ],
    "last_updated": "2025-08-14",
    "block_name": "hero-114",
    "html_snippet": "<section class='hero'><h2>Title</h2></section>"
  },
  {
    "id": "wp-0115",
    "category": "HTML/WordPress Block",
    "tags": [
      "wordpress",
      "block"
    ],
    "last_updated": "2025-08-14",
    "block_name": "hero-115",
    "html_snippet": "<section class='hero'><h2>Title</h2></section>"
  },
  {
    "id": "wp-0116",
    "category": "HTML/WordPress Block",
    "tags": [
      "wordpress",
      "block"
    ],
    "last_updated": "2025-08-14",
    "block_name": "hero-116",
    "html_snippet": "<section class='hero'><h2>Title</h2></section>"
  },
  {
    "id": "wp-0117",
    "category": "HTML/WordPress Block",
    "tags": [
      "wordpress",
      "block"
    ],
    "last_updated": "2025-08-14",
    "block_name": "hero-117",
    "html_snippet": "<section class='hero'><h2>Title</h2></section>"
  },
  {
    "id": "wp-0118",
    "category": "HTML/WordPress Block",
    "tags": [
      "wordpress",
      "block"
    ],
    "last_updated": "2025-08-14",
    "block_name": "hero-118",
    "html_snippet": "<section class='hero'><h2>Title</h2></section>"
  },
  {
    "id": "wp-0119",
    "category": "HTML/WordPress Block",
    "tags": [
      "wordpress",
      "block"
    ],
    "last_updated": "2025-08-14",
    "block_name": "hero-119",
    "html_snippet": "<section class='hero'><h2>Title</h2></section>"
  },
  {
    "id": "wp-0120",
    "category": "HTML/WordPress Block",
    "tags": [
      "wordpress",
      "block"
    ],
    "last_updated": "2025-08-14",
    "block_name": "hero-120",
    "html_snippet": "<section class='hero'><h2>Title</h2></section>"
  },
  {
    "id": "wp-0121",
    "category": "HTML/WordPress Block",
    "tags": [
      "wordpress",
      "block"
    ],
    "last_updated": "2025-08-14",
    "block_name": "hero-121",
    "html_snippet": "<section class='hero'><h2>Title</h2></section>"
  },
  {
    "id": "wp-0122",
    "category": "HTML/WordPress Block",
    "tags": [
      "wordpress",
      "block"
    ],
    "last_updated": "2025-08-14",
    "block_name": "hero-122",
    "html_snippet": "<section class='hero'><h2>Title</h2></section>"
  },
  {
    "id": "wp-0123",
    "category": "HTML/WordPress Block",
    "tags": [
      "wordpress",
      "block"
    ],
    "last_updated": "2025-08-14",
    "block_name": "hero-123",
    "html_snippet": "<section class='hero'><h2>Title</h2></section>"
  },
  {
    "id": "wp-0124",
    "category": "HTML/WordPress Block",
    "tags": [
      "wordpress",
      "block"
    ],
    "last_updated": "2025-08-14",
    "block_name": "hero-124",
    "html_snippet": "<section class='hero'><h2>Title</h2></section>"
  },
  {
    "id": "wp-0125",
    "category": "HTML/WordPress Block",
    "tags": [
      "wordpress",
      "block"
    ],
    "last_updated": "2025-08-14",
    "block_name": "hero-125",
    "html_snippet": "<section class='hero'><h2>Title</h2></section>"
  },
  {
    "id": "wp-0126",
    "category": "HTML/WordPress Block",
    "tags": [
      "wordpress",
      "block"
    ],
    "last_updated": "2025-08-14",
    "block_name": "hero-126",
    "html_snippet": "<section class='hero'><h2>Title</h2></section>"
  },
  {
    "id": "wp-0127",
    "category": "HTML/WordPress Block",
    "tags": [
      "wordpress",
      "block"
    ],
    "last_updated": "2025-08-14",
    "block_name": "hero-127",
    "html_snippet": "<section class='hero'><h2>Title</h2></section>"
  },
  {
    "id": "wp-0128",
    "category": "HTML/WordPress Block",
    "tags": [
      "wordpress",
      "block"
    ],
    "last_updated": "2025-08-14",
    "block_name": "hero-128",
    "html_snippet": "<section class='hero'><h2>Title</h2></section>"
  },
  {
    "id": "wp-0129",
    "category": "HTML/WordPress Block",
    "tags": [
      "wordpress",
      "block"
    ],
    "last_updated": "2025-08-14",
    "block_name": "hero-129",
    "html_snippet": "<section class='hero'><h2>Title</h2></section>"
  },
  {
    "id": "wp-0130",
    "category": "HTML/WordPress Block",
    "tags": [
      "wordpress",
      "block"
    ],
    "last_updated": "2025-08-14",
    "block_name": "hero-130",
    "html_snippet": "<section class='hero'><h2>Title</h2></section>"
  },
  {
    "id": "wp-0131",
    "category": "HTML/WordPress Block",
    "tags": [
      "wordpress",
      "block"
    ],
    "last_updated": "2025-08-14",
    "block_name": "hero-131",
    "html_snippet": "<section class='hero'><h2>Title</h2></section>"
  },
  {
    "id": "wp-0132",
    "category": "HTML/WordPress Block",
    "tags": [
      "wordpress",
      "block"
    ],
    "last_updated": "2025-08-14",
    "block_name": "hero-132",
    "html_snippet": "<section class='hero'><h2>Title</h2></section>"
  },
  {
    "id": "wp-0133",
    "category": "HTML/WordPress Block",
    "tags": [
      "wordpress",
      "block"
    ],
    "last_updated": "2025-08-14",
    "block_name": "hero-133",
    "html_snippet": "<section class='hero'><h2>Title</h2></section>"
  },
  {
    "id": "wp-0134",
    "category": "HTML/WordPress Block",
    "tags": [
      "wordpress",
      "block"
    ],
    "last_updated": "2025-08-14",
    "block_name": "hero-134",
    "html_snippet": "<section class='hero'><h2>Title</h2></section>"
  },
  {
    "id": "wp-0135",
    "category": "HTML/WordPress Block",
    "tags": [
      "wordpress",
      "block"
    ],
    "last_updated": "2025-08-14",
    "block_name": "hero-135",
    "html_snippet": "<section class='hero'><h2>Title</h2></section>"
  },
  {
    "id": "wp-0136",
    "category": "HTML/WordPress Block",
    "tags": [
      "wordpress",
      "block"
    ],
    "last_updated": "2025-08-14",
    "block_name": "hero-136",
    "html_snippet": "<section class='hero'><h2>Title</h2></section>"
  },
  {
    "id": "wp-0137",
    "category": "HTML/WordPress Block",
    "tags": [
      "wordpress",
      "block"
    ],
    "last_updated": "2025-08-14",
    "block_name": "hero-137",
    "html_snippet": "<section class='hero'><h2>Title</h2></section>"
  },
  {
    "id": "wp-0138",
    "category": "HTML/WordPress Block",
    "tags": [
      "wordpress",
      "block"
    ],
    "last_updated": "2025-08-14",
    "block_name": "hero-138",
    "html_snippet": "<section class='hero'><h2>Title</h2></section>"
  },
  {
    "id": "wp-0139",
    "category": "HTML/WordPress Block",
    "tags": [
      "wordpress",
      "block"
    ],
    "last_updated": "2025-08-14",
    "block_name": "hero-139",
    "html_snippet": "<section class='hero'><h2>Title</h2></section>"
  },
  {
    "id": "wp-0140",
    "category": "HTML/WordPress Block",
    "tags": [
      "wordpress",
      "block"
    ],
    "last_updated": "2025-08-14",
    "block_name": "hero-140",
    "html_snippet": "<section class='hero'><h2>Title</h2></section>"
  },
  {
    "id": "wp-0141",
    "category": "HTML/WordPress Block",
    "tags": [
      "wordpress",
      "block"
    ],
    "last_updated": "2025-08-14",
    "block_name": "hero-141",
    "html_snippet": "<section class='hero'><h2>Title</h2></section>"
  },
  {
    "id": "wp-0142",
    "category": "HTML/WordPress Block",
    "tags": [
      "wordpress",
      "block"
    ],
    "last_updated": "2025-08-14",
    "block_name": "hero-142",
    "html_snippet": "<section class='hero'><h2>Title</h2></section>"
  },
  {
    "id": "wp-0143",
    "category": "HTML/WordPress Block",
    "tags": [
      "wordpress",
      "block"
    ],
    "last_updated": "2025-08-14",
    "block_name": "hero-143",
    "html_snippet": "<section class='hero'><h2>Title</h2></section>"
  },
  {
    "id": "wp-0144",
    "category": "HTML/WordPress Block",
    "tags": [
      "wordpress",
      "block"
    ],
    "last_updated": "2025-08-14",
    "block_name": "hero-144",
    "html_snippet": "<section class='hero'><h2>Title</h2></section>"
  },
  {
    "id": "wp-0145",
    "category": "HTML/WordPress Block",
    "tags": [
      "wordpress",
      "block"
    ],
    "last_updated": "2025-08-14",
    "block_name": "hero-145",
    "html_snippet": "<section class='hero'><h2>Title</h2></section>"
  },
  {
    "id": "wp-0146",
    "category": "HTML/WordPress Block",
    "tags": [
      "wordpress",
      "block"
    ],
    "last_updated": "2025-08-14",
    "block_name": "hero-146",
    "html_snippet": "<section class='hero'><h2>Title</h2></section>"
  },
  {
    "id": "wp-0147",
    "category": "HTML/WordPress Block",
    "tags": [
      "wordpress",
      "block"
    ],
    "last_updated": "2025-08-14",
    "block_name": "hero-147",
    "html_snippet": "<section class='hero'><h2>Title</h2></section>"
  },
  {
    "id": "wp-0148",
    "category": "HTML/WordPress Block",
    "tags": [
      "wordpress",
      "block"
    ],
    "last_updated": "2025-08-14",
    "block_name": "hero-148",
    "html_snippet": "<section class='hero'><h2>Title</h2></section>"
  },
  {
    "id": "wp-0149",
    "category": "HTML/WordPress Block",
    "tags": [
      "wordpress",
      "block"
    ],
    "last_updated": "2025-08-14",
    "block_name": "hero-149",
    "html_snippet": "<section class='hero'><h2>Title</h2></section>"
  },
  {
    "id": "wp-0150",
    "category": "HTML/WordPress Block",
    "tags": [
      "wordpress",
      "block"
    ],
    "last_updated": "2025-08-14",
    "block_name": "hero-150",
    "html_snippet": "<section class='hero'><h2>Title</h2></section>"
  },
  {
    "id": "wp-0151",
    "category": "HTML/WordPress Block",
    "tags": [
      "wordpress",
      "block"
    ],
    "last_updated": "2025-08-14",
    "block_name": "hero-151",
    "html_snippet": "<section class='hero'><h2>Title</h2></section>"
  },
  {
    "id": "wp-0152",
    "category": "HTML/WordPress Block",
    "tags": [
      "wordpress",
      "block"
    ],
    "last_updated": "2025-08-14",
    "block_name": "hero-152",
    "html_snippet": "<section class='hero'><h2>Title</h2></section>"
  },
  {
    "id": "wp-0153",
    "category": "HTML/WordPress Block",
    "tags": [
      "wordpress",
      "block"
    ],
    "last_updated": "2025-08-14",
    "block_name": "hero-153",
    "html_snippet": "<section class='hero'><h2>Title</h2></section>"
  },
  {
    "id": "wp-0154",
    "category": "HTML/WordPress Block",
    "tags": [
      "wordpress",
      "block"
    ],
    "last_updated": "2025-08-14",
    "block_name": "hero-154",
    "html_snippet": "<section class='hero'><h2>Title</h2></section>"
  },
  {
    "id": "wp-0155",
    "category": "HTML/WordPress Block",
    "tags": [
      "wordpress",
      "block"
    ],
    "last_updated": "2025-08-14",
    "block_name": "hero-155",
    "html_snippet": "<section class='hero'><h2>Title</h2></section>"
  },
  {
    "id": "wp-0156",
    "category": "HTML/WordPress Block",
    "tags": [
      "wordpress",
      "block"
    ],
    "last_updated": "2025-08-14",
    "block_name": "hero-156",
    "html_snippet": "<section class='hero'><h2>Title</h2></section>"
  },
  {
    "id": "wp-0157",
    "category": "HTML/WordPress Block",
    "tags": [
      "wordpress",
      "block"
    ],
    "last_updated": "2025-08-14",
    "block_name": "hero-157",
    "html_snippet": "<section class='hero'><h2>Title</h2></section>"
  },
  {
    "id": "wp-0158",
    "category": "HTML/WordPress Block",
    "tags": [
      "wordpress",
      "block"
    ],
    "last_updated": "2025-08-14",
    "block_name": "hero-158",
    "html_snippet": "<section class='hero'><h2>Title</h2></section>"
  },
  {
    "id": "wp-0159",
    "category": "HTML/WordPress Block",
    "tags": [
      "wordpress",
      "block"
    ],
    "last_updated": "2025-08-14",
    "block_name": "hero-159",
    "html_snippet": "<section class='hero'><h2>Title</h2></section>"
  },
  {
    "id": "wp-0160",
    "category": "HTML/WordPress Block",
    "tags": [
      "wordpress",
      "block"
    ],
    "last_updated": "2025-08-14",
    "block_name": "hero-160",
    "html_snippet": "<section class='hero'><h2>Title</h2></section>"
  },
  {
    "id": "wp-0161",
    "category": "HTML/WordPress Block",
    "tags": [
      "wordpress",
      "block"
    ],
    "last_updated": "2025-08-14",
    "block_name": "hero-161",
    "html_snippet": "<section class='hero'><h2>Title</h2></section>"
  },
  {
    "id": "wp-0162",
    "category": "HTML/WordPress Block",
    "tags": [
      "wordpress",
      "block"
    ],
    "last_updated": "2025-08-14",
    "block_name": "hero-162",
    "html_snippet": "<section class='hero'><h2>Title</h2></section>"
  },
  {
    "id": "wp-0163",
    "category": "HTML/WordPress Block",
    "tags": [
      "wordpress",
      "block"
    ],
    "last_updated": "2025-08-14",
    "block_name": "hero-163",
    "html_snippet": "<section class='hero'><h2>Title</h2></section>"
  },
  {
    "id": "wp-0164",
    "category": "HTML/WordPress Block",
    "tags": [
      "wordpress",
      "block"
    ],
    "last_updated": "2025-08-14",
    "block_name": "hero-164",
    "html_snippet": "<section class='hero'><h2>Title</h2></section>"
  },
  {
    "id": "wp-0165",
    "category": "HTML/WordPress Block",
    "tags": [
      "wordpress",
      "block"
    ],
    "last_updated": "2025-08-14",
    "block_name": "hero-165",
    "html_snippet": "<section class='hero'><h2>Title</h2></section>"
  },
  {
    "id": "wp-0166",
    "category": "HTML/WordPress Block",
    "tags": [
      "wordpress",
      "block"
    ],
    "last_updated": "2025-08-14",
    "block_name": "hero-166",
    "html_snippet": "<section class='hero'><h2>Title</h2></section>"
  },
  {
    "id": "wp-0167",
    "category": "HTML/WordPress Block",
    "tags": [
      "wordpress",
      "block"
    ],
    "last_updated": "2025-08-14",
    "block_name": "hero-167",
    "html_snippet": "<section class='hero'><h2>Title</h2></section>"
  },
  {
    "id": "wp-0168",
    "category": "HTML/WordPress Block",
    "tags": [
      "wordpress",
      "block"
    ],
    "last_updated": "2025-08-14",
    "block_name": "hero-168",
    "html_snippet": "<section class='hero'><h2>Title</h2></section>"
  },
  {
    "id": "wp-0169",
    "category": "HTML/WordPress Block",
    "tags": [
      "wordpress",
      "block"
    ],
    "last_updated": "2025-08-14",
    "block_name": "hero-169",
    "html_snippet": "<section class='hero'><h2>Title</h2></section>"
  },
  {
    "id": "wp-0170",
    "category": "HTML/WordPress Block",
    "tags": [
      "wordpress",
      "block"
    ],
    "last_updated": "2025-08-14",
    "block_name": "hero-170",
    "html_snippet": "<section class='hero'><h2>Title</h2></section>"
  },
  {
    "id": "wp-0171",
    "category": "HTML/WordPress Block",
    "tags": [
      "wordpress",
      "block"
    ],
    "last_updated": "2025-08-14",
    "block_name": "hero-171",
    "html_snippet": "<section class='hero'><h2>Title</h2></section>"
  },
  {
    "id": "wp-0172",
    "category": "HTML/WordPress Block",
    "tags": [
      "wordpress",
      "block"
    ],
    "last_updated": "2025-08-14",
    "block_name": "hero-172",
    "html_snippet": "<section class='hero'><h2>Title</h2></section>"
  },
  {
    "id": "wp-0173",
    "category": "HTML/WordPress Block",
    "tags": [
      "wordpress",
      "block"
    ],
    "last_updated": "2025-08-14",
    "block_name": "hero-173",
    "html_snippet": "<section class='hero'><h2>Title</h2></section>"
  },
  {
    "id": "wp-0174",
    "category": "HTML/WordPress Block",
    "tags": [
      "wordpress",
      "block"
    ],
    "last_updated": "2025-08-14",
    "block_name": "hero-174",
    "html_snippet": "<section class='hero'><h2>Title</h2></section>"
  },
  {
    "id": "wp-0175",
    "category": "HTML/WordPress Block",
    "tags": [
      "wordpress",
      "block"
    ],
    "last_updated": "2025-08-14",
    "block_name": "hero-175",
    "html_snippet": "<section class='hero'><h2>Title</h2></section>"
  },
  {
    "id": "wp-0176",
    "category": "HTML/WordPress Block",
    "tags": [
      "wordpress",
      "block"
    ],
    "last_updated": "2025-08-14",
    "block_name": "hero-176",
    "html_snippet": "<section class='hero'><h2>Title</h2></section>"
  },
  {
    "id": "wp-0177",
    "category": "HTML/WordPress Block",
    "tags": [
      "wordpress",
      "block"
    ],
    "last_updated": "2025-08-14",
    "block_name": "hero-177",
    "html_snippet": "<section class='hero'><h2>Title</h2></section>"
  },
  {
    "id": "wp-0178",
    "category": "HTML/WordPress Block",
    "tags": [
      "wordpress",
      "block"
    ],
    "last_updated": "2025-08-14",
    "block_name": "hero-178",
    "html_snippet": "<section class='hero'><h2>Title</h2></section>"
  },
  {
    "id": "wp-0179",
    "category": "HTML/WordPress Block",
    "tags": [
      "wordpress",
      "block"
    ],
    "last_updated": "2025-08-14",
    "block_name": "hero-179",
    "html_snippet": "<section class='hero'><h2>Title</h2></section>"
  },
  {
    "id": "wp-0180",
    "category": "HTML/WordPress Block",
    "tags": [
      "wordpress",
      "block"
    ],
    "last_updated": "2025-08-14",
    "block_name": "hero-180",
    "html_snippet": "<section class='hero'><h2>Title</h2></section>"
  },
  {
    "id": "wp-0181",
    "category": "HTML/WordPress Block",
    "tags": [
      "wordpress",
      "block"
    ],
    "last_updated": "2025-08-14",
    "block_name": "hero-181",
    "html_snippet": "<section class='hero'><h2>Title</h2></section>"
  },
  {
    "id": "wp-0182",
    "category": "HTML/WordPress Block",
    "tags": [
      "wordpress",
      "block"
    ],
    "last_updated": "2025-08-14",
    "block_name": "hero-182",
    "html_snippet": "<section class='hero'><h2>Title</h2></section>"
  },
  {
    "id": "wp-0183",
    "category": "HTML/WordPress Block",
    "tags": [
      "wordpress",
      "block"
    ],
    "last_updated": "2025-08-14",
    "block_name": "hero-183",
    "html_snippet": "<section class='hero'><h2>Title</h2></section>"
  },
  {
    "id": "wp-0184",
    "category": "HTML/WordPress Block",
    "tags": [
      "wordpress",
      "block"
    ],
    "last_updated": "2025-08-14",
    "block_name": "hero-184",
    "html_snippet": "<section class='hero'><h2>Title</h2></section>"
  },
  {
    "id": "wp-0185",
    "category": "HTML/WordPress Block",
    "tags": [
      "wordpress",
      "block"
    ],
    "last_updated": "2025-08-14",
    "block_name": "hero-185",
    "html_snippet": "<section class='hero'><h2>Title</h2></section>"
  },
  {
    "id": "wp-0186",
    "category": "HTML/WordPress Block",
    "tags": [
      "wordpress",
      "block"
    ],
    "last_updated": "2025-08-14",
    "block_name": "hero-186",
    "html_snippet": "<section class='hero'><h2>Title</h2></section>"
  },
  {
    "id": "wp-0187",
    "category": "HTML/WordPress Block",
    "tags": [
      "wordpress",
      "block"
    ],
    "last_updated": "2025-08-14",
    "block_name": "hero-187",
    "html_snippet": "<section class='hero'><h2>Title</h2></section>"
  },
  {
    "id": "wp-0188",
    "category": "HTML/WordPress Block",
    "tags": [
      "wordpress",
      "block"
    ],
    "last_updated": "2025-08-14",
    "block_name": "hero-188",
    "html_snippet": "<section class='hero'><h2>Title</h2></section>"
  },
  {
    "id": "wp-0189",
    "category": "HTML/WordPress Block",
    "tags": [
      "wordpress",
      "block"
    ],
    "last_updated": "2025-08-14",
    "block_name": "hero-189",
    "html_snippet": "<section class='hero'><h2>Title</h2></section>"
  },
  {
    "id": "wp-0190",
    "category": "HTML/WordPress Block",
    "tags": [
      "wordpress",
      "block"
    ],
    "last_updated": "2025-08-14",
    "block_name": "hero-190",
    "html_snippet": "<section class='hero'><h2>Title</h2></section>"
  },
  {
    "id": "wp-0191",
    "category": "HTML/WordPress Block",
    "tags": [
      "wordpress",
      "block"
    ],
    "last_updated": "2025-08-14",
    "block_name": "hero-191",
    "html_snippet": "<section class='hero'><h2>Title</h2></section>"
  },
  {
    "id": "wp-0192",
    "category": "HTML/WordPress Block",
    "tags": [
      "wordpress",
      "block"
    ],
    "last_updated": "2025-08-14",
    "block_name": "hero-192",
    "html_snippet": "<section class='hero'><h2>Title</h2></section>"
  },
  {
    "id": "wp-0193",
    "category": "HTML/WordPress Block",
    "tags": [
      "wordpress",
      "block"
    ],
    "last_updated": "2025-08-14",
    "block_name": "hero-193",
    "html_snippet": "<section class='hero'><h2>Title</h2></section>"
  },
  {
    "id": "wp-0194",
    "category": "HTML/WordPress Block",
    "tags": [
      "wordpress",
      "block"
    ],
    "last_updated": "2025-08-14",
    "block_name": "hero-194",
    "html_snippet": "<section class='hero'><h2>Title</h2></section>"
  },
  {
    "id": "wp-0195",
    "category": "HTML/WordPress Block",
    "tags": [
      "wordpress",
      "block"
    ],
    "last_updated": "2025-08-14",
    "block_name": "hero-195",
    "html_snippet": "<section class='hero'><h2>Title</h2></section>"
  },
  {
    "id": "wp-0196",
    "category": "HTML/WordPress Block",
    "tags": [
      "wordpress",
      "block"
    ],
    "last_updated": "2025-08-14",
    "block_name": "hero-196",
    "html_snippet": "<section class='hero'><h2>Title</h2></section>"
  },
  {
    "id": "wp-0197",
    "category": "HTML/WordPress Block",
    "tags": [
      "wordpress",
      "block"
    ],
    "last_updated": "2025-08-14",
    "block_name": "hero-197",
    "html_snippet": "<section class='hero'><h2>Title</h2></section>"
  },
  {
    "id": "wp-0198",
    "category": "HTML/WordPress Block",
    "tags": [
      "wordpress",
      "block"
    ],
    "last_updated": "2025-08-14",
    "block_name": "hero-198",
    "html_snippet": "<section class='hero'><h2>Title</h2></section>"
  },
  {
    "id": "wp-0199",
    "category": "HTML/WordPress Block",
    "tags": [
      "wordpress",
      "block"
    ],
    "last_updated": "2025-08-14",
    "block_name": "hero-199",
    "html_snippet": "<section class='hero'><h2>Title</h2></section>"
  },
  {
    "id": "wp-0200",
    "category": "HTML/WordPress Block",
    "tags": [
      "wordpress",
      "block"
    ],
    "last_updated": "2025-08-14",
    "block_name": "hero-200",
    "html_snippet": "<section class='hero'><h2>Title</h2></section>"
  },
  {
    "id": "wp-0201",
    "category": "HTML/WordPress Block",
    "tags": [
      "wordpress",
      "block"
    ],
    "last_updated": "2025-08-14",
    "block_name": "hero-201",
    "html_snippet": "<section class='hero'><h2>Title</h2></section>"
  },
  {
    "id": "wp-0202",
    "category": "HTML/WordPress Block",
    "tags": [
      "wordpress",
      "block"
    ],
    "last_updated": "2025-08-14",
    "block_name": "hero-202",
    "html_snippet": "<section class='hero'><h2>Title</h2></section>"
  },
  {
    "id": "wp-0203",
    "category": "HTML/WordPress Block",
    "tags": [
      "wordpress",
      "block"
    ],
    "last_updated": "2025-08-14",
    "block_name": "hero-203",
    "html_snippet": "<section class='hero'><h2>Title</h2></section>"
  },
  {
    "id": "wp-0204",
    "category": "HTML/WordPress Block",
    "tags": [
      "wordpress",
      "block"
    ],
    "last_updated": "2025-08-14",
    "block_name": "hero-204",
    "html_snippet": "<section class='hero'><h2>Title</h2></section>"
  },
  {
    "id": "wp-0205",
    "category": "HTML/WordPress Block",
    "tags": [
      "wordpress",
      "block"
    ],
    "last_updated": "2025-08-14",
    "block_name": "hero-205",
    "html_snippet": "<section class='hero'><h2>Title</h2></section>"
  },
  {
    "id": "wp-0206",
    "category": "HTML/WordPress Block",
    "tags": [
      "wordpress",
      "block"
    ],
    "last_updated": "2025-08-14",
    "block_name": "hero-206",
    "html_snippet": "<section class='hero'><h2>Title</h2></section>"
  },
  {
    "id": "wp-0207",
    "category": "HTML/WordPress Block",
    "tags": [
      "wordpress",
      "block"
    ],
    "last_updated": "2025-08-14",
    "block_name": "hero-207",
    "html_snippet": "<section class='hero'><h2>Title</h2></section>"
  },
  {
    "id": "wp-0208",
    "category": "HTML/WordPress Block",
    "tags": [
      "wordpress",
      "block"
    ],
    "last_updated": "2025-08-14",
    "block_name": "hero-208",
    "html_snippet": "<section class='hero'><h2>Title</h2></section>"
  },
  {
    "id": "wp-0209",
    "category": "HTML/WordPress Block",
    "tags": [
      "wordpress",
      "block"
    ],
    "last_updated": "2025-08-14",
    "block_name": "hero-209",
    "html_snippet": "<section class='hero'><h2>Title</h2></section>"
  },
  {
    "id": "wp-0210",
    "category": "HTML/WordPress Block",
    "tags": [
      "wordpress",
      "block"
    ],
    "last_updated": "2025-08-14",
    "block_name": "hero-210",
    "html_snippet": "<section class='hero'><h2>Title</h2></section>"
  },
  {
    "id": "wp-0211",
    "category": "HTML/WordPress Block",
    "tags": [
      "wordpress",
      "block"
    ],
    "last_updated": "2025-08-14",
    "block_name": "hero-211",
    "html_snippet": "<section class='hero'><h2>Title</h2></section>"
  },
  {
    "id": "wp-0212",
    "category": "HTML/WordPress Block",
    "tags": [
      "wordpress",
      "block"
    ],
    "last_updated": "2025-08-14",
    "block_name": "hero-212",
    "html_snippet": "<section class='hero'><h2>Title</h2></section>"
  },
  {
    "id": "wp-0213",
    "category": "HTML/WordPress Block",
    "tags": [
      "wordpress",
      "block"
    ],
    "last_updated": "2025-08-14",
    "block_name": "hero-213",
    "html_snippet": "<section class='hero'><h2>Title</h2></section>"
  },
  {
    "id": "wp-0214",
    "category": "HTML/WordPress Block",
    "tags": [
      "wordpress",
      "block"
    ],
    "last_updated": "2025-08-14",
    "block_name": "hero-214",
    "html_snippet": "<section class='hero'><h2>Title</h2></section>"
  },
  {
    "id": "wp-0215",
    "category": "HTML/WordPress Block",
    "tags": [
      "wordpress",
      "block"
    ],
    "last_updated": "2025-08-14",
    "block_name": "hero-215",
    "html_snippet": "<section class='hero'><h2>Title</h2></section>"
  },
  {
    "id": "wp-0216",
    "category": "HTML/WordPress Block",
    "tags": [
      "wordpress",
      "block"
    ],
    "last_updated": "2025-08-14",
    "block_name": "hero-216",
    "html_snippet": "<section class='hero'><h2>Title</h2></section>"
  },
  {
    "id": "wp-0217",
    "category": "HTML/WordPress Block",
    "tags": [
      "wordpress",
      "block"
    ],
    "last_updated": "2025-08-14",
    "block_name": "hero-217",
    "html_snippet": "<section class='hero'><h2>Title</h2></section>"
  },
  {
    "id": "wp-0218",
    "category": "HTML/WordPress Block",
    "tags": [
      "wordpress",
      "block"
    ],
    "last_updated": "2025-08-14",
    "block_name": "hero-218",
    "html_snippet": "<section class='hero'><h2>Title</h2></section>"
  },
  {
    "id": "wp-0219",
    "category": "HTML/WordPress Block",
    "tags": [
      "wordpress",
      "block"
    ],
    "last_updated": "2025-08-14",
    "block_name": "hero-219",
    "html_snippet": "<section class='hero'><h2>Title</h2></section>"
  },
  {
    "id": "wp-0220",
    "category": "HTML/WordPress Block",
    "tags": [
      "wordpress",
      "block"
    ],
    "last_updated": "2025-08-14",
    "block_name": "hero-220",
    "html_snippet": "<section class='hero'><h2>Title</h2></section>"
  }
]