[
  {
    "file": "Product_Label_Dataset.json",
    "description": "Product Label Dataset",
    "entries": 220,
    "last_updated": "2025-08-14"
  },
  {
    "file": "Franchise_Packet_Dataset.json",
    "description": "Franchise Packet Dataset",
    "entries": 220,
    "last_updated": "2025-08-14"
  },
  {
    "file": "Marketing_Assets_Dataset.json",
    "description": "Marketing Assets Dataset",
    "entries": 220,
    "last_updated": "2025-08-14"
  },
  {
    "file": "Sponsorship_Dataset.json",
    "description": "Sponsorship Dataset",
    "entries": 220,
    "last_updated": "2025-08-14"
  },
  {
    "file": "Show_Script_Dataset.json",
    "description": "Show Script Dataset",
    "entries": 220,
    "last_updated": "2025-08-14"
  },
  {
    "file": "Outreach_Dataset.json",
    "description": "Outreach Dataset",
    "entries": 220,
    "last_updated": "2025-08-14"
  },
  {
    "file": "Website_Content_Dataset.json",
    "description": "Website Content Dataset",
    "entries": 220,
    "last_updated": "2025-08-14"
  },
  {
    "file": "Project_Metadata_Dataset.json",
    "description": "Project Metadata Dataset",
    "entries": 220,
    "last_updated": "2025-08-14"
  },
  {
    "file": "Payout_Logic_Dataset.json",
    "description": "Payout Logic Dataset",
    "entries": 220,
    "last_updated": "2025-08-14"
  },
  {
    "file": "RNG_Simulation_Dataset.json",
    "description": "RNG Simulation Dataset",
    "entries": 220,
    "last_updated": "2025-08-14"
  },
  {
    "file": "UI_Asset_Map.json",
    "description": "UI Asset Map",
    "entries": 220,
    "last_updated": "2025-08-14"
  },
  {
    "file": "Voice_Command_AR_Dataset.json",
    "description": "Voice Command AR Dataset",
    "entries": 220,
    "last_updated": "2025-08-14"
  },
  {
    "file": "Feature_Dataset.json",
    "description": "Feature Dataset",
    "entries": 220,
    "last_updated": "2025-08-14"
  },
  {
    "file": "Branding_Dataset.json",
    "description": "Branding Dataset",
    "entries": 220,
    "last_updated": "2025-08-14"
  },
  {
    "file": "Affiliate_Commission_Dataset.json",
    "description": "Affiliate Commission Dataset",
    "entries": 220,
    "last_updated": "2025-08-14"
  },
  {
    "file": "Email_Templates_Dataset.json",
    "description": "Email Templates Dataset",
    "entries": 220,
    "last_updated": "2025-08-14"
  },
  {
    "file": "Song_Transition_Rules_Dataset.json",
    "description": "Song Transition Rules Dataset",
    "entries": 220,
    "last_updated": "2025-08-14"
  },
  {
    "file": "Host_Approval_Logic_Dataset.json",
    "description": "Host Approval Logic Dataset",
    "entries": 220,
    "last_updated": "2025-08-14"
  },
  {
    "file": "Character_Profile_Dataset.json",
    "description": "Character Profile Dataset",
    "entries": 220,
    "last_updated": "2025-08-14"
  },
  {
    "file": "Scene_Setting_Dataset.json",
    "description": "Scene Setting Dataset",
    "entries": 220,
    "last_updated": "2025-08-14"
  },
  {
    "file": "Story_Bible_Dataset.json",
    "description": "Story Bible Dataset",
    "entries": 220,
    "last_updated": "2025-08-14"
  },
  {
    "file": "Scientific_Accuracy_Dataset.json",
    "description": "Scientific Accuracy Dataset",
    "entries": 220,
    "last_updated": "2025-08-14"
  },
  {
    "file": "HTML_WordPress_Block_Dataset.json",
    "description": "HTML WordPress Block Dataset",
    "entries": 220,
    "last_updated": "2025-08-14"
  },
  {
    "file": "API_Integration_Dataset.json",
    "description": "API Integration Dataset",
    "entries": 220,
    "last_updated": "2025-08-14"
  },
  {
    "file": "Automation_Script_Dataset.json",
    "description": "Automation Script Dataset",
    "entries": 220,
    "last_updated": "2025-08-14"
  },
  {
    "file": "Ad_Copy_Dataset.json",
    "description": "Ad Copy Dataset",
    "entries": 220,
    "last_updated": "2025-08-14"
  },
  {
    "file": "Legal_Templates_Dataset.json",
    "description": "Legal Templates Dataset",
    "entries": 220,
    "last_updated": "2025-08-14"
  },
  {
    "file": "Market_Research_Dataset.json",
    "description": "Market Research Dataset",
    "entries": 240,
    "last_updated": "2025-08-14"
  },
  {
    "file": "Idea_Bank_Dataset.json",
    "description": "Idea Bank Dataset",
    "entries": 240,
    "last_updated": "2025-08-14"
  },
  {
    "file": "National_Resource_Dataset.json",
    "description": "National Resource Dataset",
    "entries": 240,
    "last_updated": "2025-08-14"
  }
]