[
  {
    "id": "rng-0001",
    "category": "RNG & Simulation",
    "tags": [
      "simulation"
    ],
    "last_updated": "2025-08-14",
    "seed": 1000001,
    "validation_runs": 1000000
  },
  {
    "id": "rng-0002",
    "category": "RNG & Simulation",
    "tags": [
      "simulation"
    ],
    "last_updated": "2025-08-14",
    "seed": 1000002,
    "validation_runs": 1000000
  },
  {
    "id": "rng-0003",
    "category": "RNG & Simulation",
    "tags": [
      "simulation"
    ],
    "last_updated": "2025-08-14",
    "seed": 1000003,
    "validation_runs": 1000000
  },
  {
    "id": "rng-0004",
    "category": "RNG & Simulation",
    "tags": [
      "simulation"
    ],
    "last_updated": "2025-08-14",
    "seed": 1000004,
    "validation_runs": 1000000
  },
  {
    "id": "rng-0005",
    "category": "RNG & Simulation",
    "tags": [
      "simulation"
    ],
    "last_updated": "2025-08-14",
    "seed": 1000005,
    "validation_runs": 1000000
  },
  {
    "id": "rng-0006",
    "category": "RNG & Simulation",
    "tags": [
      "simulation"
    ],
    "last_updated": "2025-08-14",
    "seed": 1000006,
    "validation_runs": 1000000
  },
  {
    "id": "rng-0007",
    "category": "RNG & Simulation",
    "tags": [
      "simulation"
    ],
    "last_updated": "2025-08-14",
    "seed": 1000007,
    "validation_runs": 1000000
  },
  {
    "id": "rng-0008",
    "category": "RNG & Simulation",
    "tags": [
      "simulation"
    ],
    "last_updated": "2025-08-14",
    "seed": 1000008,
    "validation_runs": 1000000
  },
  {
    "id": "rng-0009",
    "category": "RNG & Simulation",
    "tags": [
      "simulation"
    ],
    "last_updated": "2025-08-14",
    "seed": 1000009,
    "validation_runs": 1000000
  },
  {
    "id": "rng-0010",
    "category": "RNG & Simulation",
    "tags": [
      "simulation"
    ],
    "last_updated": "2025-08-14",
    "seed": 1000010,
    "validation_runs": 1000000
  },
  {
    "id": "rng-0011",
    "category": "RNG & Simulation",
    "tags": [
      "simulation"
    ],
    "last_updated": "2025-08-14",
    "seed": 1000011,
    "validation_runs": 1000000
  },
  {
    "id": "rng-0012",
    "category": "RNG & Simulation",
    "tags": [
      "simulation"
    ],
    "last_updated": "2025-08-14",
    "seed": 1000012,
    "validation_runs": 1000000
  },
  {
    "id": "rng-0013",
    "category": "RNG & Simulation",
    "tags": [
      "simulation"
    ],
    "last_updated": "2025-08-14",
    "seed": 1000013,
    "validation_runs": 1000000
  },
  {
    "id": "rng-0014",
    "category": "RNG & Simulation",
    "tags": [
      "simulation"
    ],
    "last_updated": "2025-08-14",
    "seed": 1000014,
    "validation_runs": 1000000
  },
  {
    "id": "rng-0015",
    "category": "RNG & Simulation",
    "tags": [
      "simulation"
    ],
    "last_updated": "2025-08-14",
    "seed": 1000015,
    "validation_runs": 1000000
  },
  {
    "id": "rng-0016",
    "category": "RNG & Simulation",
    "tags": [
      "simulation"
    ],
    "last_updated": "2025-08-14",
    "seed": 1000016,
    "validation_runs": 1000000
  },
  {
    "id": "rng-0017",
    "category": "RNG & Simulation",
    "tags": [
      "simulation"
    ],
    "last_updated": "2025-08-14",
    "seed": 1000017,
    "validation_runs": 1000000
  },
  {
    "id": "rng-0018",
    "category": "RNG & Simulation",
    "tags": [
      "simulation"
    ],
    "last_updated": "2025-08-14",
    "seed": 1000018,
    "validation_runs": 1000000
  },
  {
    "id": "rng-0019",
    "category": "RNG & Simulation",
    "tags": [
      "simulation"
    ],
    "last_updated": "2025-08-14",
    "seed": 1000019,
    "validation_runs": 1000000
  },
  {
    "id": "rng-0020",
    "category": "RNG & Simulation",
    "tags": [
      "simulation"
    ],
    "last_updated": "2025-08-14",
    "seed": 1000020,
    "validation_runs": 1000000
  },
  {
    "id": "rng-0021",
    "category": "RNG & Simulation",
    "tags": [
      "simulation"
    ],
    "last_updated": "2025-08-14",
    "seed": 1000021,
    "validation_runs": 1000000
  },
  {
    "id": "rng-0022",
    "category": "RNG & Simulation",
    "tags": [
      "simulation"
    ],
    "last_updated": "2025-08-14",
    "seed": 1000022,
    "validation_runs": 1000000
  },
  {
    "id": "rng-0023",
    "category": "RNG & Simulation",
    "tags": [
      "simulation"
    ],
    "last_updated": "2025-08-14",
    "seed": 1000023,
    "validation_runs": 1000000
  },
  {
    "id": "rng-0024",
    "category": "RNG & Simulation",
    "tags": [
      "simulation"
    ],
    "last_updated": "2025-08-14",
    "seed": 1000024,
    "validation_runs": 1000000
  },
  {
    "id": "rng-0025",
    "category": "RNG & Simulation",
    "tags": [
      "simulation"
    ],
    "last_updated": "2025-08-14",
    "seed": 1000025,
    "validation_runs": 1000000
  },
  {
    "id": "rng-0026",
    "category": "RNG & Simulation",
    "tags": [
      "simulation"
    ],
    "last_updated": "2025-08-14",
    "seed": 1000026,
    "validation_runs": 1000000
  },
  {
    "id": "rng-0027",
    "category": "RNG & Simulation",
    "tags": [
      "simulation"
    ],
    "last_updated": "2025-08-14",
    "seed": 1000027,
    "validation_runs": 1000000
  },
  {
    "id": "rng-0028",
    "category": "RNG & Simulation",
    "tags": [
      "simulation"
    ],
    "last_updated": "2025-08-14",
    "seed": 1000028,
    "validation_runs": 1000000
  },
  {
    "id": "rng-0029",
    "category": "RNG & Simulation",
    "tags": [
      "simulation"
    ],
    "last_updated": "2025-08-14",
    "seed": 1000029,
    "validation_runs": 1000000
  },
  {
    "id": "rng-0030",
    "category": "RNG & Simulation",
    "tags": [
      "simulation"
    ],
    "last_updated": "2025-08-14",
    "seed": 1000030,
    "validation_runs": 1000000
  },
  {
    "id": "rng-0031",
    "category": "RNG & Simulation",
    "tags": [
      "simulation"
    ],
    "last_updated": "2025-08-14",
    "seed": 1000031,
    "validation_runs": 1000000
  },
  {
    "id": "rng-0032",
    "category": "RNG & Simulation",
    "tags": [
      "simulation"
    ],
    "last_updated": "2025-08-14",
    "seed": 1000032,
    "validation_runs": 1000000
  },
  {
    "id": "rng-0033",
    "category": "RNG & Simulation",
    "tags": [
      "simulation"
    ],
    "last_updated": "2025-08-14",
    "seed": 1000033,
    "validation_runs": 1000000
  },
  {
    "id": "rng-0034",
    "category": "RNG & Simulation",
    "tags": [
      "simulation"
    ],
    "last_updated": "2025-08-14",
    "seed": 1000034,
    "validation_runs": 1000000
  },
  {
    "id": "rng-0035",
    "category": "RNG & Simulation",
    "tags": [
      "simulation"
    ],
    "last_updated": "2025-08-14",
    "seed": 1000035,
    "validation_runs": 1000000
  },
  {
    "id": "rng-0036",
    "category": "RNG & Simulation",
    "tags": [
      "simulation"
    ],
    "last_updated": "2025-08-14",
    "seed": 1000036,
    "validation_runs": 1000000
  },
  {
    "id": "rng-0037",
    "category": "RNG & Simulation",
    "tags": [
      "simulation"
    ],
    "last_updated": "2025-08-14",
    "seed": 1000037,
    "validation_runs": 1000000
  },
  {
    "id": "rng-0038",
    "category": "RNG & Simulation",
    "tags": [
      "simulation"
    ],
    "last_updated": "2025-08-14",
    "seed": 1000038,
    "validation_runs": 1000000
  },
  {
    "id": "rng-0039",
    "category": "RNG & Simulation",
    "tags": [
      "simulation"
    ],
    "last_updated": "2025-08-14",
    "seed": 1000039,
    "validation_runs": 1000000
  },
  {
    "id": "rng-0040",
    "category": "RNG & Simulation",
    "tags": [
      "simulation"
    ],
    "last_updated": "2025-08-14",
    "seed": 1000040,
    "validation_runs": 1000000
  },
  {
    "id": "rng-0041",
    "category": "RNG & Simulation",
    "tags": [
      "simulation"
    ],
    "last_updated": "2025-08-14",
    "seed": 1000041,
    "validation_runs": 1000000
  },
  {
    "id": "rng-0042",
    "category": "RNG & Simulation",
    "tags": [
      "simulation"
    ],
    "last_updated": "2025-08-14",
    "seed": 1000042,
    "validation_runs": 1000000
  },
  {
    "id": "rng-0043",
    "category": "RNG & Simulation",
    "tags": [
      "simulation"
    ],
    "last_updated": "2025-08-14",
    "seed": 1000043,
    "validation_runs": 1000000
  },
  {
    "id": "rng-0044",
    "category": "RNG & Simulation",
    "tags": [
      "simulation"
    ],
    "last_updated": "2025-08-14",
    "seed": 1000044,
    "validation_runs": 1000000
  },
  {
    "id": "rng-0045",
    "category": "RNG & Simulation",
    "tags": [
      "simulation"
    ],
    "last_updated": "2025-08-14",
    "seed": 1000045,
    "validation_runs": 1000000
  },
  {
    "id": "rng-0046",
    "category": "RNG & Simulation",
    "tags": [
      "simulation"
    ],
    "last_updated": "2025-08-14",
    "seed": 1000046,
    "validation_runs": 1000000
  },
  {
    "id": "rng-0047",
    "category": "RNG & Simulation",
    "tags": [
      "simulation"
    ],
    "last_updated": "2025-08-14",
    "seed": 1000047,
    "validation_runs": 1000000
  },
  {
    "id": "rng-0048",
    "category": "RNG & Simulation",
    "tags": [
      "simulation"
    ],
    "last_updated": "2025-08-14",
    "seed": 1000048,
    "validation_runs": 1000000
  },
  {
    "id": "rng-0049",
    "category": "RNG & Simulation",
    "tags": [
      "simulation"
    ],
    "last_updated": "2025-08-14",
    "seed": 1000049,
    "validation_runs": 1000000
  },
  {
    "id": "rng-0050",
    "category": "RNG & Simulation",
    "tags": [
      "simulation"
    ],
    "last_updated": "2025-08-14",
    "seed": 1000050,
    "validation_runs": 1000000
  },
  {
    "id": "rng-0051",
    "category": "RNG & Simulation",
    "tags": [
      "simulation"
    ],
    "last_updated": "2025-08-14",
    "seed": 1000051,
    "validation_runs": 1000000
  },
  {
    "id": "rng-0052",
    "category": "RNG & Simulation",
    "tags": [
      "simulation"
    ],
    "last_updated": "2025-08-14",
    "seed": 1000052,
    "validation_runs": 1000000
  },
  {
    "id": "rng-0053",
    "category": "RNG & Simulation",
    "tags": [
      "simulation"
    ],
    "last_updated": "2025-08-14",
    "seed": 1000053,
    "validation_runs": 1000000
  },
  {
    "id": "rng-0054",
    "category": "RNG & Simulation",
    "tags": [
      "simulation"
    ],
    "last_updated": "2025-08-14",
    "seed": 1000054,
    "validation_runs": 1000000
  },
  {
    "id": "rng-0055",
    "category": "RNG & Simulation",
    "tags": [
      "simulation"
    ],
    "last_updated": "2025-08-14",
    "seed": 1000055,
    "validation_runs": 1000000
  },
  {
    "id": "rng-0056",
    "category": "RNG & Simulation",
    "tags": [
      "simulation"
    ],
    "last_updated": "2025-08-14",
    "seed": 1000056,
    "validation_runs": 1000000
  },
  {
    "id": "rng-0057",
    "category": "RNG & Simulation",
    "tags": [
      "simulation"
    ],
    "last_updated": "2025-08-14",
    "seed": 1000057,
    "validation_runs": 1000000
  },
  {
    "id": "rng-0058",
    "category": "RNG & Simulation",
    "tags": [
      "simulation"
    ],
    "last_updated": "2025-08-14",
    "seed": 1000058,
    "validation_runs": 1000000
  },
  {
    "id": "rng-0059",
    "category": "RNG & Simulation",
    "tags": [
      "simulation"
    ],
    "last_updated": "2025-08-14",
    "seed": 1000059,
    "validation_runs": 1000000
  },
  {
    "id": "rng-0060",
    "category": "RNG & Simulation",
    "tags": [
      "simulation"
    ],
    "last_updated": "2025-08-14",
    "seed": 1000060,
    "validation_runs": 1000000
  },
  {
    "id": "rng-0061",
    "category": "RNG & Simulation",
    "tags": [
      "simulation"
    ],
    "last_updated": "2025-08-14",
    "seed": 1000061,
    "validation_runs": 1000000
  },
  {
    "id": "rng-0062",
    "category": "RNG & Simulation",
    "tags": [
      "simulation"
    ],
    "last_updated": "2025-08-14",
    "seed": 1000062,
    "validation_runs": 1000000
  },
  {
    "id": "rng-0063",
    "category": "RNG & Simulation",
    "tags": [
      "simulation"
    ],
    "last_updated": "2025-08-14",
    "seed": 1000063,
    "validation_runs": 1000000
  },
  {
    "id": "rng-0064",
    "category": "RNG & Simulation",
    "tags": [
      "simulation"
    ],
    "last_updated": "2025-08-14",
    "seed": 1000064,
    "validation_runs": 1000000
  },
  {
    "id": "rng-0065",
    "category": "RNG & Simulation",
    "tags": [
      "simulation"
    ],
    "last_updated": "2025-08-14",
    "seed": 1000065,
    "validation_runs": 1000000
  },
  {
    "id": "rng-0066",
    "category": "RNG & Simulation",
    "tags": [
      "simulation"
    ],
    "last_updated": "2025-08-14",
    "seed": 1000066,
    "validation_runs": 1000000
  },
  {
    "id": "rng-0067",
    "category": "RNG & Simulation",
    "tags": [
      "simulation"
    ],
    "last_updated": "2025-08-14",
    "seed": 1000067,
    "validation_runs": 1000000
  },
  {
    "id": "rng-0068",
    "category": "RNG & Simulation",
    "tags": [
      "simulation"
    ],
    "last_updated": "2025-08-14",
    "seed": 1000068,
    "validation_runs": 1000000
  },
  {
    "id": "rng-0069",
    "category": "RNG & Simulation",
    "tags": [
      "simulation"
    ],
    "last_updated": "2025-08-14",
    "seed": 1000069,
    "validation_runs": 1000000
  },
  {
    "id": "rng-0070",
    "category": "RNG & Simulation",
    "tags": [
      "simulation"
    ],
    "last_updated": "2025-08-14",
    "seed": 1000070,
    "validation_runs": 1000000
  },
  {
    "id": "rng-0071",
    "category": "RNG & Simulation",
    "tags": [
      "simulation"
    ],
    "last_updated": "2025-08-14",
    "seed": 1000071,
    "validation_runs": 1000000
  },
  {
    "id": "rng-0072",
    "category": "RNG & Simulation",
    "tags": [
      "simulation"
    ],
    "last_updated": "2025-08-14",
    "seed": 1000072,
    "validation_runs": 1000000
  },
  {
    "id": "rng-0073",
    "category": "RNG & Simulation",
    "tags": [
      "simulation"
    ],
    "last_updated": "2025-08-14",
    "seed": 1000073,
    "validation_runs": 1000000
  },
  {
    "id": "rng-0074",
    "category": "RNG & Simulation",
    "tags": [
      "simulation"
    ],
    "last_updated": "2025-08-14",
    "seed": 1000074,
    "validation_runs": 1000000
  },
  {
    "id": "rng-0075",
    "category": "RNG & Simulation",
    "tags": [
      "simulation"
    ],
    "last_updated": "2025-08-14",
    "seed": 1000075,
    "validation_runs": 1000000
  },
  {
    "id": "rng-0076",
    "category": "RNG & Simulation",
    "tags": [
      "simulation"
    ],
    "last_updated": "2025-08-14",
    "seed": 1000076,
    "validation_runs": 1000000
  },
  {
    "id": "rng-0077",
    "category": "RNG & Simulation",
    "tags": [
      "simulation"
    ],
    "last_updated": "2025-08-14",
    "seed": 1000077,
    "validation_runs": 1000000
  },
  {
    "id": "rng-0078",
    "category": "RNG & Simulation",
    "tags": [
      "simulation"
    ],
    "last_updated": "2025-08-14",
    "seed": 1000078,
    "validation_runs": 1000000
  },
  {
    "id": "rng-0079",
    "category": "RNG & Simulation",
    "tags": [
      "simulation"
    ],
    "last_updated": "2025-08-14",
    "seed": 1000079,
    "validation_runs": 1000000
  },
  {
    "id": "rng-0080",
    "category": "RNG & Simulation",
    "tags": [
      "simulation"
    ],
    "last_updated": "2025-08-14",
    "seed": 1000080,
    "validation_runs": 1000000
  },
  {
    "id": "rng-0081",
    "category": "RNG & Simulation",
    "tags": [
      "simulation"
    ],
    "last_updated": "2025-08-14",
    "seed": 1000081,
    "validation_runs": 1000000
  },
  {
    "id": "rng-0082",
    "category": "RNG & Simulation",
    "tags": [
      "simulation"
    ],
    "last_updated": "2025-08-14",
    "seed": 1000082,
    "validation_runs": 1000000
  },
  {
    "id": "rng-0083",
    "category": "RNG & Simulation",
    "tags": [
      "simulation"
    ],
    "last_updated": "2025-08-14",
    "seed": 1000083,
    "validation_runs": 1000000
  },
  {
    "id": "rng-0084",
    "category": "RNG & Simulation",
    "tags": [
      "simulation"
    ],
    "last_updated": "2025-08-14",
    "seed": 1000084,
    "validation_runs": 1000000
  },
  {
    "id": "rng-0085",
    "category": "RNG & Simulation",
    "tags": [
      "simulation"
    ],
    "last_updated": "2025-08-14",
    "seed": 1000085,
    "validation_runs": 1000000
  },
  {
    "id": "rng-0086",
    "category": "RNG & Simulation",
    "tags": [
      "simulation"
    ],
    "last_updated": "2025-08-14",
    "seed": 1000086,
    "validation_runs": 1000000
  },
  {
    "id": "rng-0087",
    "category": "RNG & Simulation",
    "tags": [
      "simulation"
    ],
    "last_updated": "2025-08-14",
    "seed": 1000087,
    "validation_runs": 1000000
  },
  {
    "id": "rng-0088",
    "category": "RNG & Simulation",
    "tags": [
      "simulation"
    ],
    "last_updated": "2025-08-14",
    "seed": 1000088,
    "validation_runs": 1000000
  },
  {
    "id": "rng-0089",
    "category": "RNG & Simulation",
    "tags": [
      "simulation"
    ],
    "last_updated": "2025-08-14",
    "seed": 1000089,
    "validation_runs": 1000000
  },
  {
    "id": "rng-0090",
    "category": "RNG & Simulation",
    "tags": [
      "simulation"
    ],
    "last_updated": "2025-08-14",
    "seed": 1000090,
    "validation_runs": 1000000
  },
  {
    "id": "rng-0091",
    "category": "RNG & Simulation",
    "tags": [
      "simulation"
    ],
    "last_updated": "2025-08-14",
    "seed": 1000091,
    "validation_runs": 1000000
  },
  {
    "id": "rng-0092",
    "category": "RNG & Simulation",
    "tags": [
      "simulation"
    ],
    "last_updated": "2025-08-14",
    "seed": 1000092,
    "validation_runs": 1000000
  },
  {
    "id": "rng-0093",
    "category": "RNG & Simulation",
    "tags": [
      "simulation"
    ],
    "last_updated": "2025-08-14",
    "seed": 1000093,
    "validation_runs": 1000000
  },
  {
    "id": "rng-0094",
    "category": "RNG & Simulation",
    "tags": [
      "simulation"
    ],
    "last_updated": "2025-08-14",
    "seed": 1000094,
    "validation_runs": 1000000
  },
  {
    "id": "rng-0095",
    "category": "RNG & Simulation",
    "tags": [
      "simulation"
    ],
    "last_updated": "2025-08-14",
    "seed": 1000095,
    "validation_runs": 1000000
  },
  {
    "id": "rng-0096",
    "category": "RNG & Simulation",
    "tags": [
      "simulation"
    ],
    "last_updated": "2025-08-14",
    "seed": 1000096,
    "validation_runs": 1000000
  },
  {
    "id": "rng-0097",
    "category": "RNG & Simulation",
    "tags": [
      "simulation"
    ],
    "last_updated": "2025-08-14",
    "seed": 1000097,
    "validation_runs": 1000000
  },
  {
    "id": "rng-0098",
    "category": "RNG & Simulation",
    "tags": [
      "simulation"
    ],
    "last_updated": "2025-08-14",
    "seed": 1000098,
    "validation_runs": 1000000
  },
  {
    "id": "rng-0099",
    "category": "RNG & Simulation",
    "tags": [
      "simulation"
    ],
    "last_updated": "2025-08-14",
    "seed": 1000099,
    "validation_runs": 1000000
  },
  {
    "id": "rng-0100",
    "category": "RNG & Simulation",
    "tags": [
      "simulation"
    ],
    "last_updated": "2025-08-14",
    "seed": 1000100,
    "validation_runs": 1000000
  },
  {
    "id": "rng-0101",
    "category": "RNG & Simulation",
    "tags": [
      "simulation"
    ],
    "last_updated": "2025-08-14",
    "seed": 1000101,
    "validation_runs": 1000000
  },
  {
    "id": "rng-0102",
    "category": "RNG & Simulation",
    "tags": [
      "simulation"
    ],
    "last_updated": "2025-08-14",
    "seed": 1000102,
    "validation_runs": 1000000
  },
  {
    "id": "rng-0103",
    "category": "RNG & Simulation",
    "tags": [
      "simulation"
    ],
    "last_updated": "2025-08-14",
    "seed": 1000103,
    "validation_runs": 1000000
  },
  {
    "id": "rng-0104",
    "category": "RNG & Simulation",
    "tags": [
      "simulation"
    ],
    "last_updated": "2025-08-14",
    "seed": 1000104,
    "validation_runs": 1000000
  },
  {
    "id": "rng-0105",
    "category": "RNG & Simulation",
    "tags": [
      "simulation"
    ],
    "last_updated": "2025-08-14",
    "seed": 1000105,
    "validation_runs": 1000000
  },
  {
    "id": "rng-0106",
    "category": "RNG & Simulation",
    "tags": [
      "simulation"
    ],
    "last_updated": "2025-08-14",
    "seed": 1000106,
    "validation_runs": 1000000
  },
  {
    "id": "rng-0107",
    "category": "RNG & Simulation",
    "tags": [
      "simulation"
    ],
    "last_updated": "2025-08-14",
    "seed": 1000107,
    "validation_runs": 1000000
  },
  {
    "id": "rng-0108",
    "category": "RNG & Simulation",
    "tags": [
      "simulation"
    ],
    "last_updated": "2025-08-14",
    "seed": 1000108,
    "validation_runs": 1000000
  },
  {
    "id": "rng-0109",
    "category": "RNG & Simulation",
    "tags": [
      "simulation"
    ],
    "last_updated": "2025-08-14",
    "seed": 1000109,
    "validation_runs": 1000000
  },
  {
    "id": "rng-0110",
    "category": "RNG & Simulation",
    "tags": [
      "simulation"
    ],
    "last_updated": "2025-08-14",
    "seed": 1000110,
    "validation_runs": 1000000
  },
  {
    "id": "rng-0111",
    "category": "RNG & Simulation",
    "tags": [
      "simulation"
    ],
    "last_updated": "2025-08-14",
    "seed": 1000111,
    "validation_runs": 1000000
  },
  {
    "id": "rng-0112",
    "category": "RNG & Simulation",
    "tags": [
      "simulation"
    ],
    "last_updated": "2025-08-14",
    "seed": 1000112,
    "validation_runs": 1000000
  },
  {
    "id": "rng-0113",
    "category": "RNG & Simulation",
    "tags": [
      "simulation"
    ],
    "last_updated": "2025-08-14",
    "seed": 1000113,
    "validation_runs": 1000000
  },
  {
    "id": "rng-0114",
    "category": "RNG & Simulation",
    "tags": [
      "simulation"
    ],
    "last_updated": "2025-08-14",
    "seed": 1000114,
    "validation_runs": 1000000
  },
  {
    "id": "rng-0115",
    "category": "RNG & Simulation",
    "tags": [
      "simulation"
    ],
    "last_updated": "2025-08-14",
    "seed": 1000115,
    "validation_runs": 1000000
  },
  {
    "id": "rng-0116",
    "category": "RNG & Simulation",
    "tags": [
      "simulation"
    ],
    "last_updated": "2025-08-14",
    "seed": 1000116,
    "validation_runs": 1000000
  },
  {
    "id": "rng-0117",
    "category": "RNG & Simulation",
    "tags": [
      "simulation"
    ],
    "last_updated": "2025-08-14",
    "seed": 1000117,
    "validation_runs": 1000000
  },
  {
    "id": "rng-0118",
    "category": "RNG & Simulation",
    "tags": [
      "simulation"
    ],
    "last_updated": "2025-08-14",
    "seed": 1000118,
    "validation_runs": 1000000
  },
  {
    "id": "rng-0119",
    "category": "RNG & Simulation",
    "tags": [
      "simulation"
    ],
    "last_updated": "2025-08-14",
    "seed": 1000119,
    "validation_runs": 1000000
  },
  {
    "id": "rng-0120",
    "category": "RNG & Simulation",
    "tags": [
      "simulation"
    ],
    "last_updated": "2025-08-14",
    "seed": 1000120,
    "validation_runs": 1000000
  },
  {
    "id": "rng-0121",
    "category": "RNG & Simulation",
    "tags": [
      "simulation"
    ],
    "last_updated": "2025-08-14",
    "seed": 1000121,
    "validation_runs": 1000000
  },
  {
    "id": "rng-0122",
    "category": "RNG & Simulation",
    "tags": [
      "simulation"
    ],
    "last_updated": "2025-08-14",
    "seed": 1000122,
    "validation_runs": 1000000
  },
  {
    "id": "rng-0123",
    "category": "RNG & Simulation",
    "tags": [
      "simulation"
    ],
    "last_updated": "2025-08-14",
    "seed": 1000123,
    "validation_runs": 1000000
  },
  {
    "id": "rng-0124",
    "category": "RNG & Simulation",
    "tags": [
      "simulation"
    ],
    "last_updated": "2025-08-14",
    "seed": 1000124,
    "validation_runs": 1000000
  },
  {
    "id": "rng-0125",
    "category": "RNG & Simulation",
    "tags": [
      "simulation"
    ],
    "last_updated": "2025-08-14",
    "seed": 1000125,
    "validation_runs": 1000000
  },
  {
    "id": "rng-0126",
    "category": "RNG & Simulation",
    "tags": [
      "simulation"
    ],
    "last_updated": "2025-08-14",
    "seed": 1000126,
    "validation_runs": 1000000
  },
  {
    "id": "rng-0127",
    "category": "RNG & Simulation",
    "tags": [
      "simulation"
    ],
    "last_updated": "2025-08-14",
    "seed": 1000127,
    "validation_runs": 1000000
  },
  {
    "id": "rng-0128",
    "category": "RNG & Simulation",
    "tags": [
      "simulation"
    ],
    "last_updated": "2025-08-14",
    "seed": 1000128,
    "validation_runs": 1000000
  },
  {
    "id": "rng-0129",
    "category": "RNG & Simulation",
    "tags": [
      "simulation"
    ],
    "last_updated": "2025-08-14",
    "seed": 1000129,
    "validation_runs": 1000000
  },
  {
    "id": "rng-0130",
    "category": "RNG & Simulation",
    "tags": [
      "simulation"
    ],
    "last_updated": "2025-08-14",
    "seed": 1000130,
    "validation_runs": 1000000
  },
  {
    "id": "rng-0131",
    "category": "RNG & Simulation",
    "tags": [
      "simulation"
    ],
    "last_updated": "2025-08-14",
    "seed": 1000131,
    "validation_runs": 1000000
  },
  {
    "id": "rng-0132",
    "category": "RNG & Simulation",
    "tags": [
      "simulation"
    ],
    "last_updated": "2025-08-14",
    "seed": 1000132,
    "validation_runs": 1000000
  },
  {
    "id": "rng-0133",
    "category": "RNG & Simulation",
    "tags": [
      "simulation"
    ],
    "last_updated": "2025-08-14",
    "seed": 1000133,
    "validation_runs": 1000000
  },
  {
    "id": "rng-0134",
    "category": "RNG & Simulation",
    "tags": [
      "simulation"
    ],
    "last_updated": "2025-08-14",
    "seed": 1000134,
    "validation_runs": 1000000
  },
  {
    "id": "rng-0135",
    "category": "RNG & Simulation",
    "tags": [
      "simulation"
    ],
    "last_updated": "2025-08-14",
    "seed": 1000135,
    "validation_runs": 1000000
  },
  {
    "id": "rng-0136",
    "category": "RNG & Simulation",
    "tags": [
      "simulation"
    ],
    "last_updated": "2025-08-14",
    "seed": 1000136,
    "validation_runs": 1000000
  },
  {
    "id": "rng-0137",
    "category": "RNG & Simulation",
    "tags": [
      "simulation"
    ],
    "last_updated": "2025-08-14",
    "seed": 1000137,
    "validation_runs": 1000000
  },
  {
    "id": "rng-0138",
    "category": "RNG & Simulation",
    "tags": [
      "simulation"
    ],
    "last_updated": "2025-08-14",
    "seed": 1000138,
    "validation_runs": 1000000
  },
  {
    "id": "rng-0139",
    "category": "RNG & Simulation",
    "tags": [
      "simulation"
    ],
    "last_updated": "2025-08-14",
    "seed": 1000139,
    "validation_runs": 1000000
  },
  {
    "id": "rng-0140",
    "category": "RNG & Simulation",
    "tags": [
      "simulation"
    ],
    "last_updated": "2025-08-14",
    "seed": 1000140,
    "validation_runs": 1000000
  },
  {
    "id": "rng-0141",
    "category": "RNG & Simulation",
    "tags": [
      "simulation"
    ],
    "last_updated": "2025-08-14",
    "seed": 1000141,
    "validation_runs": 1000000
  },
  {
    "id": "rng-0142",
    "category": "RNG & Simulation",
    "tags": [
      "simulation"
    ],
    "last_updated": "2025-08-14",
    "seed": 1000142,
    "validation_runs": 1000000
  },
  {
    "id": "rng-0143",
    "category": "RNG & Simulation",
    "tags": [
      "simulation"
    ],
    "last_updated": "2025-08-14",
    "seed": 1000143,
    "validation_runs": 1000000
  },
  {
    "id": "rng-0144",
    "category": "RNG & Simulation",
    "tags": [
      "simulation"
    ],
    "last_updated": "2025-08-14",
    "seed": 1000144,
    "validation_runs": 1000000
  },
  {
    "id": "rng-0145",
    "category": "RNG & Simulation",
    "tags": [
      "simulation"
    ],
    "last_updated": "2025-08-14",
    "seed": 1000145,
    "validation_runs": 1000000
  },
  {
    "id": "rng-0146",
    "category": "RNG & Simulation",
    "tags": [
      "simulation"
    ],
    "last_updated": "2025-08-14",
    "seed": 1000146,
    "validation_runs": 1000000
  },
  {
    "id": "rng-0147",
    "category": "RNG & Simulation",
    "tags": [
      "simulation"
    ],
    "last_updated": "2025-08-14",
    "seed": 1000147,
    "validation_runs": 1000000
  },
  {
    "id": "rng-0148",
    "category": "RNG & Simulation",
    "tags": [
      "simulation"
    ],
    "last_updated": "2025-08-14",
    "seed": 1000148,
    "validation_runs": 1000000
  },
  {
    "id": "rng-0149",
    "category": "RNG & Simulation",
    "tags": [
      "simulation"
    ],
    "last_updated": "2025-08-14",
    "seed": 1000149,
    "validation_runs": 1000000
  },
  {
    "id": "rng-0150",
    "category": "RNG & Simulation",
    "tags": [
      "simulation"
    ],
    "last_updated": "2025-08-14",
    "seed": 1000150,
    "validation_runs": 1000000
  },
  {
    "id": "rng-0151",
    "category": "RNG & Simulation",
    "tags": [
      "simulation"
    ],
    "last_updated": "2025-08-14",
    "seed": 1000151,
    "validation_runs": 1000000
  },
  {
    "id": "rng-0152",
    "category": "RNG & Simulation",
    "tags": [
      "simulation"
    ],
    "last_updated": "2025-08-14",
    "seed": 1000152,
    "validation_runs": 1000000
  },
  {
    "id": "rng-0153",
    "category": "RNG & Simulation",
    "tags": [
      "simulation"
    ],
    "last_updated": "2025-08-14",
    "seed": 1000153,
    "validation_runs": 1000000
  },
  {
    "id": "rng-0154",
    "category": "RNG & Simulation",
    "tags": [
      "simulation"
    ],
    "last_updated": "2025-08-14",
    "seed": 1000154,
    "validation_runs": 1000000
  },
  {
    "id": "rng-0155",
    "category": "RNG & Simulation",
    "tags": [
      "simulation"
    ],
    "last_updated": "2025-08-14",
    "seed": 1000155,
    "validation_runs": 1000000
  },
  {
    "id": "rng-0156",
    "category": "RNG & Simulation",
    "tags": [
      "simulation"
    ],
    "last_updated": "2025-08-14",
    "seed": 1000156,
    "validation_runs": 1000000
  },
  {
    "id": "rng-0157",
    "category": "RNG & Simulation",
    "tags": [
      "simulation"
    ],
    "last_updated": "2025-08-14",
    "seed": 1000157,
    "validation_runs": 1000000
  },
  {
    "id": "rng-0158",
    "category": "RNG & Simulation",
    "tags": [
      "simulation"
    ],
    "last_updated": "2025-08-14",
    "seed": 1000158,
    "validation_runs": 1000000
  },
  {
    "id": "rng-0159",
    "category": "RNG & Simulation",
    "tags": [
      "simulation"
    ],
    "last_updated": "2025-08-14",
    "seed": 1000159,
    "validation_runs": 1000000
  },
  {
    "id": "rng-0160",
    "category": "RNG & Simulation",
    "tags": [
      "simulation"
    ],
    "last_updated": "2025-08-14",
    "seed": 1000160,
    "validation_runs": 1000000
  },
  {
    "id": "rng-0161",
    "category": "RNG & Simulation",
    "tags": [
      "simulation"
    ],
    "last_updated": "2025-08-14",
    "seed": 1000161,
    "validation_runs": 1000000
  },
  {
    "id": "rng-0162",
    "category": "RNG & Simulation",
    "tags": [
      "simulation"
    ],
    "last_updated": "2025-08-14",
    "seed": 1000162,
    "validation_runs": 1000000
  },
  {
    "id": "rng-0163",
    "category": "RNG & Simulation",
    "tags": [
      "simulation"
    ],
    "last_updated": "2025-08-14",
    "seed": 1000163,
    "validation_runs": 1000000
  },
  {
    "id": "rng-0164",
    "category": "RNG & Simulation",
    "tags": [
      "simulation"
    ],
    "last_updated": "2025-08-14",
    "seed": 1000164,
    "validation_runs": 1000000
  },
  {
    "id": "rng-0165",
    "category": "RNG & Simulation",
    "tags": [
      "simulation"
    ],
    "last_updated": "2025-08-14",
    "seed": 1000165,
    "validation_runs": 1000000
  },
  {
    "id": "rng-0166",
    "category": "RNG & Simulation",
    "tags": [
      "simulation"
    ],
    "last_updated": "2025-08-14",
    "seed": 1000166,
    "validation_runs": 1000000
  },
  {
    "id": "rng-0167",
    "category": "RNG & Simulation",
    "tags": [
      "simulation"
    ],
    "last_updated": "2025-08-14",
    "seed": 1000167,
    "validation_runs": 1000000
  },
  {
    "id": "rng-0168",
    "category": "RNG & Simulation",
    "tags": [
      "simulation"
    ],
    "last_updated": "2025-08-14",
    "seed": 1000168,
    "validation_runs": 1000000
  },
  {
    "id": "rng-0169",
    "category": "RNG & Simulation",
    "tags": [
      "simulation"
    ],
    "last_updated": "2025-08-14",
    "seed": 1000169,
    "validation_runs": 1000000
  },
  {
    "id": "rng-0170",
    "category": "RNG & Simulation",
    "tags": [
      "simulation"
    ],
    "last_updated": "2025-08-14",
    "seed": 1000170,
    "validation_runs": 1000000
  },
  {
    "id": "rng-0171",
    "category": "RNG & Simulation",
    "tags": [
      "simulation"
    ],
    "last_updated": "2025-08-14",
    "seed": 1000171,
    "validation_runs": 1000000
  },
  {
    "id": "rng-0172",
    "category": "RNG & Simulation",
    "tags": [
      "simulation"
    ],
    "last_updated": "2025-08-14",
    "seed": 1000172,
    "validation_runs": 1000000
  },
  {
    "id": "rng-0173",
    "category": "RNG & Simulation",
    "tags": [
      "simulation"
    ],
    "last_updated": "2025-08-14",
    "seed": 1000173,
    "validation_runs": 1000000
  },
  {
    "id": "rng-0174",
    "category": "RNG & Simulation",
    "tags": [
      "simulation"
    ],
    "last_updated": "2025-08-14",
    "seed": 1000174,
    "validation_runs": 1000000
  },
  {
    "id": "rng-0175",
    "category": "RNG & Simulation",
    "tags": [
      "simulation"
    ],
    "last_updated": "2025-08-14",
    "seed": 1000175,
    "validation_runs": 1000000
  },
  {
    "id": "rng-0176",
    "category": "RNG & Simulation",
    "tags": [
      "simulation"
    ],
    "last_updated": "2025-08-14",
    "seed": 1000176,
    "validation_runs": 1000000
  },
  {
    "id": "rng-0177",
    "category": "RNG & Simulation",
    "tags": [
      "simulation"
    ],
    "last_updated": "2025-08-14",
    "seed": 1000177,
    "validation_runs": 1000000
  },
  {
    "id": "rng-0178",
    "category": "RNG & Simulation",
    "tags": [
      "simulation"
    ],
    "last_updated": "2025-08-14",
    "seed": 1000178,
    "validation_runs": 1000000
  },
  {
    "id": "rng-0179",
    "category": "RNG & Simulation",
    "tags": [
      "simulation"
    ],
    "last_updated": "2025-08-14",
    "seed": 1000179,
    "validation_runs": 1000000
  },
  {
    "id": "rng-0180",
    "category": "RNG & Simulation",
    "tags": [
      "simulation"
    ],
    "last_updated": "2025-08-14",
    "seed": 1000180,
    "validation_runs": 1000000
  },
  {
    "id": "rng-0181",
    "category": "RNG & Simulation",
    "tags": [
      "simulation"
    ],
    "last_updated": "2025-08-14",
    "seed": 1000181,
    "validation_runs": 1000000
  },
  {
    "id": "rng-0182",
    "category": "RNG & Simulation",
    "tags": [
      "simulation"
    ],
    "last_updated": "2025-08-14",
    "seed": 1000182,
    "validation_runs": 1000000
  },
  {
    "id": "rng-0183",
    "category": "RNG & Simulation",
    "tags": [
      "simulation"
    ],
    "last_updated": "2025-08-14",
    "seed": 1000183,
    "validation_runs": 1000000
  },
  {
    "id": "rng-0184",
    "category": "RNG & Simulation",
    "tags": [
      "simulation"
    ],
    "last_updated": "2025-08-14",
    "seed": 1000184,
    "validation_runs": 1000000
  },
  {
    "id": "rng-0185",
    "category": "RNG & Simulation",
    "tags": [
      "simulation"
    ],
    "last_updated": "2025-08-14",
    "seed": 1000185,
    "validation_runs": 1000000
  },
  {
    "id": "rng-0186",
    "category": "RNG & Simulation",
    "tags": [
      "simulation"
    ],
    "last_updated": "2025-08-14",
    "seed": 1000186,
    "validation_runs": 1000000
  },
  {
    "id": "rng-0187",
    "category": "RNG & Simulation",
    "tags": [
      "simulation"
    ],
    "last_updated": "2025-08-14",
    "seed": 1000187,
    "validation_runs": 1000000
  },
  {
    "id": "rng-0188",
    "category": "RNG & Simulation",
    "tags": [
      "simulation"
    ],
    "last_updated": "2025-08-14",
    "seed": 1000188,
    "validation_runs": 1000000
  },
  {
    "id": "rng-0189",
    "category": "RNG & Simulation",
    "tags": [
      "simulation"
    ],
    "last_updated": "2025-08-14",
    "seed": 1000189,
    "validation_runs": 1000000
  },
  {
    "id": "rng-0190",
    "category": "RNG & Simulation",
    "tags": [
      "simulation"
    ],
    "last_updated": "2025-08-14",
    "seed": 1000190,
    "validation_runs": 1000000
  },
  {
    "id": "rng-0191",
    "category": "RNG & Simulation",
    "tags": [
      "simulation"
    ],
    "last_updated": "2025-08-14",
    "seed": 1000191,
    "validation_runs": 1000000
  },
  {
    "id": "rng-0192",
    "category": "RNG & Simulation",
    "tags": [
      "simulation"
    ],
    "last_updated": "2025-08-14",
    "seed": 1000192,
    "validation_runs": 1000000
  },
  {
    "id": "rng-0193",
    "category": "RNG & Simulation",
    "tags": [
      "simulation"
    ],
    "last_updated": "2025-08-14",
    "seed": 1000193,
    "validation_runs": 1000000
  },
  {
    "id": "rng-0194",
    "category": "RNG & Simulation",
    "tags": [
      "simulation"
    ],
    "last_updated": "2025-08-14",
    "seed": 1000194,
    "validation_runs": 1000000
  },
  {
    "id": "rng-0195",
    "category": "RNG & Simulation",
    "tags": [
      "simulation"
    ],
    "last_updated": "2025-08-14",
    "seed": 1000195,
    "validation_runs": 1000000
  },
  {
    "id": "rng-0196",
    "category": "RNG & Simulation",
    "tags": [
      "simulation"
    ],
    "last_updated": "2025-08-14",
    "seed": 1000196,
    "validation_runs": 1000000
  },
  {
    "id": "rng-0197",
    "category": "RNG & Simulation",
    "tags": [
      "simulation"
    ],
    "last_updated": "2025-08-14",
    "seed": 1000197,
    "validation_runs": 1000000
  },
  {
    "id": "rng-0198",
    "category": "RNG & Simulation",
    "tags": [
      "simulation"
    ],
    "last_updated": "2025-08-14",
    "seed": 1000198,
    "validation_runs": 1000000
  },
  {
    "id": "rng-0199",
    "category": "RNG & Simulation",
    "tags": [
      "simulation"
    ],
    "last_updated": "2025-08-14",
    "seed": 1000199,
    "validation_runs": 1000000
  },
  {
    "id": "rng-0200",
    "category": "RNG & Simulation",
    "tags": [
      "simulation"
    ],
    "last_updated": "2025-08-14",
    "seed": 1000200,
    "validation_runs": 1000000
  },
  {
    "id": "rng-0201",
    "category": "RNG & Simulation",
    "tags": [
      "simulation"
    ],
    "last_updated": "2025-08-14",
    "seed": 1000201,
    "validation_runs": 1000000
  },
  {
    "id": "rng-0202",
    "category": "RNG & Simulation",
    "tags": [
      "simulation"
    ],
    "last_updated": "2025-08-14",
    "seed": 1000202,
    "validation_runs": 1000000
  },
  {
    "id": "rng-0203",
    "category": "RNG & Simulation",
    "tags": [
      "simulation"
    ],
    "last_updated": "2025-08-14",
    "seed": 1000203,
    "validation_runs": 1000000
  },
  {
    "id": "rng-0204",
    "category": "RNG & Simulation",
    "tags": [
      "simulation"
    ],
    "last_updated": "2025-08-14",
    "seed": 1000204,
    "validation_runs": 1000000
  },
  {
    "id": "rng-0205",
    "category": "RNG & Simulation",
    "tags": [
      "simulation"
    ],
    "last_updated": "2025-08-14",
    "seed": 1000205,
    "validation_runs": 1000000
  },
  {
    "id": "rng-0206",
    "category": "RNG & Simulation",
    "tags": [
      "simulation"
    ],
    "last_updated": "2025-08-14",
    "seed": 1000206,
    "validation_runs": 1000000
  },
  {
    "id": "rng-0207",
    "category": "RNG & Simulation",
    "tags": [
      "simulation"
    ],
    "last_updated": "2025-08-14",
    "seed": 1000207,
    "validation_runs": 1000000
  },
  {
    "id": "rng-0208",
    "category": "RNG & Simulation",
    "tags": [
      "simulation"
    ],
    "last_updated": "2025-08-14",
    "seed": 1000208,
    "validation_runs": 1000000
  },
  {
    "id": "rng-0209",
    "category": "RNG & Simulation",
    "tags": [
      "simulation"
    ],
    "last_updated": "2025-08-14",
    "seed": 1000209,
    "validation_runs": 1000000
  },
  {
    "id": "rng-0210",
    "category": "RNG & Simulation",
    "tags": [
      "simulation"
    ],
    "last_updated": "2025-08-14",
    "seed": 1000210,
    "validation_runs": 1000000
  },
  {
    "id": "rng-0211",
    "category": "RNG & Simulation",
    "tags": [
      "simulation"
    ],
    "last_updated": "2025-08-14",
    "seed": 1000211,
    "validation_runs": 1000000
  },
  {
    "id": "rng-0212",
    "category": "RNG & Simulation",
    "tags": [
      "simulation"
    ],
    "last_updated": "2025-08-14",
    "seed": 1000212,
    "validation_runs": 1000000
  },
  {
    "id": "rng-0213",
    "category": "RNG & Simulation",
    "tags": [
      "simulation"
    ],
    "last_updated": "2025-08-14",
    "seed": 1000213,
    "validation_runs": 1000000
  },
  {
    "id": "rng-0214",
    "category": "RNG & Simulation",
    "tags": [
      "simulation"
    ],
    "last_updated": "2025-08-14",
    "seed": 1000214,
    "validation_runs": 1000000
  },
  {
    "id": "rng-0215",
    "category": "RNG & Simulation",
    "tags": [
      "simulation"
    ],
    "last_updated": "2025-08-14",
    "seed": 1000215,
    "validation_runs": 1000000
  },
  {
    "id": "rng-0216",
    "category": "RNG & Simulation",
    "tags": [
      "simulation"
    ],
    "last_updated": "2025-08-14",
    "seed": 1000216,
    "validation_runs": 1000000
  },
  {
    "id": "rng-0217",
    "category": "RNG & Simulation",
    "tags": [
      "simulation"
    ],
    "last_updated": "2025-08-14",
    "seed": 1000217,
    "validation_runs": 1000000
  },
  {
    "id": "rng-0218",
    "category": "RNG & Simulation",
    "tags": [
      "simulation"
    ],
    "last_updated": "2025-08-14",
    "seed": 1000218,
    "validation_runs": 1000000
  },
  {
    "id": "rng-0219",
    "category": "RNG & Simulation",
    "tags": [
      "simulation"
    ],
    "last_updated": "2025-08-14",
    "seed": 1000219,
    "validation_runs": 1000000
  },
  {
    "id": "rng-0220",
    "category": "RNG & Simulation",
    "tags": [
      "simulation"
    ],
    "last_updated": "2025-08-14",
    "seed": 1000220,
    "validation_runs": 1000000
  }
]