cta,tags,last_updated,body_copy,headline,category,id
Join Now,"[""ad"", ""copy""]",2025-08-14,Friendly message.,Unlock premium access!,Ad Copy,ad-0001
Join Now,"[""ad"", ""copy""]",2025-08-14,Friendly message.,Unlock premium access!,Ad Copy,ad-0002
Join Now,"[""ad"", ""copy""]",2025-08-14,Friendly message.,Unlock premium access!,Ad Copy,ad-0003
Join Now,"[""ad"", ""copy""]",2025-08-14,Friendly message.,Unlock premium access!,Ad Copy,ad-0004
Join Now,"[""ad"", ""copy""]",2025-08-14,Friendly message.,Unlock premium access!,Ad Copy,ad-0005
Join Now,"[""ad"", ""copy""]",2025-08-14,Friendly message.,Unlock premium access!,Ad Copy,ad-0006
Join Now,"[""ad"", ""copy""]",2025-08-14,Friendly message.,Unlock premium access!,Ad Copy,ad-0007
Join Now,"[""ad"", ""copy""]",2025-08-14,Friendly message.,Unlock premium access!,Ad Copy,ad-0008
Join Now,"[""ad"", ""copy""]",2025-08-14,Friendly message.,Unlock premium access!,Ad Copy,ad-0009
Join Now,"[""ad"", ""copy""]",2025-08-14,Friendly message.,Unlock premium access!,Ad Copy,ad-0010
Join Now,"[""ad"", ""copy""]",2025-08-14,Friendly message.,Unlock premium access!,Ad Copy,ad-0011
Join Now,"[""ad"", ""copy""]",2025-08-14,Friendly message.,Unlock premium access!,Ad Copy,ad-0012
Join Now,"[""ad"", ""copy""]",2025-08-14,Friendly message.,Unlock premium access!,Ad Copy,ad-0013
Join Now,"[""ad"", ""copy""]",2025-08-14,Friendly message.,Unlock premium access!,Ad Copy,ad-0014
Join Now,"[""ad"", ""copy""]",2025-08-14,Friendly message.,Unlock premium access!,Ad Copy,ad-0015
Join Now,"[""ad"", ""copy""]",2025-08-14,Friendly message.,Unlock premium access!,Ad Copy,ad-0016
Join Now,"[""ad"", ""copy""]",2025-08-14,Friendly message.,Unlock premium access!,Ad Copy,ad-0017
Join Now,"[""ad"", ""copy""]",2025-08-14,Friendly message.,Unlock premium access!,Ad Copy,ad-0018
Join Now,"[""ad"", ""copy""]",2025-08-14,Friendly message.,Unlock premium access!,Ad Copy,ad-0019
Join Now,"[""ad"", ""copy""]",2025-08-14,Friendly message.,Unlock premium access!,Ad Copy,ad-0020
Join Now,"[""ad"", ""copy""]",2025-08-14,Friendly message.,Unlock premium access!,Ad Copy,ad-0021
Join Now,"[""ad"", ""copy""]",2025-08-14,Friendly message.,Unlock premium access!,Ad Copy,ad-0022
Join Now,"[""ad"", ""copy""]",2025-08-14,Friendly message.,Unlock premium access!,Ad Copy,ad-0023
Join Now,"[""ad"", ""copy""]",2025-08-14,Friendly message.,Unlock premium access!,Ad Copy,ad-0024
Join Now,"[""ad"", ""copy""]",2025-08-14,Friendly message.,Unlock premium access!,Ad Copy,ad-0025
Join Now,"[""ad"", ""copy""]",2025-08-14,Friendly message.,Unlock premium access!,Ad Copy,ad-0026
Join Now,"[""ad"", ""copy""]",2025-08-14,Friendly message.,Unlock premium access!,Ad Copy,ad-0027
Join Now,"[""ad"", ""copy""]",2025-08-14,Friendly message.,Unlock premium access!,Ad Copy,ad-0028
Join Now,"[""ad"", ""copy""]",2025-08-14,Friendly message.,Unlock premium access!,Ad Copy,ad-0029
Join Now,"[""ad"", ""copy""]",2025-08-14,Friendly message.,Unlock premium access!,Ad Copy,ad-0030
Join Now,"[""ad"", ""copy""]",2025-08-14,Friendly message.,Unlock premium access!,Ad Copy,ad-0031
Join Now,"[""ad"", ""copy""]",2025-08-14,Friendly message.,Unlock premium access!,Ad Copy,ad-0032
Join Now,"[""ad"", ""copy""]",2025-08-14,Friendly message.,Unlock premium access!,Ad Copy,ad-0033
Join Now,"[""ad"", ""copy""]",2025-08-14,Friendly message.,Unlock premium access!,Ad Copy,ad-0034
Join Now,"[""ad"", ""copy""]",2025-08-14,Friendly message.,Unlock premium access!,Ad Copy,ad-0035
Join Now,"[""ad"", ""copy""]",2025-08-14,Friendly message.,Unlock premium access!,Ad Copy,ad-0036
Join Now,"[""ad"", ""copy""]",2025-08-14,Friendly message.,Unlock premium access!,Ad Copy,ad-0037
Join Now,"[""ad"", ""copy""]",2025-08-14,Friendly message.,Unlock premium access!,Ad Copy,ad-0038
Join Now,"[""ad"", ""copy""]",2025-08-14,Friendly message.,Unlock premium access!,Ad Copy,ad-0039
Join Now,"[""ad"", ""copy""]",2025-08-14,Friendly message.,Unlock premium access!,Ad Copy,ad-0040
Join Now,"[""ad"", ""copy""]",2025-08-14,Friendly message.,Unlock premium access!,Ad Copy,ad-0041
Join Now,"[""ad"", ""copy""]",2025-08-14,Friendly message.,Unlock premium access!,Ad Copy,ad-0042
Join Now,"[""ad"", ""copy""]",2025-08-14,Friendly message.,Unlock premium access!,Ad Copy,ad-0043
Join Now,"[""ad"", ""copy""]",2025-08-14,Friendly message.,Unlock premium access!,Ad Copy,ad-0044
Join Now,"[""ad"", ""copy""]",2025-08-14,Friendly message.,Unlock premium access!,Ad Copy,ad-0045
Join Now,"[""ad"", ""copy""]",2025-08-14,Friendly message.,Unlock premium access!,Ad Copy,ad-0046
Join Now,"[""ad"", ""copy""]",2025-08-14,Friendly message.,Unlock premium access!,Ad Copy,ad-0047
Join Now,"[""ad"", ""copy""]",2025-08-14,Friendly message.,Unlock premium access!,Ad Copy,ad-0048
Join Now,"[""ad"", ""copy""]",2025-08-14,Friendly message.,Unlock premium access!,Ad Copy,ad-0049
Join Now,"[""ad"", ""copy""]",2025-08-14,Friendly message.,Unlock premium access!,Ad Copy,ad-0050
Join Now,"[""ad"", ""copy""]",2025-08-14,Friendly message.,Unlock premium access!,Ad Copy,ad-0051
Join Now,"[""ad"", ""copy""]",2025-08-14,Friendly message.,Unlock premium access!,Ad Copy,ad-0052
Join Now,"[""ad"", ""copy""]",2025-08-14,Friendly message.,Unlock premium access!,Ad Copy,ad-0053
Join Now,"[""ad"", ""copy""]",2025-08-14,Friendly message.,Unlock premium access!,Ad Copy,ad-0054
Join Now,"[""ad"", ""copy""]",2025-08-14,Friendly message.,Unlock premium access!,Ad Copy,ad-0055
Join Now,"[""ad"", ""copy""]",2025-08-14,Friendly message.,Unlock premium access!,Ad Copy,ad-0056
Join Now,"[""ad"", ""copy""]",2025-08-14,Friendly message.,Unlock premium access!,Ad Copy,ad-0057
Join Now,"[""ad"", ""copy""]",2025-08-14,Friendly message.,Unlock premium access!,Ad Copy,ad-0058
Join Now,"[""ad"", ""copy""]",2025-08-14,Friendly message.,Unlock premium access!,Ad Copy,ad-0059
Join Now,"[""ad"", ""copy""]",2025-08-14,Friendly message.,Unlock premium access!,Ad Copy,ad-0060
Join Now,"[""ad"", ""copy""]",2025-08-14,Friendly message.,Unlock premium access!,Ad Copy,ad-0061
Join Now,"[""ad"", ""copy""]",2025-08-14,Friendly message.,Unlock premium access!,Ad Copy,ad-0062
Join Now,"[""ad"", ""copy""]",2025-08-14,Friendly message.,Unlock premium access!,Ad Copy,ad-0063
Join Now,"[""ad"", ""copy""]",2025-08-14,Friendly message.,Unlock premium access!,Ad Copy,ad-0064
Join Now,"[""ad"", ""copy""]",2025-08-14,Friendly message.,Unlock premium access!,Ad Copy,ad-0065
Join Now,"[""ad"", ""copy""]",2025-08-14,Friendly message.,Unlock premium access!,Ad Copy,ad-0066
Join Now,"[""ad"", ""copy""]",2025-08-14,Friendly message.,Unlock premium access!,Ad Copy,ad-0067
Join Now,"[""ad"", ""copy""]",2025-08-14,Friendly message.,Unlock premium access!,Ad Copy,ad-0068
Join Now,"[""ad"", ""copy""]",2025-08-14,Friendly message.,Unlock premium access!,Ad Copy,ad-0069
Join Now,"[""ad"", ""copy""]",2025-08-14,Friendly message.,Unlock premium access!,Ad Copy,ad-0070
Join Now,"[""ad"", ""copy""]",2025-08-14,Friendly message.,Unlock premium access!,Ad Copy,ad-0071
Join Now,"[""ad"", ""copy""]",2025-08-14,Friendly message.,Unlock premium access!,Ad Copy,ad-0072
Join Now,"[""ad"", ""copy""]",2025-08-14,Friendly message.,Unlock premium access!,Ad Copy,ad-0073
Join Now,"[""ad"", ""copy""]",2025-08-14,Friendly message.,Unlock premium access!,Ad Copy,ad-0074
Join Now,"[""ad"", ""copy""]",2025-08-14,Friendly message.,Unlock premium access!,Ad Copy,ad-0075
Join Now,"[""ad"", ""copy""]",2025-08-14,Friendly message.,Unlock premium access!,Ad Copy,ad-0076
Join Now,"[""ad"", ""copy""]",2025-08-14,Friendly message.,Unlock premium access!,Ad Copy,ad-0077
Join Now,"[""ad"", ""copy""]",2025-08-14,Friendly message.,Unlock premium access!,Ad Copy,ad-0078
Join Now,"[""ad"", ""copy""]",2025-08-14,Friendly message.,Unlock premium access!,Ad Copy,ad-0079
Join Now,"[""ad"", ""copy""]",2025-08-14,Friendly message.,Unlock premium access!,Ad Copy,ad-0080
Join Now,"[""ad"", ""copy""]",2025-08-14,Friendly message.,Unlock premium access!,Ad Copy,ad-0081
Join Now,"[""ad"", ""copy""]",2025-08-14,Friendly message.,Unlock premium access!,Ad Copy,ad-0082
Join Now,"[""ad"", ""copy""]",2025-08-14,Friendly message.,Unlock premium access!,Ad Copy,ad-0083
Join Now,"[""ad"", ""copy""]",2025-08-14,Friendly message.,Unlock premium access!,Ad Copy,ad-0084
Join Now,"[""ad"", ""copy""]",2025-08-14,Friendly message.,Unlock premium access!,Ad Copy,ad-0085
Join Now,"[""ad"", ""copy""]",2025-08-14,Friendly message.,Unlock premium access!,Ad Copy,ad-0086
Join Now,"[""ad"", ""copy""]",2025-08-14,Friendly message.,Unlock premium access!,Ad Copy,ad-0087
Join Now,"[""ad"", ""copy""]",2025-08-14,Friendly message.,Unlock premium access!,Ad Copy,ad-0088
Join Now,"[""ad"", ""copy""]",2025-08-14,Friendly message.,Unlock premium access!,Ad Copy,ad-0089
Join Now,"[""ad"", ""copy""]",2025-08-14,Friendly message.,Unlock premium access!,Ad Copy,ad-0090
Join Now,"[""ad"", ""copy""]",2025-08-14,Friendly message.,Unlock premium access!,Ad Copy,ad-0091
Join Now,"[""ad"", ""copy""]",2025-08-14,Friendly message.,Unlock premium access!,Ad Copy,ad-0092
Join Now,"[""ad"", ""copy""]",2025-08-14,Friendly message.,Unlock premium access!,Ad Copy,ad-0093
Join Now,"[""ad"", ""copy""]",2025-08-14,Friendly message.,Unlock premium access!,Ad Copy,ad-0094
Join Now,"[""ad"", ""copy""]",2025-08-14,Friendly message.,Unlock premium access!,Ad Copy,ad-0095
Join Now,"[""ad"", ""copy""]",2025-08-14,Friendly message.,Unlock premium access!,Ad Copy,ad-0096
Join Now,"[""ad"", ""copy""]",2025-08-14,Friendly message.,Unlock premium access!,Ad Copy,ad-0097
Join Now,"[""ad"", ""copy""]",2025-08-14,Friendly message.,Unlock premium access!,Ad Copy,ad-0098
Join Now,"[""ad"", ""copy""]",2025-08-14,Friendly message.,Unlock premium access!,Ad Copy,ad-0099
Join Now,"[""ad"", ""copy""]",2025-08-14,Friendly message.,Unlock premium access!,Ad Copy,ad-0100
Join Now,"[""ad"", ""copy""]",2025-08-14,Friendly message.,Unlock premium access!,Ad Copy,ad-0101
Join Now,"[""ad"", ""copy""]",2025-08-14,Friendly message.,Unlock premium access!,Ad Copy,ad-0102
Join Now,"[""ad"", ""copy""]",2025-08-14,Friendly message.,Unlock premium access!,Ad Copy,ad-0103
Join Now,"[""ad"", ""copy""]",2025-08-14,Friendly message.,Unlock premium access!,Ad Copy,ad-0104
Join Now,"[""ad"", ""copy""]",2025-08-14,Friendly message.,Unlock premium access!,Ad Copy,ad-0105
Join Now,"[""ad"", ""copy""]",2025-08-14,Friendly message.,Unlock premium access!,Ad Copy,ad-0106
Join Now,"[""ad"", ""copy""]",2025-08-14,Friendly message.,Unlock premium access!,Ad Copy,ad-0107
Join Now,"[""ad"", ""copy""]",2025-08-14,Friendly message.,Unlock premium access!,Ad Copy,ad-0108
Join Now,"[""ad"", ""copy""]",2025-08-14,Friendly message.,Unlock premium access!,Ad Copy,ad-0109
Join Now,"[""ad"", ""copy""]",2025-08-14,Friendly message.,Unlock premium access!,Ad Copy,ad-0110
Join Now,"[""ad"", ""copy""]",2025-08-14,Friendly message.,Unlock premium access!,Ad Copy,ad-0111
Join Now,"[""ad"", ""copy""]",2025-08-14,Friendly message.,Unlock premium access!,Ad Copy,ad-0112
Join Now,"[""ad"", ""copy""]",2025-08-14,Friendly message.,Unlock premium access!,Ad Copy,ad-0113
Join Now,"[""ad"", ""copy""]",2025-08-14,Friendly message.,Unlock premium access!,Ad Copy,ad-0114
Join Now,"[""ad"", ""copy""]",2025-08-14,Friendly message.,Unlock premium access!,Ad Copy,ad-0115
Join Now,"[""ad"", ""copy""]",2025-08-14,Friendly message.,Unlock premium access!,Ad Copy,ad-0116
Join Now,"[""ad"", ""copy""]",2025-08-14,Friendly message.,Unlock premium access!,Ad Copy,ad-0117
Join Now,"[""ad"", ""copy""]",2025-08-14,Friendly message.,Unlock premium access!,Ad Copy,ad-0118
Join Now,"[""ad"", ""copy""]",2025-08-14,Friendly message.,Unlock premium access!,Ad Copy,ad-0119
Join Now,"[""ad"", ""copy""]",2025-08-14,Friendly message.,Unlock premium access!,Ad Copy,ad-0120
Join Now,"[""ad"", ""copy""]",2025-08-14,Friendly message.,Unlock premium access!,Ad Copy,ad-0121
Join Now,"[""ad"", ""copy""]",2025-08-14,Friendly message.,Unlock premium access!,Ad Copy,ad-0122
Join Now,"[""ad"", ""copy""]",2025-08-14,Friendly message.,Unlock premium access!,Ad Copy,ad-0123
Join Now,"[""ad"", ""copy""]",2025-08-14,Friendly message.,Unlock premium access!,Ad Copy,ad-0124
Join Now,"[""ad"", ""copy""]",2025-08-14,Friendly message.,Unlock premium access!,Ad Copy,ad-0125
Join Now,"[""ad"", ""copy""]",2025-08-14,Friendly message.,Unlock premium access!,Ad Copy,ad-0126
Join Now,"[""ad"", ""copy""]",2025-08-14,Friendly message.,Unlock premium access!,Ad Copy,ad-0127
Join Now,"[""ad"", ""copy""]",2025-08-14,Friendly message.,Unlock premium access!,Ad Copy,ad-0128
Join Now,"[""ad"", ""copy""]",2025-08-14,Friendly message.,Unlock premium access!,Ad Copy,ad-0129
Join Now,"[""ad"", ""copy""]",2025-08-14,Friendly message.,Unlock premium access!,Ad Copy,ad-0130
Join Now,"[""ad"", ""copy""]",2025-08-14,Friendly message.,Unlock premium access!,Ad Copy,ad-0131
Join Now,"[""ad"", ""copy""]",2025-08-14,Friendly message.,Unlock premium access!,Ad Copy,ad-0132
Join Now,"[""ad"", ""copy""]",2025-08-14,Friendly message.,Unlock premium access!,Ad Copy,ad-0133
Join Now,"[""ad"", ""copy""]",2025-08-14,Friendly message.,Unlock premium access!,Ad Copy,ad-0134
Join Now,"[""ad"", ""copy""]",2025-08-14,Friendly message.,Unlock premium access!,Ad Copy,ad-0135
Join Now,"[""ad"", ""copy""]",2025-08-14,Friendly message.,Unlock premium access!,Ad Copy,ad-0136
Join Now,"[""ad"", ""copy""]",2025-08-14,Friendly message.,Unlock premium access!,Ad Copy,ad-0137
Join Now,"[""ad"", ""copy""]",2025-08-14,Friendly message.,Unlock premium access!,Ad Copy,ad-0138
Join Now,"[""ad"", ""copy""]",2025-08-14,Friendly message.,Unlock premium access!,Ad Copy,ad-0139
Join Now,"[""ad"", ""copy""]",2025-08-14,Friendly message.,Unlock premium access!,Ad Copy,ad-0140
Join Now,"[""ad"", ""copy""]",2025-08-14,Friendly message.,Unlock premium access!,Ad Copy,ad-0141
Join Now,"[""ad"", ""copy""]",2025-08-14,Friendly message.,Unlock premium access!,Ad Copy,ad-0142
Join Now,"[""ad"", ""copy""]",2025-08-14,Friendly message.,Unlock premium access!,Ad Copy,ad-0143
Join Now,"[""ad"", ""copy""]",2025-08-14,Friendly message.,Unlock premium access!,Ad Copy,ad-0144
Join Now,"[""ad"", ""copy""]",2025-08-14,Friendly message.,Unlock premium access!,Ad Copy,ad-0145
Join Now,"[""ad"", ""copy""]",2025-08-14,Friendly message.,Unlock premium access!,Ad Copy,ad-0146
Join Now,"[""ad"", ""copy""]",2025-08-14,Friendly message.,Unlock premium access!,Ad Copy,ad-0147
Join Now,"[""ad"", ""copy""]",2025-08-14,Friendly message.,Unlock premium access!,Ad Copy,ad-0148
Join Now,"[""ad"", ""copy""]",2025-08-14,Friendly message.,Unlock premium access!,Ad Copy,ad-0149
Join Now,"[""ad"", ""copy""]",2025-08-14,Friendly message.,Unlock premium access!,Ad Copy,ad-0150
Join Now,"[""ad"", ""copy""]",2025-08-14,Friendly message.,Unlock premium access!,Ad Copy,ad-0151
Join Now,"[""ad"", ""copy""]",2025-08-14,Friendly message.,Unlock premium access!,Ad Copy,ad-0152
Join Now,"[""ad"", ""copy""]",2025-08-14,Friendly message.,Unlock premium access!,Ad Copy,ad-0153
Join Now,"[""ad"", ""copy""]",2025-08-14,Friendly message.,Unlock premium access!,Ad Copy,ad-0154
Join Now,"[""ad"", ""copy""]",2025-08-14,Friendly message.,Unlock premium access!,Ad Copy,ad-0155
Join Now,"[""ad"", ""copy""]",2025-08-14,Friendly message.,Unlock premium access!,Ad Copy,ad-0156
Join Now,"[""ad"", ""copy""]",2025-08-14,Friendly message.,Unlock premium access!,Ad Copy,ad-0157
Join Now,"[""ad"", ""copy""]",2025-08-14,Friendly message.,Unlock premium access!,Ad Copy,ad-0158
Join Now,"[""ad"", ""copy""]",2025-08-14,Friendly message.,Unlock premium access!,Ad Copy,ad-0159
Join Now,"[""ad"", ""copy""]",2025-08-14,Friendly message.,Unlock premium access!,Ad Copy,ad-0160
Join Now,"[""ad"", ""copy""]",2025-08-14,Friendly message.,Unlock premium access!,Ad Copy,ad-0161
Join Now,"[""ad"", ""copy""]",2025-08-14,Friendly message.,Unlock premium access!,Ad Copy,ad-0162
Join Now,"[""ad"", ""copy""]",2025-08-14,Friendly message.,Unlock premium access!,Ad Copy,ad-0163
Join Now,"[""ad"", ""copy""]",2025-08-14,Friendly message.,Unlock premium access!,Ad Copy,ad-0164
Join Now,"[""ad"", ""copy""]",2025-08-14,Friendly message.,Unlock premium access!,Ad Copy,ad-0165
Join Now,"[""ad"", ""copy""]",2025-08-14,Friendly message.,Unlock premium access!,Ad Copy,ad-0166
Join Now,"[""ad"", ""copy""]",2025-08-14,Friendly message.,Unlock premium access!,Ad Copy,ad-0167
Join Now,"[""ad"", ""copy""]",2025-08-14,Friendly message.,Unlock premium access!,Ad Copy,ad-0168
Join Now,"[""ad"", ""copy""]",2025-08-14,Friendly message.,Unlock premium access!,Ad Copy,ad-0169
Join Now,"[""ad"", ""copy""]",2025-08-14,Friendly message.,Unlock premium access!,Ad Copy,ad-0170
Join Now,"[""ad"", ""copy""]",2025-08-14,Friendly message.,Unlock premium access!,Ad Copy,ad-0171
Join Now,"[""ad"", ""copy""]",2025-08-14,Friendly message.,Unlock premium access!,Ad Copy,ad-0172
Join Now,"[""ad"", ""copy""]",2025-08-14,Friendly message.,Unlock premium access!,Ad Copy,ad-0173
Join Now,"[""ad"", ""copy""]",2025-08-14,Friendly message.,Unlock premium access!,Ad Copy,ad-0174
Join Now,"[""ad"", ""copy""]",2025-08-14,Friendly message.,Unlock premium access!,Ad Copy,ad-0175
Join Now,"[""ad"", ""copy""]",2025-08-14,Friendly message.,Unlock premium access!,Ad Copy,ad-0176
Join Now,"[""ad"", ""copy""]",2025-08-14,Friendly message.,Unlock premium access!,Ad Copy,ad-0177
Join Now,"[""ad"", ""copy""]",2025-08-14,Friendly message.,Unlock premium access!,Ad Copy,ad-0178
Join Now,"[""ad"", ""copy""]",2025-08-14,Friendly message.,Unlock premium access!,Ad Copy,ad-0179
Join Now,"[""ad"", ""copy""]",2025-08-14,Friendly message.,Unlock premium access!,Ad Copy,ad-0180
Join Now,"[""ad"", ""copy""]",2025-08-14,Friendly message.,Unlock premium access!,Ad Copy,ad-0181
Join Now,"[""ad"", ""copy""]",2025-08-14,Friendly message.,Unlock premium access!,Ad Copy,ad-0182
Join Now,"[""ad"", ""copy""]",2025-08-14,Friendly message.,Unlock premium access!,Ad Copy,ad-0183
Join Now,"[""ad"", ""copy""]",2025-08-14,Friendly message.,Unlock premium access!,Ad Copy,ad-0184
Join Now,"[""ad"", ""copy""]",2025-08-14,Friendly message.,Unlock premium access!,Ad Copy,ad-0185
Join Now,"[""ad"", ""copy""]",2025-08-14,Friendly message.,Unlock premium access!,Ad Copy,ad-0186
Join Now,"[""ad"", ""copy""]",2025-08-14,Friendly message.,Unlock premium access!,Ad Copy,ad-0187
Join Now,"[""ad"", ""copy""]",2025-08-14,Friendly message.,Unlock premium access!,Ad Copy,ad-0188
Join Now,"[""ad"", ""copy""]",2025-08-14,Friendly message.,Unlock premium access!,Ad Copy,ad-0189
Join Now,"[""ad"", ""copy""]",2025-08-14,Friendly message.,Unlock premium access!,Ad Copy,ad-0190
Join Now,"[""ad"", ""copy""]",2025-08-14,Friendly message.,Unlock premium access!,Ad Copy,ad-0191
Join Now,"[""ad"", ""copy""]",2025-08-14,Friendly message.,Unlock premium access!,Ad Copy,ad-0192
Join Now,"[""ad"", ""copy""]",2025-08-14,Friendly message.,Unlock premium access!,Ad Copy,ad-0193
Join Now,"[""ad"", ""copy""]",2025-08-14,Friendly message.,Unlock premium access!,Ad Copy,ad-0194
Join Now,"[""ad"", ""copy""]",2025-08-14,Friendly message.,Unlock premium access!,Ad Copy,ad-0195
Join Now,"[""ad"", ""copy""]",2025-08-14,Friendly message.,Unlock premium access!,Ad Copy,ad-0196
Join Now,"[""ad"", ""copy""]",2025-08-14,Friendly message.,Unlock premium access!,Ad Copy,ad-0197
Join Now,"[""ad"", ""copy""]",2025-08-14,Friendly message.,Unlock premium access!,Ad Copy,ad-0198
Join Now,"[""ad"", ""copy""]",2025-08-14,Friendly message.,Unlock premium access!,Ad Copy,ad-0199
Join Now,"[""ad"", ""copy""]",2025-08-14,Friendly message.,Unlock premium access!,Ad Copy,ad-0200
Join Now,"[""ad"", ""copy""]",2025-08-14,Friendly message.,Unlock premium access!,Ad Copy,ad-0201
Join Now,"[""ad"", ""copy""]",2025-08-14,Friendly message.,Unlock premium access!,Ad Copy,ad-0202
Join Now,"[""ad"", ""copy""]",2025-08-14,Friendly message.,Unlock premium access!,Ad Copy,ad-0203
Join Now,"[""ad"", ""copy""]",2025-08-14,Friendly message.,Unlock premium access!,Ad Copy,ad-0204
Join Now,"[""ad"", ""copy""]",2025-08-14,Friendly message.,Unlock premium access!,Ad Copy,ad-0205
Join Now,"[""ad"", ""copy""]",2025-08-14,Friendly message.,Unlock premium access!,Ad Copy,ad-0206
Join Now,"[""ad"", ""copy""]",2025-08-14,Friendly message.,Unlock premium access!,Ad Copy,ad-0207
Join Now,"[""ad"", ""copy""]",2025-08-14,Friendly message.,Unlock premium access!,Ad Copy,ad-0208
Join Now,"[""ad"", ""copy""]",2025-08-14,Friendly message.,Unlock premium access!,Ad Copy,ad-0209
Join Now,"[""ad"", ""copy""]",2025-08-14,Friendly message.,Unlock premium access!,Ad Copy,ad-0210
Join Now,"[""ad"", ""copy""]",2025-08-14,Friendly message.,Unlock premium access!,Ad Copy,ad-0211
Join Now,"[""ad"", ""copy""]",2025-08-14,Friendly message.,Unlock premium access!,Ad Copy,ad-0212
Join Now,"[""ad"", ""copy""]",2025-08-14,Friendly message.,Unlock premium access!,Ad Copy,ad-0213
Join Now,"[""ad"", ""copy""]",2025-08-14,Friendly message.,Unlock premium access!,Ad Copy,ad-0214
Join Now,"[""ad"", ""copy""]",2025-08-14,Friendly message.,Unlock premium access!,Ad Copy,ad-0215
Join Now,"[""ad"", ""copy""]",2025-08-14,Friendly message.,Unlock premium access!,Ad Copy,ad-0216
Join Now,"[""ad"", ""copy""]",2025-08-14,Friendly message.,Unlock premium access!,Ad Copy,ad-0217
Join Now,"[""ad"", ""copy""]",2025-08-14,Friendly message.,Unlock premium access!,Ad Copy,ad-0218
Join Now,"[""ad"", ""copy""]",2025-08-14,Friendly message.,Unlock premium access!,Ad Copy,ad-0219
Join Now,"[""ad"", ""copy""]",2025-08-14,Friendly message.,Unlock premium access!,Ad Copy,ad-0220
