tags,utm,last_updated,category,id,cookie_window_days,payout_rules
"[""utm"", ""payout rules""]","{""source"": ""partner"", ""medium"": ""email"", ""campaign"": ""launch-1""}",2025-08-14,Affiliate & Commission,aff-0001,30,"{""model"": ""CPA"", ""rate"": 15.0}"
"[""utm"", ""payout rules""]","{""source"": ""partner"", ""medium"": ""email"", ""campaign"": ""launch-1""}",2025-08-14,Affiliate & Commission,aff-0002,30,"{""model"": ""CPA"", ""rate"": 15.0}"
"[""utm"", ""payout rules""]","{""source"": ""partner"", ""medium"": ""email"", ""campaign"": ""launch-1""}",2025-08-14,Affiliate & Commission,aff-0003,30,"{""model"": ""CPA"", ""rate"": 15.0}"
"[""utm"", ""payout rules""]","{""source"": ""partner"", ""medium"": ""email"", ""campaign"": ""launch-1""}",2025-08-14,Affiliate & Commission,aff-0004,30,"{""model"": ""CPA"", ""rate"": 15.0}"
"[""utm"", ""payout rules""]","{""source"": ""partner"", ""medium"": ""email"", ""campaign"": ""launch-1""}",2025-08-14,Affiliate & Commission,aff-0005,30,"{""model"": ""CPA"", ""rate"": 15.0}"
"[""utm"", ""payout rules""]","{""source"": ""partner"", ""medium"": ""email"", ""campaign"": ""launch-1""}",2025-08-14,Affiliate & Commission,aff-0006,30,"{""model"": ""CPA"", ""rate"": 15.0}"
"[""utm"", ""payout rules""]","{""source"": ""partner"", ""medium"": ""email"", ""campaign"": ""launch-1""}",2025-08-14,Affiliate & Commission,aff-0007,30,"{""model"": ""CPA"", ""rate"": 15.0}"
"[""utm"", ""payout rules""]","{""source"": ""partner"", ""medium"": ""email"", ""campaign"": ""launch-1""}",2025-08-14,Affiliate & Commission,aff-0008,30,"{""model"": ""CPA"", ""rate"": 15.0}"
"[""utm"", ""payout rules""]","{""source"": ""partner"", ""medium"": ""email"", ""campaign"": ""launch-1""}",2025-08-14,Affiliate & Commission,aff-0009,30,"{""model"": ""CPA"", ""rate"": 15.0}"
"[""utm"", ""payout rules""]","{""source"": ""partner"", ""medium"": ""email"", ""campaign"": ""launch-1""}",2025-08-14,Affiliate & Commission,aff-0010,30,"{""model"": ""CPA"", ""rate"": 15.0}"
"[""utm"", ""payout rules""]","{""source"": ""partner"", ""medium"": ""email"", ""campaign"": ""launch-1""}",2025-08-14,Affiliate & Commission,aff-0011,30,"{""model"": ""CPA"", ""rate"": 15.0}"
"[""utm"", ""payout rules""]","{""source"": ""partner"", ""medium"": ""email"", ""campaign"": ""launch-1""}",2025-08-14,Affiliate & Commission,aff-0012,30,"{""model"": ""CPA"", ""rate"": 15.0}"
"[""utm"", ""payout rules""]","{""source"": ""partner"", ""medium"": ""email"", ""campaign"": ""launch-1""}",2025-08-14,Affiliate & Commission,aff-0013,30,"{""model"": ""CPA"", ""rate"": 15.0}"
"[""utm"", ""payout rules""]","{""source"": ""partner"", ""medium"": ""email"", ""campaign"": ""launch-1""}",2025-08-14,Affiliate & Commission,aff-0014,30,"{""model"": ""CPA"", ""rate"": 15.0}"
"[""utm"", ""payout rules""]","{""source"": ""partner"", ""medium"": ""email"", ""campaign"": ""launch-1""}",2025-08-14,Affiliate & Commission,aff-0015,30,"{""model"": ""CPA"", ""rate"": 15.0}"
"[""utm"", ""payout rules""]","{""source"": ""partner"", ""medium"": ""email"", ""campaign"": ""launch-1""}",2025-08-14,Affiliate & Commission,aff-0016,30,"{""model"": ""CPA"", ""rate"": 15.0}"
"[""utm"", ""payout rules""]","{""source"": ""partner"", ""medium"": ""email"", ""campaign"": ""launch-1""}",2025-08-14,Affiliate & Commission,aff-0017,30,"{""model"": ""CPA"", ""rate"": 15.0}"
"[""utm"", ""payout rules""]","{""source"": ""partner"", ""medium"": ""email"", ""campaign"": ""launch-1""}",2025-08-14,Affiliate & Commission,aff-0018,30,"{""model"": ""CPA"", ""rate"": 15.0}"
"[""utm"", ""payout rules""]","{""source"": ""partner"", ""medium"": ""email"", ""campaign"": ""launch-1""}",2025-08-14,Affiliate & Commission,aff-0019,30,"{""model"": ""CPA"", ""rate"": 15.0}"
"[""utm"", ""payout rules""]","{""source"": ""partner"", ""medium"": ""email"", ""campaign"": ""launch-1""}",2025-08-14,Affiliate & Commission,aff-0020,30,"{""model"": ""CPA"", ""rate"": 15.0}"
"[""utm"", ""payout rules""]","{""source"": ""partner"", ""medium"": ""email"", ""campaign"": ""launch-1""}",2025-08-14,Affiliate & Commission,aff-0021,30,"{""model"": ""CPA"", ""rate"": 15.0}"
"[""utm"", ""payout rules""]","{""source"": ""partner"", ""medium"": ""email"", ""campaign"": ""launch-1""}",2025-08-14,Affiliate & Commission,aff-0022,30,"{""model"": ""CPA"", ""rate"": 15.0}"
"[""utm"", ""payout rules""]","{""source"": ""partner"", ""medium"": ""email"", ""campaign"": ""launch-1""}",2025-08-14,Affiliate & Commission,aff-0023,30,"{""model"": ""CPA"", ""rate"": 15.0}"
"[""utm"", ""payout rules""]","{""source"": ""partner"", ""medium"": ""email"", ""campaign"": ""launch-1""}",2025-08-14,Affiliate & Commission,aff-0024,30,"{""model"": ""CPA"", ""rate"": 15.0}"
"[""utm"", ""payout rules""]","{""source"": ""partner"", ""medium"": ""email"", ""campaign"": ""launch-1""}",2025-08-14,Affiliate & Commission,aff-0025,30,"{""model"": ""CPA"", ""rate"": 15.0}"
"[""utm"", ""payout rules""]","{""source"": ""partner"", ""medium"": ""email"", ""campaign"": ""launch-1""}",2025-08-14,Affiliate & Commission,aff-0026,30,"{""model"": ""CPA"", ""rate"": 15.0}"
"[""utm"", ""payout rules""]","{""source"": ""partner"", ""medium"": ""email"", ""campaign"": ""launch-1""}",2025-08-14,Affiliate & Commission,aff-0027,30,"{""model"": ""CPA"", ""rate"": 15.0}"
"[""utm"", ""payout rules""]","{""source"": ""partner"", ""medium"": ""email"", ""campaign"": ""launch-1""}",2025-08-14,Affiliate & Commission,aff-0028,30,"{""model"": ""CPA"", ""rate"": 15.0}"
"[""utm"", ""payout rules""]","{""source"": ""partner"", ""medium"": ""email"", ""campaign"": ""launch-1""}",2025-08-14,Affiliate & Commission,aff-0029,30,"{""model"": ""CPA"", ""rate"": 15.0}"
"[""utm"", ""payout rules""]","{""source"": ""partner"", ""medium"": ""email"", ""campaign"": ""launch-1""}",2025-08-14,Affiliate & Commission,aff-0030,30,"{""model"": ""CPA"", ""rate"": 15.0}"
"[""utm"", ""payout rules""]","{""source"": ""partner"", ""medium"": ""email"", ""campaign"": ""launch-1""}",2025-08-14,Affiliate & Commission,aff-0031,30,"{""model"": ""CPA"", ""rate"": 15.0}"
"[""utm"", ""payout rules""]","{""source"": ""partner"", ""medium"": ""email"", ""campaign"": ""launch-1""}",2025-08-14,Affiliate & Commission,aff-0032,30,"{""model"": ""CPA"", ""rate"": 15.0}"
"[""utm"", ""payout rules""]","{""source"": ""partner"", ""medium"": ""email"", ""campaign"": ""launch-1""}",2025-08-14,Affiliate & Commission,aff-0033,30,"{""model"": ""CPA"", ""rate"": 15.0}"
"[""utm"", ""payout rules""]","{""source"": ""partner"", ""medium"": ""email"", ""campaign"": ""launch-1""}",2025-08-14,Affiliate & Commission,aff-0034,30,"{""model"": ""CPA"", ""rate"": 15.0}"
"[""utm"", ""payout rules""]","{""source"": ""partner"", ""medium"": ""email"", ""campaign"": ""launch-1""}",2025-08-14,Affiliate & Commission,aff-0035,30,"{""model"": ""CPA"", ""rate"": 15.0}"
"[""utm"", ""payout rules""]","{""source"": ""partner"", ""medium"": ""email"", ""campaign"": ""launch-1""}",2025-08-14,Affiliate & Commission,aff-0036,30,"{""model"": ""CPA"", ""rate"": 15.0}"
"[""utm"", ""payout rules""]","{""source"": ""partner"", ""medium"": ""email"", ""campaign"": ""launch-1""}",2025-08-14,Affiliate & Commission,aff-0037,30,"{""model"": ""CPA"", ""rate"": 15.0}"
"[""utm"", ""payout rules""]","{""source"": ""partner"", ""medium"": ""email"", ""campaign"": ""launch-1""}",2025-08-14,Affiliate & Commission,aff-0038,30,"{""model"": ""CPA"", ""rate"": 15.0}"
"[""utm"", ""payout rules""]","{""source"": ""partner"", ""medium"": ""email"", ""campaign"": ""launch-1""}",2025-08-14,Affiliate & Commission,aff-0039,30,"{""model"": ""CPA"", ""rate"": 15.0}"
"[""utm"", ""payout rules""]","{""source"": ""partner"", ""medium"": ""email"", ""campaign"": ""launch-1""}",2025-08-14,Affiliate & Commission,aff-0040,30,"{""model"": ""CPA"", ""rate"": 15.0}"
"[""utm"", ""payout rules""]","{""source"": ""partner"", ""medium"": ""email"", ""campaign"": ""launch-1""}",2025-08-14,Affiliate & Commission,aff-0041,30,"{""model"": ""CPA"", ""rate"": 15.0}"
"[""utm"", ""payout rules""]","{""source"": ""partner"", ""medium"": ""email"", ""campaign"": ""launch-1""}",2025-08-14,Affiliate & Commission,aff-0042,30,"{""model"": ""CPA"", ""rate"": 15.0}"
"[""utm"", ""payout rules""]","{""source"": ""partner"", ""medium"": ""email"", ""campaign"": ""launch-1""}",2025-08-14,Affiliate & Commission,aff-0043,30,"{""model"": ""CPA"", ""rate"": 15.0}"
"[""utm"", ""payout rules""]","{""source"": ""partner"", ""medium"": ""email"", ""campaign"": ""launch-1""}",2025-08-14,Affiliate & Commission,aff-0044,30,"{""model"": ""CPA"", ""rate"": 15.0}"
"[""utm"", ""payout rules""]","{""source"": ""partner"", ""medium"": ""email"", ""campaign"": ""launch-1""}",2025-08-14,Affiliate & Commission,aff-0045,30,"{""model"": ""CPA"", ""rate"": 15.0}"
"[""utm"", ""payout rules""]","{""source"": ""partner"", ""medium"": ""email"", ""campaign"": ""launch-1""}",2025-08-14,Affiliate & Commission,aff-0046,30,"{""model"": ""CPA"", ""rate"": 15.0}"
"[""utm"", ""payout rules""]","{""source"": ""partner"", ""medium"": ""email"", ""campaign"": ""launch-1""}",2025-08-14,Affiliate & Commission,aff-0047,30,"{""model"": ""CPA"", ""rate"": 15.0}"
"[""utm"", ""payout rules""]","{""source"": ""partner"", ""medium"": ""email"", ""campaign"": ""launch-1""}",2025-08-14,Affiliate & Commission,aff-0048,30,"{""model"": ""CPA"", ""rate"": 15.0}"
"[""utm"", ""payout rules""]","{""source"": ""partner"", ""medium"": ""email"", ""campaign"": ""launch-1""}",2025-08-14,Affiliate & Commission,aff-0049,30,"{""model"": ""CPA"", ""rate"": 15.0}"
"[""utm"", ""payout rules""]","{""source"": ""partner"", ""medium"": ""email"", ""campaign"": ""launch-1""}",2025-08-14,Affiliate & Commission,aff-0050,30,"{""model"": ""CPA"", ""rate"": 15.0}"
"[""utm"", ""payout rules""]","{""source"": ""partner"", ""medium"": ""email"", ""campaign"": ""launch-1""}",2025-08-14,Affiliate & Commission,aff-0051,30,"{""model"": ""CPA"", ""rate"": 15.0}"
"[""utm"", ""payout rules""]","{""source"": ""partner"", ""medium"": ""email"", ""campaign"": ""launch-1""}",2025-08-14,Affiliate & Commission,aff-0052,30,"{""model"": ""CPA"", ""rate"": 15.0}"
"[""utm"", ""payout rules""]","{""source"": ""partner"", ""medium"": ""email"", ""campaign"": ""launch-1""}",2025-08-14,Affiliate & Commission,aff-0053,30,"{""model"": ""CPA"", ""rate"": 15.0}"
"[""utm"", ""payout rules""]","{""source"": ""partner"", ""medium"": ""email"", ""campaign"": ""launch-1""}",2025-08-14,Affiliate & Commission,aff-0054,30,"{""model"": ""CPA"", ""rate"": 15.0}"
"[""utm"", ""payout rules""]","{""source"": ""partner"", ""medium"": ""email"", ""campaign"": ""launch-1""}",2025-08-14,Affiliate & Commission,aff-0055,30,"{""model"": ""CPA"", ""rate"": 15.0}"
"[""utm"", ""payout rules""]","{""source"": ""partner"", ""medium"": ""email"", ""campaign"": ""launch-1""}",2025-08-14,Affiliate & Commission,aff-0056,30,"{""model"": ""CPA"", ""rate"": 15.0}"
"[""utm"", ""payout rules""]","{""source"": ""partner"", ""medium"": ""email"", ""campaign"": ""launch-1""}",2025-08-14,Affiliate & Commission,aff-0057,30,"{""model"": ""CPA"", ""rate"": 15.0}"
"[""utm"", ""payout rules""]","{""source"": ""partner"", ""medium"": ""email"", ""campaign"": ""launch-1""}",2025-08-14,Affiliate & Commission,aff-0058,30,"{""model"": ""CPA"", ""rate"": 15.0}"
"[""utm"", ""payout rules""]","{""source"": ""partner"", ""medium"": ""email"", ""campaign"": ""launch-1""}",2025-08-14,Affiliate & Commission,aff-0059,30,"{""model"": ""CPA"", ""rate"": 15.0}"
"[""utm"", ""payout rules""]","{""source"": ""partner"", ""medium"": ""email"", ""campaign"": ""launch-1""}",2025-08-14,Affiliate & Commission,aff-0060,30,"{""model"": ""CPA"", ""rate"": 15.0}"
"[""utm"", ""payout rules""]","{""source"": ""partner"", ""medium"": ""email"", ""campaign"": ""launch-1""}",2025-08-14,Affiliate & Commission,aff-0061,30,"{""model"": ""CPA"", ""rate"": 15.0}"
"[""utm"", ""payout rules""]","{""source"": ""partner"", ""medium"": ""email"", ""campaign"": ""launch-1""}",2025-08-14,Affiliate & Commission,aff-0062,30,"{""model"": ""CPA"", ""rate"": 15.0}"
"[""utm"", ""payout rules""]","{""source"": ""partner"", ""medium"": ""email"", ""campaign"": ""launch-1""}",2025-08-14,Affiliate & Commission,aff-0063,30,"{""model"": ""CPA"", ""rate"": 15.0}"
"[""utm"", ""payout rules""]","{""source"": ""partner"", ""medium"": ""email"", ""campaign"": ""launch-1""}",2025-08-14,Affiliate & Commission,aff-0064,30,"{""model"": ""CPA"", ""rate"": 15.0}"
"[""utm"", ""payout rules""]","{""source"": ""partner"", ""medium"": ""email"", ""campaign"": ""launch-1""}",2025-08-14,Affiliate & Commission,aff-0065,30,"{""model"": ""CPA"", ""rate"": 15.0}"
"[""utm"", ""payout rules""]","{""source"": ""partner"", ""medium"": ""email"", ""campaign"": ""launch-1""}",2025-08-14,Affiliate & Commission,aff-0066,30,"{""model"": ""CPA"", ""rate"": 15.0}"
"[""utm"", ""payout rules""]","{""source"": ""partner"", ""medium"": ""email"", ""campaign"": ""launch-1""}",2025-08-14,Affiliate & Commission,aff-0067,30,"{""model"": ""CPA"", ""rate"": 15.0}"
"[""utm"", ""payout rules""]","{""source"": ""partner"", ""medium"": ""email"", ""campaign"": ""launch-1""}",2025-08-14,Affiliate & Commission,aff-0068,30,"{""model"": ""CPA"", ""rate"": 15.0}"
"[""utm"", ""payout rules""]","{""source"": ""partner"", ""medium"": ""email"", ""campaign"": ""launch-1""}",2025-08-14,Affiliate & Commission,aff-0069,30,"{""model"": ""CPA"", ""rate"": 15.0}"
"[""utm"", ""payout rules""]","{""source"": ""partner"", ""medium"": ""email"", ""campaign"": ""launch-1""}",2025-08-14,Affiliate & Commission,aff-0070,30,"{""model"": ""CPA"", ""rate"": 15.0}"
"[""utm"", ""payout rules""]","{""source"": ""partner"", ""medium"": ""email"", ""campaign"": ""launch-1""}",2025-08-14,Affiliate & Commission,aff-0071,30,"{""model"": ""CPA"", ""rate"": 15.0}"
"[""utm"", ""payout rules""]","{""source"": ""partner"", ""medium"": ""email"", ""campaign"": ""launch-1""}",2025-08-14,Affiliate & Commission,aff-0072,30,"{""model"": ""CPA"", ""rate"": 15.0}"
"[""utm"", ""payout rules""]","{""source"": ""partner"", ""medium"": ""email"", ""campaign"": ""launch-1""}",2025-08-14,Affiliate & Commission,aff-0073,30,"{""model"": ""CPA"", ""rate"": 15.0}"
"[""utm"", ""payout rules""]","{""source"": ""partner"", ""medium"": ""email"", ""campaign"": ""launch-1""}",2025-08-14,Affiliate & Commission,aff-0074,30,"{""model"": ""CPA"", ""rate"": 15.0}"
"[""utm"", ""payout rules""]","{""source"": ""partner"", ""medium"": ""email"", ""campaign"": ""launch-1""}",2025-08-14,Affiliate & Commission,aff-0075,30,"{""model"": ""CPA"", ""rate"": 15.0}"
"[""utm"", ""payout rules""]","{""source"": ""partner"", ""medium"": ""email"", ""campaign"": ""launch-1""}",2025-08-14,Affiliate & Commission,aff-0076,30,"{""model"": ""CPA"", ""rate"": 15.0}"
"[""utm"", ""payout rules""]","{""source"": ""partner"", ""medium"": ""email"", ""campaign"": ""launch-1""}",2025-08-14,Affiliate & Commission,aff-0077,30,"{""model"": ""CPA"", ""rate"": 15.0}"
"[""utm"", ""payout rules""]","{""source"": ""partner"", ""medium"": ""email"", ""campaign"": ""launch-1""}",2025-08-14,Affiliate & Commission,aff-0078,30,"{""model"": ""CPA"", ""rate"": 15.0}"
"[""utm"", ""payout rules""]","{""source"": ""partner"", ""medium"": ""email"", ""campaign"": ""launch-1""}",2025-08-14,Affiliate & Commission,aff-0079,30,"{""model"": ""CPA"", ""rate"": 15.0}"
"[""utm"", ""payout rules""]","{""source"": ""partner"", ""medium"": ""email"", ""campaign"": ""launch-1""}",2025-08-14,Affiliate & Commission,aff-0080,30,"{""model"": ""CPA"", ""rate"": 15.0}"
"[""utm"", ""payout rules""]","{""source"": ""partner"", ""medium"": ""email"", ""campaign"": ""launch-1""}",2025-08-14,Affiliate & Commission,aff-0081,30,"{""model"": ""CPA"", ""rate"": 15.0}"
"[""utm"", ""payout rules""]","{""source"": ""partner"", ""medium"": ""email"", ""campaign"": ""launch-1""}",2025-08-14,Affiliate & Commission,aff-0082,30,"{""model"": ""CPA"", ""rate"": 15.0}"
"[""utm"", ""payout rules""]","{""source"": ""partner"", ""medium"": ""email"", ""campaign"": ""launch-1""}",2025-08-14,Affiliate & Commission,aff-0083,30,"{""model"": ""CPA"", ""rate"": 15.0}"
"[""utm"", ""payout rules""]","{""source"": ""partner"", ""medium"": ""email"", ""campaign"": ""launch-1""}",2025-08-14,Affiliate & Commission,aff-0084,30,"{""model"": ""CPA"", ""rate"": 15.0}"
"[""utm"", ""payout rules""]","{""source"": ""partner"", ""medium"": ""email"", ""campaign"": ""launch-1""}",2025-08-14,Affiliate & Commission,aff-0085,30,"{""model"": ""CPA"", ""rate"": 15.0}"
"[""utm"", ""payout rules""]","{""source"": ""partner"", ""medium"": ""email"", ""campaign"": ""launch-1""}",2025-08-14,Affiliate & Commission,aff-0086,30,"{""model"": ""CPA"", ""rate"": 15.0}"
"[""utm"", ""payout rules""]","{""source"": ""partner"", ""medium"": ""email"", ""campaign"": ""launch-1""}",2025-08-14,Affiliate & Commission,aff-0087,30,"{""model"": ""CPA"", ""rate"": 15.0}"
"[""utm"", ""payout rules""]","{""source"": ""partner"", ""medium"": ""email"", ""campaign"": ""launch-1""}",2025-08-14,Affiliate & Commission,aff-0088,30,"{""model"": ""CPA"", ""rate"": 15.0}"
"[""utm"", ""payout rules""]","{""source"": ""partner"", ""medium"": ""email"", ""campaign"": ""launch-1""}",2025-08-14,Affiliate & Commission,aff-0089,30,"{""model"": ""CPA"", ""rate"": 15.0}"
"[""utm"", ""payout rules""]","{""source"": ""partner"", ""medium"": ""email"", ""campaign"": ""launch-1""}",2025-08-14,Affiliate & Commission,aff-0090,30,"{""model"": ""CPA"", ""rate"": 15.0}"
"[""utm"", ""payout rules""]","{""source"": ""partner"", ""medium"": ""email"", ""campaign"": ""launch-1""}",2025-08-14,Affiliate & Commission,aff-0091,30,"{""model"": ""CPA"", ""rate"": 15.0}"
"[""utm"", ""payout rules""]","{""source"": ""partner"", ""medium"": ""email"", ""campaign"": ""launch-1""}",2025-08-14,Affiliate & Commission,aff-0092,30,"{""model"": ""CPA"", ""rate"": 15.0}"
"[""utm"", ""payout rules""]","{""source"": ""partner"", ""medium"": ""email"", ""campaign"": ""launch-1""}",2025-08-14,Affiliate & Commission,aff-0093,30,"{""model"": ""CPA"", ""rate"": 15.0}"
"[""utm"", ""payout rules""]","{""source"": ""partner"", ""medium"": ""email"", ""campaign"": ""launch-1""}",2025-08-14,Affiliate & Commission,aff-0094,30,"{""model"": ""CPA"", ""rate"": 15.0}"
"[""utm"", ""payout rules""]","{""source"": ""partner"", ""medium"": ""email"", ""campaign"": ""launch-1""}",2025-08-14,Affiliate & Commission,aff-0095,30,"{""model"": ""CPA"", ""rate"": 15.0}"
"[""utm"", ""payout rules""]","{""source"": ""partner"", ""medium"": ""email"", ""campaign"": ""launch-1""}",2025-08-14,Affiliate & Commission,aff-0096,30,"{""model"": ""CPA"", ""rate"": 15.0}"
"[""utm"", ""payout rules""]","{""source"": ""partner"", ""medium"": ""email"", ""campaign"": ""launch-1""}",2025-08-14,Affiliate & Commission,aff-0097,30,"{""model"": ""CPA"", ""rate"": 15.0}"
"[""utm"", ""payout rules""]","{""source"": ""partner"", ""medium"": ""email"", ""campaign"": ""launch-1""}",2025-08-14,Affiliate & Commission,aff-0098,30,"{""model"": ""CPA"", ""rate"": 15.0}"
"[""utm"", ""payout rules""]","{""source"": ""partner"", ""medium"": ""email"", ""campaign"": ""launch-1""}",2025-08-14,Affiliate & Commission,aff-0099,30,"{""model"": ""CPA"", ""rate"": 15.0}"
"[""utm"", ""payout rules""]","{""source"": ""partner"", ""medium"": ""email"", ""campaign"": ""launch-1""}",2025-08-14,Affiliate & Commission,aff-0100,30,"{""model"": ""CPA"", ""rate"": 15.0}"
"[""utm"", ""payout rules""]","{""source"": ""partner"", ""medium"": ""email"", ""campaign"": ""launch-1""}",2025-08-14,Affiliate & Commission,aff-0101,30,"{""model"": ""CPA"", ""rate"": 15.0}"
"[""utm"", ""payout rules""]","{""source"": ""partner"", ""medium"": ""email"", ""campaign"": ""launch-1""}",2025-08-14,Affiliate & Commission,aff-0102,30,"{""model"": ""CPA"", ""rate"": 15.0}"
"[""utm"", ""payout rules""]","{""source"": ""partner"", ""medium"": ""email"", ""campaign"": ""launch-1""}",2025-08-14,Affiliate & Commission,aff-0103,30,"{""model"": ""CPA"", ""rate"": 15.0}"
"[""utm"", ""payout rules""]","{""source"": ""partner"", ""medium"": ""email"", ""campaign"": ""launch-1""}",2025-08-14,Affiliate & Commission,aff-0104,30,"{""model"": ""CPA"", ""rate"": 15.0}"
"[""utm"", ""payout rules""]","{""source"": ""partner"", ""medium"": ""email"", ""campaign"": ""launch-1""}",2025-08-14,Affiliate & Commission,aff-0105,30,"{""model"": ""CPA"", ""rate"": 15.0}"
"[""utm"", ""payout rules""]","{""source"": ""partner"", ""medium"": ""email"", ""campaign"": ""launch-1""}",2025-08-14,Affiliate & Commission,aff-0106,30,"{""model"": ""CPA"", ""rate"": 15.0}"
"[""utm"", ""payout rules""]","{""source"": ""partner"", ""medium"": ""email"", ""campaign"": ""launch-1""}",2025-08-14,Affiliate & Commission,aff-0107,30,"{""model"": ""CPA"", ""rate"": 15.0}"
"[""utm"", ""payout rules""]","{""source"": ""partner"", ""medium"": ""email"", ""campaign"": ""launch-1""}",2025-08-14,Affiliate & Commission,aff-0108,30,"{""model"": ""CPA"", ""rate"": 15.0}"
"[""utm"", ""payout rules""]","{""source"": ""partner"", ""medium"": ""email"", ""campaign"": ""launch-1""}",2025-08-14,Affiliate & Commission,aff-0109,30,"{""model"": ""CPA"", ""rate"": 15.0}"
"[""utm"", ""payout rules""]","{""source"": ""partner"", ""medium"": ""email"", ""campaign"": ""launch-1""}",2025-08-14,Affiliate & Commission,aff-0110,30,"{""model"": ""CPA"", ""rate"": 15.0}"
"[""utm"", ""payout rules""]","{""source"": ""partner"", ""medium"": ""email"", ""campaign"": ""launch-1""}",2025-08-14,Affiliate & Commission,aff-0111,30,"{""model"": ""CPA"", ""rate"": 15.0}"
"[""utm"", ""payout rules""]","{""source"": ""partner"", ""medium"": ""email"", ""campaign"": ""launch-1""}",2025-08-14,Affiliate & Commission,aff-0112,30,"{""model"": ""CPA"", ""rate"": 15.0}"
"[""utm"", ""payout rules""]","{""source"": ""partner"", ""medium"": ""email"", ""campaign"": ""launch-1""}",2025-08-14,Affiliate & Commission,aff-0113,30,"{""model"": ""CPA"", ""rate"": 15.0}"
"[""utm"", ""payout rules""]","{""source"": ""partner"", ""medium"": ""email"", ""campaign"": ""launch-1""}",2025-08-14,Affiliate & Commission,aff-0114,30,"{""model"": ""CPA"", ""rate"": 15.0}"
"[""utm"", ""payout rules""]","{""source"": ""partner"", ""medium"": ""email"", ""campaign"": ""launch-1""}",2025-08-14,Affiliate & Commission,aff-0115,30,"{""model"": ""CPA"", ""rate"": 15.0}"
"[""utm"", ""payout rules""]","{""source"": ""partner"", ""medium"": ""email"", ""campaign"": ""launch-1""}",2025-08-14,Affiliate & Commission,aff-0116,30,"{""model"": ""CPA"", ""rate"": 15.0}"
"[""utm"", ""payout rules""]","{""source"": ""partner"", ""medium"": ""email"", ""campaign"": ""launch-1""}",2025-08-14,Affiliate & Commission,aff-0117,30,"{""model"": ""CPA"", ""rate"": 15.0}"
"[""utm"", ""payout rules""]","{""source"": ""partner"", ""medium"": ""email"", ""campaign"": ""launch-1""}",2025-08-14,Affiliate & Commission,aff-0118,30,"{""model"": ""CPA"", ""rate"": 15.0}"
"[""utm"", ""payout rules""]","{""source"": ""partner"", ""medium"": ""email"", ""campaign"": ""launch-1""}",2025-08-14,Affiliate & Commission,aff-0119,30,"{""model"": ""CPA"", ""rate"": 15.0}"
"[""utm"", ""payout rules""]","{""source"": ""partner"", ""medium"": ""email"", ""campaign"": ""launch-1""}",2025-08-14,Affiliate & Commission,aff-0120,30,"{""model"": ""CPA"", ""rate"": 15.0}"
"[""utm"", ""payout rules""]","{""source"": ""partner"", ""medium"": ""email"", ""campaign"": ""launch-1""}",2025-08-14,Affiliate & Commission,aff-0121,30,"{""model"": ""CPA"", ""rate"": 15.0}"
"[""utm"", ""payout rules""]","{""source"": ""partner"", ""medium"": ""email"", ""campaign"": ""launch-1""}",2025-08-14,Affiliate & Commission,aff-0122,30,"{""model"": ""CPA"", ""rate"": 15.0}"
"[""utm"", ""payout rules""]","{""source"": ""partner"", ""medium"": ""email"", ""campaign"": ""launch-1""}",2025-08-14,Affiliate & Commission,aff-0123,30,"{""model"": ""CPA"", ""rate"": 15.0}"
"[""utm"", ""payout rules""]","{""source"": ""partner"", ""medium"": ""email"", ""campaign"": ""launch-1""}",2025-08-14,Affiliate & Commission,aff-0124,30,"{""model"": ""CPA"", ""rate"": 15.0}"
"[""utm"", ""payout rules""]","{""source"": ""partner"", ""medium"": ""email"", ""campaign"": ""launch-1""}",2025-08-14,Affiliate & Commission,aff-0125,30,"{""model"": ""CPA"", ""rate"": 15.0}"
"[""utm"", ""payout rules""]","{""source"": ""partner"", ""medium"": ""email"", ""campaign"": ""launch-1""}",2025-08-14,Affiliate & Commission,aff-0126,30,"{""model"": ""CPA"", ""rate"": 15.0}"
"[""utm"", ""payout rules""]","{""source"": ""partner"", ""medium"": ""email"", ""campaign"": ""launch-1""}",2025-08-14,Affiliate & Commission,aff-0127,30,"{""model"": ""CPA"", ""rate"": 15.0}"
"[""utm"", ""payout rules""]","{""source"": ""partner"", ""medium"": ""email"", ""campaign"": ""launch-1""}",2025-08-14,Affiliate & Commission,aff-0128,30,"{""model"": ""CPA"", ""rate"": 15.0}"
"[""utm"", ""payout rules""]","{""source"": ""partner"", ""medium"": ""email"", ""campaign"": ""launch-1""}",2025-08-14,Affiliate & Commission,aff-0129,30,"{""model"": ""CPA"", ""rate"": 15.0}"
"[""utm"", ""payout rules""]","{""source"": ""partner"", ""medium"": ""email"", ""campaign"": ""launch-1""}",2025-08-14,Affiliate & Commission,aff-0130,30,"{""model"": ""CPA"", ""rate"": 15.0}"
"[""utm"", ""payout rules""]","{""source"": ""partner"", ""medium"": ""email"", ""campaign"": ""launch-1""}",2025-08-14,Affiliate & Commission,aff-0131,30,"{""model"": ""CPA"", ""rate"": 15.0}"
"[""utm"", ""payout rules""]","{""source"": ""partner"", ""medium"": ""email"", ""campaign"": ""launch-1""}",2025-08-14,Affiliate & Commission,aff-0132,30,"{""model"": ""CPA"", ""rate"": 15.0}"
"[""utm"", ""payout rules""]","{""source"": ""partner"", ""medium"": ""email"", ""campaign"": ""launch-1""}",2025-08-14,Affiliate & Commission,aff-0133,30,"{""model"": ""CPA"", ""rate"": 15.0}"
"[""utm"", ""payout rules""]","{""source"": ""partner"", ""medium"": ""email"", ""campaign"": ""launch-1""}",2025-08-14,Affiliate & Commission,aff-0134,30,"{""model"": ""CPA"", ""rate"": 15.0}"
"[""utm"", ""payout rules""]","{""source"": ""partner"", ""medium"": ""email"", ""campaign"": ""launch-1""}",2025-08-14,Affiliate & Commission,aff-0135,30,"{""model"": ""CPA"", ""rate"": 15.0}"
"[""utm"", ""payout rules""]","{""source"": ""partner"", ""medium"": ""email"", ""campaign"": ""launch-1""}",2025-08-14,Affiliate & Commission,aff-0136,30,"{""model"": ""CPA"", ""rate"": 15.0}"
"[""utm"", ""payout rules""]","{""source"": ""partner"", ""medium"": ""email"", ""campaign"": ""launch-1""}",2025-08-14,Affiliate & Commission,aff-0137,30,"{""model"": ""CPA"", ""rate"": 15.0}"
"[""utm"", ""payout rules""]","{""source"": ""partner"", ""medium"": ""email"", ""campaign"": ""launch-1""}",2025-08-14,Affiliate & Commission,aff-0138,30,"{""model"": ""CPA"", ""rate"": 15.0}"
"[""utm"", ""payout rules""]","{""source"": ""partner"", ""medium"": ""email"", ""campaign"": ""launch-1""}",2025-08-14,Affiliate & Commission,aff-0139,30,"{""model"": ""CPA"", ""rate"": 15.0}"
"[""utm"", ""payout rules""]","{""source"": ""partner"", ""medium"": ""email"", ""campaign"": ""launch-1""}",2025-08-14,Affiliate & Commission,aff-0140,30,"{""model"": ""CPA"", ""rate"": 15.0}"
"[""utm"", ""payout rules""]","{""source"": ""partner"", ""medium"": ""email"", ""campaign"": ""launch-1""}",2025-08-14,Affiliate & Commission,aff-0141,30,"{""model"": ""CPA"", ""rate"": 15.0}"
"[""utm"", ""payout rules""]","{""source"": ""partner"", ""medium"": ""email"", ""campaign"": ""launch-1""}",2025-08-14,Affiliate & Commission,aff-0142,30,"{""model"": ""CPA"", ""rate"": 15.0}"
"[""utm"", ""payout rules""]","{""source"": ""partner"", ""medium"": ""email"", ""campaign"": ""launch-1""}",2025-08-14,Affiliate & Commission,aff-0143,30,"{""model"": ""CPA"", ""rate"": 15.0}"
"[""utm"", ""payout rules""]","{""source"": ""partner"", ""medium"": ""email"", ""campaign"": ""launch-1""}",2025-08-14,Affiliate & Commission,aff-0144,30,"{""model"": ""CPA"", ""rate"": 15.0}"
"[""utm"", ""payout rules""]","{""source"": ""partner"", ""medium"": ""email"", ""campaign"": ""launch-1""}",2025-08-14,Affiliate & Commission,aff-0145,30,"{""model"": ""CPA"", ""rate"": 15.0}"
"[""utm"", ""payout rules""]","{""source"": ""partner"", ""medium"": ""email"", ""campaign"": ""launch-1""}",2025-08-14,Affiliate & Commission,aff-0146,30,"{""model"": ""CPA"", ""rate"": 15.0}"
"[""utm"", ""payout rules""]","{""source"": ""partner"", ""medium"": ""email"", ""campaign"": ""launch-1""}",2025-08-14,Affiliate & Commission,aff-0147,30,"{""model"": ""CPA"", ""rate"": 15.0}"
"[""utm"", ""payout rules""]","{""source"": ""partner"", ""medium"": ""email"", ""campaign"": ""launch-1""}",2025-08-14,Affiliate & Commission,aff-0148,30,"{""model"": ""CPA"", ""rate"": 15.0}"
"[""utm"", ""payout rules""]","{""source"": ""partner"", ""medium"": ""email"", ""campaign"": ""launch-1""}",2025-08-14,Affiliate & Commission,aff-0149,30,"{""model"": ""CPA"", ""rate"": 15.0}"
"[""utm"", ""payout rules""]","{""source"": ""partner"", ""medium"": ""email"", ""campaign"": ""launch-1""}",2025-08-14,Affiliate & Commission,aff-0150,30,"{""model"": ""CPA"", ""rate"": 15.0}"
"[""utm"", ""payout rules""]","{""source"": ""partner"", ""medium"": ""email"", ""campaign"": ""launch-1""}",2025-08-14,Affiliate & Commission,aff-0151,30,"{""model"": ""CPA"", ""rate"": 15.0}"
"[""utm"", ""payout rules""]","{""source"": ""partner"", ""medium"": ""email"", ""campaign"": ""launch-1""}",2025-08-14,Affiliate & Commission,aff-0152,30,"{""model"": ""CPA"", ""rate"": 15.0}"
"[""utm"", ""payout rules""]","{""source"": ""partner"", ""medium"": ""email"", ""campaign"": ""launch-1""}",2025-08-14,Affiliate & Commission,aff-0153,30,"{""model"": ""CPA"", ""rate"": 15.0}"
"[""utm"", ""payout rules""]","{""source"": ""partner"", ""medium"": ""email"", ""campaign"": ""launch-1""}",2025-08-14,Affiliate & Commission,aff-0154,30,"{""model"": ""CPA"", ""rate"": 15.0}"
"[""utm"", ""payout rules""]","{""source"": ""partner"", ""medium"": ""email"", ""campaign"": ""launch-1""}",2025-08-14,Affiliate & Commission,aff-0155,30,"{""model"": ""CPA"", ""rate"": 15.0}"
"[""utm"", ""payout rules""]","{""source"": ""partner"", ""medium"": ""email"", ""campaign"": ""launch-1""}",2025-08-14,Affiliate & Commission,aff-0156,30,"{""model"": ""CPA"", ""rate"": 15.0}"
"[""utm"", ""payout rules""]","{""source"": ""partner"", ""medium"": ""email"", ""campaign"": ""launch-1""}",2025-08-14,Affiliate & Commission,aff-0157,30,"{""model"": ""CPA"", ""rate"": 15.0}"
"[""utm"", ""payout rules""]","{""source"": ""partner"", ""medium"": ""email"", ""campaign"": ""launch-1""}",2025-08-14,Affiliate & Commission,aff-0158,30,"{""model"": ""CPA"", ""rate"": 15.0}"
"[""utm"", ""payout rules""]","{""source"": ""partner"", ""medium"": ""email"", ""campaign"": ""launch-1""}",2025-08-14,Affiliate & Commission,aff-0159,30,"{""model"": ""CPA"", ""rate"": 15.0}"
"[""utm"", ""payout rules""]","{""source"": ""partner"", ""medium"": ""email"", ""campaign"": ""launch-1""}",2025-08-14,Affiliate & Commission,aff-0160,30,"{""model"": ""CPA"", ""rate"": 15.0}"
"[""utm"", ""payout rules""]","{""source"": ""partner"", ""medium"": ""email"", ""campaign"": ""launch-1""}",2025-08-14,Affiliate & Commission,aff-0161,30,"{""model"": ""CPA"", ""rate"": 15.0}"
"[""utm"", ""payout rules""]","{""source"": ""partner"", ""medium"": ""email"", ""campaign"": ""launch-1""}",2025-08-14,Affiliate & Commission,aff-0162,30,"{""model"": ""CPA"", ""rate"": 15.0}"
"[""utm"", ""payout rules""]","{""source"": ""partner"", ""medium"": ""email"", ""campaign"": ""launch-1""}",2025-08-14,Affiliate & Commission,aff-0163,30,"{""model"": ""CPA"", ""rate"": 15.0}"
"[""utm"", ""payout rules""]","{""source"": ""partner"", ""medium"": ""email"", ""campaign"": ""launch-1""}",2025-08-14,Affiliate & Commission,aff-0164,30,"{""model"": ""CPA"", ""rate"": 15.0}"
"[""utm"", ""payout rules""]","{""source"": ""partner"", ""medium"": ""email"", ""campaign"": ""launch-1""}",2025-08-14,Affiliate & Commission,aff-0165,30,"{""model"": ""CPA"", ""rate"": 15.0}"
"[""utm"", ""payout rules""]","{""source"": ""partner"", ""medium"": ""email"", ""campaign"": ""launch-1""}",2025-08-14,Affiliate & Commission,aff-0166,30,"{""model"": ""CPA"", ""rate"": 15.0}"
"[""utm"", ""payout rules""]","{""source"": ""partner"", ""medium"": ""email"", ""campaign"": ""launch-1""}",2025-08-14,Affiliate & Commission,aff-0167,30,"{""model"": ""CPA"", ""rate"": 15.0}"
"[""utm"", ""payout rules""]","{""source"": ""partner"", ""medium"": ""email"", ""campaign"": ""launch-1""}",2025-08-14,Affiliate & Commission,aff-0168,30,"{""model"": ""CPA"", ""rate"": 15.0}"
"[""utm"", ""payout rules""]","{""source"": ""partner"", ""medium"": ""email"", ""campaign"": ""launch-1""}",2025-08-14,Affiliate & Commission,aff-0169,30,"{""model"": ""CPA"", ""rate"": 15.0}"
"[""utm"", ""payout rules""]","{""source"": ""partner"", ""medium"": ""email"", ""campaign"": ""launch-1""}",2025-08-14,Affiliate & Commission,aff-0170,30,"{""model"": ""CPA"", ""rate"": 15.0}"
"[""utm"", ""payout rules""]","{""source"": ""partner"", ""medium"": ""email"", ""campaign"": ""launch-1""}",2025-08-14,Affiliate & Commission,aff-0171,30,"{""model"": ""CPA"", ""rate"": 15.0}"
"[""utm"", ""payout rules""]","{""source"": ""partner"", ""medium"": ""email"", ""campaign"": ""launch-1""}",2025-08-14,Affiliate & Commission,aff-0172,30,"{""model"": ""CPA"", ""rate"": 15.0}"
"[""utm"", ""payout rules""]","{""source"": ""partner"", ""medium"": ""email"", ""campaign"": ""launch-1""}",2025-08-14,Affiliate & Commission,aff-0173,30,"{""model"": ""CPA"", ""rate"": 15.0}"
"[""utm"", ""payout rules""]","{""source"": ""partner"", ""medium"": ""email"", ""campaign"": ""launch-1""}",2025-08-14,Affiliate & Commission,aff-0174,30,"{""model"": ""CPA"", ""rate"": 15.0}"
"[""utm"", ""payout rules""]","{""source"": ""partner"", ""medium"": ""email"", ""campaign"": ""launch-1""}",2025-08-14,Affiliate & Commission,aff-0175,30,"{""model"": ""CPA"", ""rate"": 15.0}"
"[""utm"", ""payout rules""]","{""source"": ""partner"", ""medium"": ""email"", ""campaign"": ""launch-1""}",2025-08-14,Affiliate & Commission,aff-0176,30,"{""model"": ""CPA"", ""rate"": 15.0}"
"[""utm"", ""payout rules""]","{""source"": ""partner"", ""medium"": ""email"", ""campaign"": ""launch-1""}",2025-08-14,Affiliate & Commission,aff-0177,30,"{""model"": ""CPA"", ""rate"": 15.0}"
"[""utm"", ""payout rules""]","{""source"": ""partner"", ""medium"": ""email"", ""campaign"": ""launch-1""}",2025-08-14,Affiliate & Commission,aff-0178,30,"{""model"": ""CPA"", ""rate"": 15.0}"
"[""utm"", ""payout rules""]","{""source"": ""partner"", ""medium"": ""email"", ""campaign"": ""launch-1""}",2025-08-14,Affiliate & Commission,aff-0179,30,"{""model"": ""CPA"", ""rate"": 15.0}"
"[""utm"", ""payout rules""]","{""source"": ""partner"", ""medium"": ""email"", ""campaign"": ""launch-1""}",2025-08-14,Affiliate & Commission,aff-0180,30,"{""model"": ""CPA"", ""rate"": 15.0}"
"[""utm"", ""payout rules""]","{""source"": ""partner"", ""medium"": ""email"", ""campaign"": ""launch-1""}",2025-08-14,Affiliate & Commission,aff-0181,30,"{""model"": ""CPA"", ""rate"": 15.0}"
"[""utm"", ""payout rules""]","{""source"": ""partner"", ""medium"": ""email"", ""campaign"": ""launch-1""}",2025-08-14,Affiliate & Commission,aff-0182,30,"{""model"": ""CPA"", ""rate"": 15.0}"
"[""utm"", ""payout rules""]","{""source"": ""partner"", ""medium"": ""email"", ""campaign"": ""launch-1""}",2025-08-14,Affiliate & Commission,aff-0183,30,"{""model"": ""CPA"", ""rate"": 15.0}"
"[""utm"", ""payout rules""]","{""source"": ""partner"", ""medium"": ""email"", ""campaign"": ""launch-1""}",2025-08-14,Affiliate & Commission,aff-0184,30,"{""model"": ""CPA"", ""rate"": 15.0}"
"[""utm"", ""payout rules""]","{""source"": ""partner"", ""medium"": ""email"", ""campaign"": ""launch-1""}",2025-08-14,Affiliate & Commission,aff-0185,30,"{""model"": ""CPA"", ""rate"": 15.0}"
"[""utm"", ""payout rules""]","{""source"": ""partner"", ""medium"": ""email"", ""campaign"": ""launch-1""}",2025-08-14,Affiliate & Commission,aff-0186,30,"{""model"": ""CPA"", ""rate"": 15.0}"
"[""utm"", ""payout rules""]","{""source"": ""partner"", ""medium"": ""email"", ""campaign"": ""launch-1""}",2025-08-14,Affiliate & Commission,aff-0187,30,"{""model"": ""CPA"", ""rate"": 15.0}"
"[""utm"", ""payout rules""]","{""source"": ""partner"", ""medium"": ""email"", ""campaign"": ""launch-1""}",2025-08-14,Affiliate & Commission,aff-0188,30,"{""model"": ""CPA"", ""rate"": 15.0}"
"[""utm"", ""payout rules""]","{""source"": ""partner"", ""medium"": ""email"", ""campaign"": ""launch-1""}",2025-08-14,Affiliate & Commission,aff-0189,30,"{""model"": ""CPA"", ""rate"": 15.0}"
"[""utm"", ""payout rules""]","{""source"": ""partner"", ""medium"": ""email"", ""campaign"": ""launch-1""}",2025-08-14,Affiliate & Commission,aff-0190,30,"{""model"": ""CPA"", ""rate"": 15.0}"
"[""utm"", ""payout rules""]","{""source"": ""partner"", ""medium"": ""email"", ""campaign"": ""launch-1""}",2025-08-14,Affiliate & Commission,aff-0191,30,"{""model"": ""CPA"", ""rate"": 15.0}"
"[""utm"", ""payout rules""]","{""source"": ""partner"", ""medium"": ""email"", ""campaign"": ""launch-1""}",2025-08-14,Affiliate & Commission,aff-0192,30,"{""model"": ""CPA"", ""rate"": 15.0}"
"[""utm"", ""payout rules""]","{""source"": ""partner"", ""medium"": ""email"", ""campaign"": ""launch-1""}",2025-08-14,Affiliate & Commission,aff-0193,30,"{""model"": ""CPA"", ""rate"": 15.0}"
"[""utm"", ""payout rules""]","{""source"": ""partner"", ""medium"": ""email"", ""campaign"": ""launch-1""}",2025-08-14,Affiliate & Commission,aff-0194,30,"{""model"": ""CPA"", ""rate"": 15.0}"
"[""utm"", ""payout rules""]","{""source"": ""partner"", ""medium"": ""email"", ""campaign"": ""launch-1""}",2025-08-14,Affiliate & Commission,aff-0195,30,"{""model"": ""CPA"", ""rate"": 15.0}"
"[""utm"", ""payout rules""]","{""source"": ""partner"", ""medium"": ""email"", ""campaign"": ""launch-1""}",2025-08-14,Affiliate & Commission,aff-0196,30,"{""model"": ""CPA"", ""rate"": 15.0}"
"[""utm"", ""payout rules""]","{""source"": ""partner"", ""medium"": ""email"", ""campaign"": ""launch-1""}",2025-08-14,Affiliate & Commission,aff-0197,30,"{""model"": ""CPA"", ""rate"": 15.0}"
"[""utm"", ""payout rules""]","{""source"": ""partner"", ""medium"": ""email"", ""campaign"": ""launch-1""}",2025-08-14,Affiliate & Commission,aff-0198,30,"{""model"": ""CPA"", ""rate"": 15.0}"
"[""utm"", ""payout rules""]","{""source"": ""partner"", ""medium"": ""email"", ""campaign"": ""launch-1""}",2025-08-14,Affiliate & Commission,aff-0199,30,"{""model"": ""CPA"", ""rate"": 15.0}"
"[""utm"", ""payout rules""]","{""source"": ""partner"", ""medium"": ""email"", ""campaign"": ""launch-1""}",2025-08-14,Affiliate & Commission,aff-0200,30,"{""model"": ""CPA"", ""rate"": 15.0}"
"[""utm"", ""payout rules""]","{""source"": ""partner"", ""medium"": ""email"", ""campaign"": ""launch-1""}",2025-08-14,Affiliate & Commission,aff-0201,30,"{""model"": ""CPA"", ""rate"": 15.0}"
"[""utm"", ""payout rules""]","{""source"": ""partner"", ""medium"": ""email"", ""campaign"": ""launch-1""}",2025-08-14,Affiliate & Commission,aff-0202,30,"{""model"": ""CPA"", ""rate"": 15.0}"
"[""utm"", ""payout rules""]","{""source"": ""partner"", ""medium"": ""email"", ""campaign"": ""launch-1""}",2025-08-14,Affiliate & Commission,aff-0203,30,"{""model"": ""CPA"", ""rate"": 15.0}"
"[""utm"", ""payout rules""]","{""source"": ""partner"", ""medium"": ""email"", ""campaign"": ""launch-1""}",2025-08-14,Affiliate & Commission,aff-0204,30,"{""model"": ""CPA"", ""rate"": 15.0}"
"[""utm"", ""payout rules""]","{""source"": ""partner"", ""medium"": ""email"", ""campaign"": ""launch-1""}",2025-08-14,Affiliate & Commission,aff-0205,30,"{""model"": ""CPA"", ""rate"": 15.0}"
"[""utm"", ""payout rules""]","{""source"": ""partner"", ""medium"": ""email"", ""campaign"": ""launch-1""}",2025-08-14,Affiliate & Commission,aff-0206,30,"{""model"": ""CPA"", ""rate"": 15.0}"
"[""utm"", ""payout rules""]","{""source"": ""partner"", ""medium"": ""email"", ""campaign"": ""launch-1""}",2025-08-14,Affiliate & Commission,aff-0207,30,"{""model"": ""CPA"", ""rate"": 15.0}"
"[""utm"", ""payout rules""]","{""source"": ""partner"", ""medium"": ""email"", ""campaign"": ""launch-1""}",2025-08-14,Affiliate & Commission,aff-0208,30,"{""model"": ""CPA"", ""rate"": 15.0}"
"[""utm"", ""payout rules""]","{""source"": ""partner"", ""medium"": ""email"", ""campaign"": ""launch-1""}",2025-08-14,Affiliate & Commission,aff-0209,30,"{""model"": ""CPA"", ""rate"": 15.0}"
"[""utm"", ""payout rules""]","{""source"": ""partner"", ""medium"": ""email"", ""campaign"": ""launch-1""}",2025-08-14,Affiliate & Commission,aff-0210,30,"{""model"": ""CPA"", ""rate"": 15.0}"
"[""utm"", ""payout rules""]","{""source"": ""partner"", ""medium"": ""email"", ""campaign"": ""launch-1""}",2025-08-14,Affiliate & Commission,aff-0211,30,"{""model"": ""CPA"", ""rate"": 15.0}"
"[""utm"", ""payout rules""]","{""source"": ""partner"", ""medium"": ""email"", ""campaign"": ""launch-1""}",2025-08-14,Affiliate & Commission,aff-0212,30,"{""model"": ""CPA"", ""rate"": 15.0}"
"[""utm"", ""payout rules""]","{""source"": ""partner"", ""medium"": ""email"", ""campaign"": ""launch-1""}",2025-08-14,Affiliate & Commission,aff-0213,30,"{""model"": ""CPA"", ""rate"": 15.0}"
"[""utm"", ""payout rules""]","{""source"": ""partner"", ""medium"": ""email"", ""campaign"": ""launch-1""}",2025-08-14,Affiliate & Commission,aff-0214,30,"{""model"": ""CPA"", ""rate"": 15.0}"
"[""utm"", ""payout rules""]","{""source"": ""partner"", ""medium"": ""email"", ""campaign"": ""launch-1""}",2025-08-14,Affiliate & Commission,aff-0215,30,"{""model"": ""CPA"", ""rate"": 15.0}"
"[""utm"", ""payout rules""]","{""source"": ""partner"", ""medium"": ""email"", ""campaign"": ""launch-1""}",2025-08-14,Affiliate & Commission,aff-0216,30,"{""model"": ""CPA"", ""rate"": 15.0}"
"[""utm"", ""payout rules""]","{""source"": ""partner"", ""medium"": ""email"", ""campaign"": ""launch-1""}",2025-08-14,Affiliate & Commission,aff-0217,30,"{""model"": ""CPA"", ""rate"": 15.0}"
"[""utm"", ""payout rules""]","{""source"": ""partner"", ""medium"": ""email"", ""campaign"": ""launch-1""}",2025-08-14,Affiliate & Commission,aff-0218,30,"{""model"": ""CPA"", ""rate"": 15.0}"
"[""utm"", ""payout rules""]","{""source"": ""partner"", ""medium"": ""email"", ""campaign"": ""launch-1""}",2025-08-14,Affiliate & Commission,aff-0219,30,"{""model"": ""CPA"", ""rate"": 15.0}"
"[""utm"", ""payout rules""]","{""source"": ""partner"", ""medium"": ""email"", ""campaign"": ""launch-1""}",2025-08-14,Affiliate & Commission,aff-0220,30,"{""model"": ""CPA"", ""rate"": 15.0}"
