service,tags,last_updated,auth_method,category,id
Stripe,"[""api"", ""integration""]",2025-08-14,API Key,API Integration,api-0001
Stripe,"[""api"", ""integration""]",2025-08-14,API Key,API Integration,api-0002
Stripe,"[""api"", ""integration""]",2025-08-14,API Key,API Integration,api-0003
Stripe,"[""api"", ""integration""]",2025-08-14,API Key,API Integration,api-0004
Stripe,"[""api"", ""integration""]",2025-08-14,API Key,API Integration,api-0005
Stripe,"[""api"", ""integration""]",2025-08-14,API Key,API Integration,api-0006
Stripe,"[""api"", ""integration""]",2025-08-14,API Key,API Integration,api-0007
Stripe,"[""api"", ""integration""]",2025-08-14,API Key,API Integration,api-0008
Stripe,"[""api"", ""integration""]",2025-08-14,API Key,API Integration,api-0009
Stripe,"[""api"", ""integration""]",2025-08-14,API Key,API Integration,api-0010
Stripe,"[""api"", ""integration""]",2025-08-14,API Key,API Integration,api-0011
Stripe,"[""api"", ""integration""]",2025-08-14,API Key,API Integration,api-0012
Stripe,"[""api"", ""integration""]",2025-08-14,API Key,API Integration,api-0013
Stripe,"[""api"", ""integration""]",2025-08-14,API Key,API Integration,api-0014
Stripe,"[""api"", ""integration""]",2025-08-14,API Key,API Integration,api-0015
Stripe,"[""api"", ""integration""]",2025-08-14,API Key,API Integration,api-0016
Stripe,"[""api"", ""integration""]",2025-08-14,API Key,API Integration,api-0017
Stripe,"[""api"", ""integration""]",2025-08-14,API Key,API Integration,api-0018
Stripe,"[""api"", ""integration""]",2025-08-14,API Key,API Integration,api-0019
Stripe,"[""api"", ""integration""]",2025-08-14,API Key,API Integration,api-0020
Stripe,"[""api"", ""integration""]",2025-08-14,API Key,API Integration,api-0021
Stripe,"[""api"", ""integration""]",2025-08-14,API Key,API Integration,api-0022
Stripe,"[""api"", ""integration""]",2025-08-14,API Key,API Integration,api-0023
Stripe,"[""api"", ""integration""]",2025-08-14,API Key,API Integration,api-0024
Stripe,"[""api"", ""integration""]",2025-08-14,API Key,API Integration,api-0025
Stripe,"[""api"", ""integration""]",2025-08-14,API Key,API Integration,api-0026
Stripe,"[""api"", ""integration""]",2025-08-14,API Key,API Integration,api-0027
Stripe,"[""api"", ""integration""]",2025-08-14,API Key,API Integration,api-0028
Stripe,"[""api"", ""integration""]",2025-08-14,API Key,API Integration,api-0029
Stripe,"[""api"", ""integration""]",2025-08-14,API Key,API Integration,api-0030
Stripe,"[""api"", ""integration""]",2025-08-14,API Key,API Integration,api-0031
Stripe,"[""api"", ""integration""]",2025-08-14,API Key,API Integration,api-0032
Stripe,"[""api"", ""integration""]",2025-08-14,API Key,API Integration,api-0033
Stripe,"[""api"", ""integration""]",2025-08-14,API Key,API Integration,api-0034
Stripe,"[""api"", ""integration""]",2025-08-14,API Key,API Integration,api-0035
Stripe,"[""api"", ""integration""]",2025-08-14,API Key,API Integration,api-0036
Stripe,"[""api"", ""integration""]",2025-08-14,API Key,API Integration,api-0037
Stripe,"[""api"", ""integration""]",2025-08-14,API Key,API Integration,api-0038
Stripe,"[""api"", ""integration""]",2025-08-14,API Key,API Integration,api-0039
Stripe,"[""api"", ""integration""]",2025-08-14,API Key,API Integration,api-0040
Stripe,"[""api"", ""integration""]",2025-08-14,API Key,API Integration,api-0041
Stripe,"[""api"", ""integration""]",2025-08-14,API Key,API Integration,api-0042
Stripe,"[""api"", ""integration""]",2025-08-14,API Key,API Integration,api-0043
Stripe,"[""api"", ""integration""]",2025-08-14,API Key,API Integration,api-0044
Stripe,"[""api"", ""integration""]",2025-08-14,API Key,API Integration,api-0045
Stripe,"[""api"", ""integration""]",2025-08-14,API Key,API Integration,api-0046
Stripe,"[""api"", ""integration""]",2025-08-14,API Key,API Integration,api-0047
Stripe,"[""api"", ""integration""]",2025-08-14,API Key,API Integration,api-0048
Stripe,"[""api"", ""integration""]",2025-08-14,API Key,API Integration,api-0049
Stripe,"[""api"", ""integration""]",2025-08-14,API Key,API Integration,api-0050
Stripe,"[""api"", ""integration""]",2025-08-14,API Key,API Integration,api-0051
Stripe,"[""api"", ""integration""]",2025-08-14,API Key,API Integration,api-0052
Stripe,"[""api"", ""integration""]",2025-08-14,API Key,API Integration,api-0053
Stripe,"[""api"", ""integration""]",2025-08-14,API Key,API Integration,api-0054
Stripe,"[""api"", ""integration""]",2025-08-14,API Key,API Integration,api-0055
Stripe,"[""api"", ""integration""]",2025-08-14,API Key,API Integration,api-0056
Stripe,"[""api"", ""integration""]",2025-08-14,API Key,API Integration,api-0057
Stripe,"[""api"", ""integration""]",2025-08-14,API Key,API Integration,api-0058
Stripe,"[""api"", ""integration""]",2025-08-14,API Key,API Integration,api-0059
Stripe,"[""api"", ""integration""]",2025-08-14,API Key,API Integration,api-0060
Stripe,"[""api"", ""integration""]",2025-08-14,API Key,API Integration,api-0061
Stripe,"[""api"", ""integration""]",2025-08-14,API Key,API Integration,api-0062
Stripe,"[""api"", ""integration""]",2025-08-14,API Key,API Integration,api-0063
Stripe,"[""api"", ""integration""]",2025-08-14,API Key,API Integration,api-0064
Stripe,"[""api"", ""integration""]",2025-08-14,API Key,API Integration,api-0065
Stripe,"[""api"", ""integration""]",2025-08-14,API Key,API Integration,api-0066
Stripe,"[""api"", ""integration""]",2025-08-14,API Key,API Integration,api-0067
Stripe,"[""api"", ""integration""]",2025-08-14,API Key,API Integration,api-0068
Stripe,"[""api"", ""integration""]",2025-08-14,API Key,API Integration,api-0069
Stripe,"[""api"", ""integration""]",2025-08-14,API Key,API Integration,api-0070
Stripe,"[""api"", ""integration""]",2025-08-14,API Key,API Integration,api-0071
Stripe,"[""api"", ""integration""]",2025-08-14,API Key,API Integration,api-0072
Stripe,"[""api"", ""integration""]",2025-08-14,API Key,API Integration,api-0073
Stripe,"[""api"", ""integration""]",2025-08-14,API Key,API Integration,api-0074
Stripe,"[""api"", ""integration""]",2025-08-14,API Key,API Integration,api-0075
Stripe,"[""api"", ""integration""]",2025-08-14,API Key,API Integration,api-0076
Stripe,"[""api"", ""integration""]",2025-08-14,API Key,API Integration,api-0077
Stripe,"[""api"", ""integration""]",2025-08-14,API Key,API Integration,api-0078
Stripe,"[""api"", ""integration""]",2025-08-14,API Key,API Integration,api-0079
Stripe,"[""api"", ""integration""]",2025-08-14,API Key,API Integration,api-0080
Stripe,"[""api"", ""integration""]",2025-08-14,API Key,API Integration,api-0081
Stripe,"[""api"", ""integration""]",2025-08-14,API Key,API Integration,api-0082
Stripe,"[""api"", ""integration""]",2025-08-14,API Key,API Integration,api-0083
Stripe,"[""api"", ""integration""]",2025-08-14,API Key,API Integration,api-0084
Stripe,"[""api"", ""integration""]",2025-08-14,API Key,API Integration,api-0085
Stripe,"[""api"", ""integration""]",2025-08-14,API Key,API Integration,api-0086
Stripe,"[""api"", ""integration""]",2025-08-14,API Key,API Integration,api-0087
Stripe,"[""api"", ""integration""]",2025-08-14,API Key,API Integration,api-0088
Stripe,"[""api"", ""integration""]",2025-08-14,API Key,API Integration,api-0089
Stripe,"[""api"", ""integration""]",2025-08-14,API Key,API Integration,api-0090
Stripe,"[""api"", ""integration""]",2025-08-14,API Key,API Integration,api-0091
Stripe,"[""api"", ""integration""]",2025-08-14,API Key,API Integration,api-0092
Stripe,"[""api"", ""integration""]",2025-08-14,API Key,API Integration,api-0093
Stripe,"[""api"", ""integration""]",2025-08-14,API Key,API Integration,api-0094
Stripe,"[""api"", ""integration""]",2025-08-14,API Key,API Integration,api-0095
Stripe,"[""api"", ""integration""]",2025-08-14,API Key,API Integration,api-0096
Stripe,"[""api"", ""integration""]",2025-08-14,API Key,API Integration,api-0097
Stripe,"[""api"", ""integration""]",2025-08-14,API Key,API Integration,api-0098
Stripe,"[""api"", ""integration""]",2025-08-14,API Key,API Integration,api-0099
Stripe,"[""api"", ""integration""]",2025-08-14,API Key,API Integration,api-0100
Stripe,"[""api"", ""integration""]",2025-08-14,API Key,API Integration,api-0101
Stripe,"[""api"", ""integration""]",2025-08-14,API Key,API Integration,api-0102
Stripe,"[""api"", ""integration""]",2025-08-14,API Key,API Integration,api-0103
Stripe,"[""api"", ""integration""]",2025-08-14,API Key,API Integration,api-0104
Stripe,"[""api"", ""integration""]",2025-08-14,API Key,API Integration,api-0105
Stripe,"[""api"", ""integration""]",2025-08-14,API Key,API Integration,api-0106
Stripe,"[""api"", ""integration""]",2025-08-14,API Key,API Integration,api-0107
Stripe,"[""api"", ""integration""]",2025-08-14,API Key,API Integration,api-0108
Stripe,"[""api"", ""integration""]",2025-08-14,API Key,API Integration,api-0109
Stripe,"[""api"", ""integration""]",2025-08-14,API Key,API Integration,api-0110
Stripe,"[""api"", ""integration""]",2025-08-14,API Key,API Integration,api-0111
Stripe,"[""api"", ""integration""]",2025-08-14,API Key,API Integration,api-0112
Stripe,"[""api"", ""integration""]",2025-08-14,API Key,API Integration,api-0113
Stripe,"[""api"", ""integration""]",2025-08-14,API Key,API Integration,api-0114
Stripe,"[""api"", ""integration""]",2025-08-14,API Key,API Integration,api-0115
Stripe,"[""api"", ""integration""]",2025-08-14,API Key,API Integration,api-0116
Stripe,"[""api"", ""integration""]",2025-08-14,API Key,API Integration,api-0117
Stripe,"[""api"", ""integration""]",2025-08-14,API Key,API Integration,api-0118
Stripe,"[""api"", ""integration""]",2025-08-14,API Key,API Integration,api-0119
Stripe,"[""api"", ""integration""]",2025-08-14,API Key,API Integration,api-0120
Stripe,"[""api"", ""integration""]",2025-08-14,API Key,API Integration,api-0121
Stripe,"[""api"", ""integration""]",2025-08-14,API Key,API Integration,api-0122
Stripe,"[""api"", ""integration""]",2025-08-14,API Key,API Integration,api-0123
Stripe,"[""api"", ""integration""]",2025-08-14,API Key,API Integration,api-0124
Stripe,"[""api"", ""integration""]",2025-08-14,API Key,API Integration,api-0125
Stripe,"[""api"", ""integration""]",2025-08-14,API Key,API Integration,api-0126
Stripe,"[""api"", ""integration""]",2025-08-14,API Key,API Integration,api-0127
Stripe,"[""api"", ""integration""]",2025-08-14,API Key,API Integration,api-0128
Stripe,"[""api"", ""integration""]",2025-08-14,API Key,API Integration,api-0129
Stripe,"[""api"", ""integration""]",2025-08-14,API Key,API Integration,api-0130
Stripe,"[""api"", ""integration""]",2025-08-14,API Key,API Integration,api-0131
Stripe,"[""api"", ""integration""]",2025-08-14,API Key,API Integration,api-0132
Stripe,"[""api"", ""integration""]",2025-08-14,API Key,API Integration,api-0133
Stripe,"[""api"", ""integration""]",2025-08-14,API Key,API Integration,api-0134
Stripe,"[""api"", ""integration""]",2025-08-14,API Key,API Integration,api-0135
Stripe,"[""api"", ""integration""]",2025-08-14,API Key,API Integration,api-0136
Stripe,"[""api"", ""integration""]",2025-08-14,API Key,API Integration,api-0137
Stripe,"[""api"", ""integration""]",2025-08-14,API Key,API Integration,api-0138
Stripe,"[""api"", ""integration""]",2025-08-14,API Key,API Integration,api-0139
Stripe,"[""api"", ""integration""]",2025-08-14,API Key,API Integration,api-0140
Stripe,"[""api"", ""integration""]",2025-08-14,API Key,API Integration,api-0141
Stripe,"[""api"", ""integration""]",2025-08-14,API Key,API Integration,api-0142
Stripe,"[""api"", ""integration""]",2025-08-14,API Key,API Integration,api-0143
Stripe,"[""api"", ""integration""]",2025-08-14,API Key,API Integration,api-0144
Stripe,"[""api"", ""integration""]",2025-08-14,API Key,API Integration,api-0145
Stripe,"[""api"", ""integration""]",2025-08-14,API Key,API Integration,api-0146
Stripe,"[""api"", ""integration""]",2025-08-14,API Key,API Integration,api-0147
Stripe,"[""api"", ""integration""]",2025-08-14,API Key,API Integration,api-0148
Stripe,"[""api"", ""integration""]",2025-08-14,API Key,API Integration,api-0149
Stripe,"[""api"", ""integration""]",2025-08-14,API Key,API Integration,api-0150
Stripe,"[""api"", ""integration""]",2025-08-14,API Key,API Integration,api-0151
Stripe,"[""api"", ""integration""]",2025-08-14,API Key,API Integration,api-0152
Stripe,"[""api"", ""integration""]",2025-08-14,API Key,API Integration,api-0153
Stripe,"[""api"", ""integration""]",2025-08-14,API Key,API Integration,api-0154
Stripe,"[""api"", ""integration""]",2025-08-14,API Key,API Integration,api-0155
Stripe,"[""api"", ""integration""]",2025-08-14,API Key,API Integration,api-0156
Stripe,"[""api"", ""integration""]",2025-08-14,API Key,API Integration,api-0157
Stripe,"[""api"", ""integration""]",2025-08-14,API Key,API Integration,api-0158
Stripe,"[""api"", ""integration""]",2025-08-14,API Key,API Integration,api-0159
Stripe,"[""api"", ""integration""]",2025-08-14,API Key,API Integration,api-0160
Stripe,"[""api"", ""integration""]",2025-08-14,API Key,API Integration,api-0161
Stripe,"[""api"", ""integration""]",2025-08-14,API Key,API Integration,api-0162
Stripe,"[""api"", ""integration""]",2025-08-14,API Key,API Integration,api-0163
Stripe,"[""api"", ""integration""]",2025-08-14,API Key,API Integration,api-0164
Stripe,"[""api"", ""integration""]",2025-08-14,API Key,API Integration,api-0165
Stripe,"[""api"", ""integration""]",2025-08-14,API Key,API Integration,api-0166
Stripe,"[""api"", ""integration""]",2025-08-14,API Key,API Integration,api-0167
Stripe,"[""api"", ""integration""]",2025-08-14,API Key,API Integration,api-0168
Stripe,"[""api"", ""integration""]",2025-08-14,API Key,API Integration,api-0169
Stripe,"[""api"", ""integration""]",2025-08-14,API Key,API Integration,api-0170
Stripe,"[""api"", ""integration""]",2025-08-14,API Key,API Integration,api-0171
Stripe,"[""api"", ""integration""]",2025-08-14,API Key,API Integration,api-0172
Stripe,"[""api"", ""integration""]",2025-08-14,API Key,API Integration,api-0173
Stripe,"[""api"", ""integration""]",2025-08-14,API Key,API Integration,api-0174
Stripe,"[""api"", ""integration""]",2025-08-14,API Key,API Integration,api-0175
Stripe,"[""api"", ""integration""]",2025-08-14,API Key,API Integration,api-0176
Stripe,"[""api"", ""integration""]",2025-08-14,API Key,API Integration,api-0177
Stripe,"[""api"", ""integration""]",2025-08-14,API Key,API Integration,api-0178
Stripe,"[""api"", ""integration""]",2025-08-14,API Key,API Integration,api-0179
Stripe,"[""api"", ""integration""]",2025-08-14,API Key,API Integration,api-0180
Stripe,"[""api"", ""integration""]",2025-08-14,API Key,API Integration,api-0181
Stripe,"[""api"", ""integration""]",2025-08-14,API Key,API Integration,api-0182
Stripe,"[""api"", ""integration""]",2025-08-14,API Key,API Integration,api-0183
Stripe,"[""api"", ""integration""]",2025-08-14,API Key,API Integration,api-0184
Stripe,"[""api"", ""integration""]",2025-08-14,API Key,API Integration,api-0185
Stripe,"[""api"", ""integration""]",2025-08-14,API Key,API Integration,api-0186
Stripe,"[""api"", ""integration""]",2025-08-14,API Key,API Integration,api-0187
Stripe,"[""api"", ""integration""]",2025-08-14,API Key,API Integration,api-0188
Stripe,"[""api"", ""integration""]",2025-08-14,API Key,API Integration,api-0189
Stripe,"[""api"", ""integration""]",2025-08-14,API Key,API Integration,api-0190
Stripe,"[""api"", ""integration""]",2025-08-14,API Key,API Integration,api-0191
Stripe,"[""api"", ""integration""]",2025-08-14,API Key,API Integration,api-0192
Stripe,"[""api"", ""integration""]",2025-08-14,API Key,API Integration,api-0193
Stripe,"[""api"", ""integration""]",2025-08-14,API Key,API Integration,api-0194
Stripe,"[""api"", ""integration""]",2025-08-14,API Key,API Integration,api-0195
Stripe,"[""api"", ""integration""]",2025-08-14,API Key,API Integration,api-0196
Stripe,"[""api"", ""integration""]",2025-08-14,API Key,API Integration,api-0197
Stripe,"[""api"", ""integration""]",2025-08-14,API Key,API Integration,api-0198
Stripe,"[""api"", ""integration""]",2025-08-14,API Key,API Integration,api-0199
Stripe,"[""api"", ""integration""]",2025-08-14,API Key,API Integration,api-0200
Stripe,"[""api"", ""integration""]",2025-08-14,API Key,API Integration,api-0201
Stripe,"[""api"", ""integration""]",2025-08-14,API Key,API Integration,api-0202
Stripe,"[""api"", ""integration""]",2025-08-14,API Key,API Integration,api-0203
Stripe,"[""api"", ""integration""]",2025-08-14,API Key,API Integration,api-0204
Stripe,"[""api"", ""integration""]",2025-08-14,API Key,API Integration,api-0205
Stripe,"[""api"", ""integration""]",2025-08-14,API Key,API Integration,api-0206
Stripe,"[""api"", ""integration""]",2025-08-14,API Key,API Integration,api-0207
Stripe,"[""api"", ""integration""]",2025-08-14,API Key,API Integration,api-0208
Stripe,"[""api"", ""integration""]",2025-08-14,API Key,API Integration,api-0209
Stripe,"[""api"", ""integration""]",2025-08-14,API Key,API Integration,api-0210
Stripe,"[""api"", ""integration""]",2025-08-14,API Key,API Integration,api-0211
Stripe,"[""api"", ""integration""]",2025-08-14,API Key,API Integration,api-0212
Stripe,"[""api"", ""integration""]",2025-08-14,API Key,API Integration,api-0213
Stripe,"[""api"", ""integration""]",2025-08-14,API Key,API Integration,api-0214
Stripe,"[""api"", ""integration""]",2025-08-14,API Key,API Integration,api-0215
Stripe,"[""api"", ""integration""]",2025-08-14,API Key,API Integration,api-0216
Stripe,"[""api"", ""integration""]",2025-08-14,API Key,API Integration,api-0217
Stripe,"[""api"", ""integration""]",2025-08-14,API Key,API Integration,api-0218
Stripe,"[""api"", ""integration""]",2025-08-14,API Key,API Integration,api-0219
Stripe,"[""api"", ""integration""]",2025-08-14,API Key,API Integration,api-0220
