code_snippet,tags,last_updated,language,category,id
print('hello'),"[""automation""]",2025-08-14,Python,Automation Script,script-0001
print('hello'),"[""automation""]",2025-08-14,Python,Automation Script,script-0002
print('hello'),"[""automation""]",2025-08-14,Python,Automation Script,script-0003
print('hello'),"[""automation""]",2025-08-14,Python,Automation Script,script-0004
print('hello'),"[""automation""]",2025-08-14,Python,Automation Script,script-0005
print('hello'),"[""automation""]",2025-08-14,Python,Automation Script,script-0006
print('hello'),"[""automation""]",2025-08-14,Python,Automation Script,script-0007
print('hello'),"[""automation""]",2025-08-14,Python,Automation Script,script-0008
print('hello'),"[""automation""]",2025-08-14,Python,Automation Script,script-0009
print('hello'),"[""automation""]",2025-08-14,Python,Automation Script,script-0010
print('hello'),"[""automation""]",2025-08-14,Python,Automation Script,script-0011
print('hello'),"[""automation""]",2025-08-14,Python,Automation Script,script-0012
print('hello'),"[""automation""]",2025-08-14,Python,Automation Script,script-0013
print('hello'),"[""automation""]",2025-08-14,Python,Automation Script,script-0014
print('hello'),"[""automation""]",2025-08-14,Python,Automation Script,script-0015
print('hello'),"[""automation""]",2025-08-14,Python,Automation Script,script-0016
print('hello'),"[""automation""]",2025-08-14,Python,Automation Script,script-0017
print('hello'),"[""automation""]",2025-08-14,Python,Automation Script,script-0018
print('hello'),"[""automation""]",2025-08-14,Python,Automation Script,script-0019
print('hello'),"[""automation""]",2025-08-14,Python,Automation Script,script-0020
print('hello'),"[""automation""]",2025-08-14,Python,Automation Script,script-0021
print('hello'),"[""automation""]",2025-08-14,Python,Automation Script,script-0022
print('hello'),"[""automation""]",2025-08-14,Python,Automation Script,script-0023
print('hello'),"[""automation""]",2025-08-14,Python,Automation Script,script-0024
print('hello'),"[""automation""]",2025-08-14,Python,Automation Script,script-0025
print('hello'),"[""automation""]",2025-08-14,Python,Automation Script,script-0026
print('hello'),"[""automation""]",2025-08-14,Python,Automation Script,script-0027
print('hello'),"[""automation""]",2025-08-14,Python,Automation Script,script-0028
print('hello'),"[""automation""]",2025-08-14,Python,Automation Script,script-0029
print('hello'),"[""automation""]",2025-08-14,Python,Automation Script,script-0030
print('hello'),"[""automation""]",2025-08-14,Python,Automation Script,script-0031
print('hello'),"[""automation""]",2025-08-14,Python,Automation Script,script-0032
print('hello'),"[""automation""]",2025-08-14,Python,Automation Script,script-0033
print('hello'),"[""automation""]",2025-08-14,Python,Automation Script,script-0034
print('hello'),"[""automation""]",2025-08-14,Python,Automation Script,script-0035
print('hello'),"[""automation""]",2025-08-14,Python,Automation Script,script-0036
print('hello'),"[""automation""]",2025-08-14,Python,Automation Script,script-0037
print('hello'),"[""automation""]",2025-08-14,Python,Automation Script,script-0038
print('hello'),"[""automation""]",2025-08-14,Python,Automation Script,script-0039
print('hello'),"[""automation""]",2025-08-14,Python,Automation Script,script-0040
print('hello'),"[""automation""]",2025-08-14,Python,Automation Script,script-0041
print('hello'),"[""automation""]",2025-08-14,Python,Automation Script,script-0042
print('hello'),"[""automation""]",2025-08-14,Python,Automation Script,script-0043
print('hello'),"[""automation""]",2025-08-14,Python,Automation Script,script-0044
print('hello'),"[""automation""]",2025-08-14,Python,Automation Script,script-0045
print('hello'),"[""automation""]",2025-08-14,Python,Automation Script,script-0046
print('hello'),"[""automation""]",2025-08-14,Python,Automation Script,script-0047
print('hello'),"[""automation""]",2025-08-14,Python,Automation Script,script-0048
print('hello'),"[""automation""]",2025-08-14,Python,Automation Script,script-0049
print('hello'),"[""automation""]",2025-08-14,Python,Automation Script,script-0050
print('hello'),"[""automation""]",2025-08-14,Python,Automation Script,script-0051
print('hello'),"[""automation""]",2025-08-14,Python,Automation Script,script-0052
print('hello'),"[""automation""]",2025-08-14,Python,Automation Script,script-0053
print('hello'),"[""automation""]",2025-08-14,Python,Automation Script,script-0054
print('hello'),"[""automation""]",2025-08-14,Python,Automation Script,script-0055
print('hello'),"[""automation""]",2025-08-14,Python,Automation Script,script-0056
print('hello'),"[""automation""]",2025-08-14,Python,Automation Script,script-0057
print('hello'),"[""automation""]",2025-08-14,Python,Automation Script,script-0058
print('hello'),"[""automation""]",2025-08-14,Python,Automation Script,script-0059
print('hello'),"[""automation""]",2025-08-14,Python,Automation Script,script-0060
print('hello'),"[""automation""]",2025-08-14,Python,Automation Script,script-0061
print('hello'),"[""automation""]",2025-08-14,Python,Automation Script,script-0062
print('hello'),"[""automation""]",2025-08-14,Python,Automation Script,script-0063
print('hello'),"[""automation""]",2025-08-14,Python,Automation Script,script-0064
print('hello'),"[""automation""]",2025-08-14,Python,Automation Script,script-0065
print('hello'),"[""automation""]",2025-08-14,Python,Automation Script,script-0066
print('hello'),"[""automation""]",2025-08-14,Python,Automation Script,script-0067
print('hello'),"[""automation""]",2025-08-14,Python,Automation Script,script-0068
print('hello'),"[""automation""]",2025-08-14,Python,Automation Script,script-0069
print('hello'),"[""automation""]",2025-08-14,Python,Automation Script,script-0070
print('hello'),"[""automation""]",2025-08-14,Python,Automation Script,script-0071
print('hello'),"[""automation""]",2025-08-14,Python,Automation Script,script-0072
print('hello'),"[""automation""]",2025-08-14,Python,Automation Script,script-0073
print('hello'),"[""automation""]",2025-08-14,Python,Automation Script,script-0074
print('hello'),"[""automation""]",2025-08-14,Python,Automation Script,script-0075
print('hello'),"[""automation""]",2025-08-14,Python,Automation Script,script-0076
print('hello'),"[""automation""]",2025-08-14,Python,Automation Script,script-0077
print('hello'),"[""automation""]",2025-08-14,Python,Automation Script,script-0078
print('hello'),"[""automation""]",2025-08-14,Python,Automation Script,script-0079
print('hello'),"[""automation""]",2025-08-14,Python,Automation Script,script-0080
print('hello'),"[""automation""]",2025-08-14,Python,Automation Script,script-0081
print('hello'),"[""automation""]",2025-08-14,Python,Automation Script,script-0082
print('hello'),"[""automation""]",2025-08-14,Python,Automation Script,script-0083
print('hello'),"[""automation""]",2025-08-14,Python,Automation Script,script-0084
print('hello'),"[""automation""]",2025-08-14,Python,Automation Script,script-0085
print('hello'),"[""automation""]",2025-08-14,Python,Automation Script,script-0086
print('hello'),"[""automation""]",2025-08-14,Python,Automation Script,script-0087
print('hello'),"[""automation""]",2025-08-14,Python,Automation Script,script-0088
print('hello'),"[""automation""]",2025-08-14,Python,Automation Script,script-0089
print('hello'),"[""automation""]",2025-08-14,Python,Automation Script,script-0090
print('hello'),"[""automation""]",2025-08-14,Python,Automation Script,script-0091
print('hello'),"[""automation""]",2025-08-14,Python,Automation Script,script-0092
print('hello'),"[""automation""]",2025-08-14,Python,Automation Script,script-0093
print('hello'),"[""automation""]",2025-08-14,Python,Automation Script,script-0094
print('hello'),"[""automation""]",2025-08-14,Python,Automation Script,script-0095
print('hello'),"[""automation""]",2025-08-14,Python,Automation Script,script-0096
print('hello'),"[""automation""]",2025-08-14,Python,Automation Script,script-0097
print('hello'),"[""automation""]",2025-08-14,Python,Automation Script,script-0098
print('hello'),"[""automation""]",2025-08-14,Python,Automation Script,script-0099
print('hello'),"[""automation""]",2025-08-14,Python,Automation Script,script-0100
print('hello'),"[""automation""]",2025-08-14,Python,Automation Script,script-0101
print('hello'),"[""automation""]",2025-08-14,Python,Automation Script,script-0102
print('hello'),"[""automation""]",2025-08-14,Python,Automation Script,script-0103
print('hello'),"[""automation""]",2025-08-14,Python,Automation Script,script-0104
print('hello'),"[""automation""]",2025-08-14,Python,Automation Script,script-0105
print('hello'),"[""automation""]",2025-08-14,Python,Automation Script,script-0106
print('hello'),"[""automation""]",2025-08-14,Python,Automation Script,script-0107
print('hello'),"[""automation""]",2025-08-14,Python,Automation Script,script-0108
print('hello'),"[""automation""]",2025-08-14,Python,Automation Script,script-0109
print('hello'),"[""automation""]",2025-08-14,Python,Automation Script,script-0110
print('hello'),"[""automation""]",2025-08-14,Python,Automation Script,script-0111
print('hello'),"[""automation""]",2025-08-14,Python,Automation Script,script-0112
print('hello'),"[""automation""]",2025-08-14,Python,Automation Script,script-0113
print('hello'),"[""automation""]",2025-08-14,Python,Automation Script,script-0114
print('hello'),"[""automation""]",2025-08-14,Python,Automation Script,script-0115
print('hello'),"[""automation""]",2025-08-14,Python,Automation Script,script-0116
print('hello'),"[""automation""]",2025-08-14,Python,Automation Script,script-0117
print('hello'),"[""automation""]",2025-08-14,Python,Automation Script,script-0118
print('hello'),"[""automation""]",2025-08-14,Python,Automation Script,script-0119
print('hello'),"[""automation""]",2025-08-14,Python,Automation Script,script-0120
print('hello'),"[""automation""]",2025-08-14,Python,Automation Script,script-0121
print('hello'),"[""automation""]",2025-08-14,Python,Automation Script,script-0122
print('hello'),"[""automation""]",2025-08-14,Python,Automation Script,script-0123
print('hello'),"[""automation""]",2025-08-14,Python,Automation Script,script-0124
print('hello'),"[""automation""]",2025-08-14,Python,Automation Script,script-0125
print('hello'),"[""automation""]",2025-08-14,Python,Automation Script,script-0126
print('hello'),"[""automation""]",2025-08-14,Python,Automation Script,script-0127
print('hello'),"[""automation""]",2025-08-14,Python,Automation Script,script-0128
print('hello'),"[""automation""]",2025-08-14,Python,Automation Script,script-0129
print('hello'),"[""automation""]",2025-08-14,Python,Automation Script,script-0130
print('hello'),"[""automation""]",2025-08-14,Python,Automation Script,script-0131
print('hello'),"[""automation""]",2025-08-14,Python,Automation Script,script-0132
print('hello'),"[""automation""]",2025-08-14,Python,Automation Script,script-0133
print('hello'),"[""automation""]",2025-08-14,Python,Automation Script,script-0134
print('hello'),"[""automation""]",2025-08-14,Python,Automation Script,script-0135
print('hello'),"[""automation""]",2025-08-14,Python,Automation Script,script-0136
print('hello'),"[""automation""]",2025-08-14,Python,Automation Script,script-0137
print('hello'),"[""automation""]",2025-08-14,Python,Automation Script,script-0138
print('hello'),"[""automation""]",2025-08-14,Python,Automation Script,script-0139
print('hello'),"[""automation""]",2025-08-14,Python,Automation Script,script-0140
print('hello'),"[""automation""]",2025-08-14,Python,Automation Script,script-0141
print('hello'),"[""automation""]",2025-08-14,Python,Automation Script,script-0142
print('hello'),"[""automation""]",2025-08-14,Python,Automation Script,script-0143
print('hello'),"[""automation""]",2025-08-14,Python,Automation Script,script-0144
print('hello'),"[""automation""]",2025-08-14,Python,Automation Script,script-0145
print('hello'),"[""automation""]",2025-08-14,Python,Automation Script,script-0146
print('hello'),"[""automation""]",2025-08-14,Python,Automation Script,script-0147
print('hello'),"[""automation""]",2025-08-14,Python,Automation Script,script-0148
print('hello'),"[""automation""]",2025-08-14,Python,Automation Script,script-0149
print('hello'),"[""automation""]",2025-08-14,Python,Automation Script,script-0150
print('hello'),"[""automation""]",2025-08-14,Python,Automation Script,script-0151
print('hello'),"[""automation""]",2025-08-14,Python,Automation Script,script-0152
print('hello'),"[""automation""]",2025-08-14,Python,Automation Script,script-0153
print('hello'),"[""automation""]",2025-08-14,Python,Automation Script,script-0154
print('hello'),"[""automation""]",2025-08-14,Python,Automation Script,script-0155
print('hello'),"[""automation""]",2025-08-14,Python,Automation Script,script-0156
print('hello'),"[""automation""]",2025-08-14,Python,Automation Script,script-0157
print('hello'),"[""automation""]",2025-08-14,Python,Automation Script,script-0158
print('hello'),"[""automation""]",2025-08-14,Python,Automation Script,script-0159
print('hello'),"[""automation""]",2025-08-14,Python,Automation Script,script-0160
print('hello'),"[""automation""]",2025-08-14,Python,Automation Script,script-0161
print('hello'),"[""automation""]",2025-08-14,Python,Automation Script,script-0162
print('hello'),"[""automation""]",2025-08-14,Python,Automation Script,script-0163
print('hello'),"[""automation""]",2025-08-14,Python,Automation Script,script-0164
print('hello'),"[""automation""]",2025-08-14,Python,Automation Script,script-0165
print('hello'),"[""automation""]",2025-08-14,Python,Automation Script,script-0166
print('hello'),"[""automation""]",2025-08-14,Python,Automation Script,script-0167
print('hello'),"[""automation""]",2025-08-14,Python,Automation Script,script-0168
print('hello'),"[""automation""]",2025-08-14,Python,Automation Script,script-0169
print('hello'),"[""automation""]",2025-08-14,Python,Automation Script,script-0170
print('hello'),"[""automation""]",2025-08-14,Python,Automation Script,script-0171
print('hello'),"[""automation""]",2025-08-14,Python,Automation Script,script-0172
print('hello'),"[""automation""]",2025-08-14,Python,Automation Script,script-0173
print('hello'),"[""automation""]",2025-08-14,Python,Automation Script,script-0174
print('hello'),"[""automation""]",2025-08-14,Python,Automation Script,script-0175
print('hello'),"[""automation""]",2025-08-14,Python,Automation Script,script-0176
print('hello'),"[""automation""]",2025-08-14,Python,Automation Script,script-0177
print('hello'),"[""automation""]",2025-08-14,Python,Automation Script,script-0178
print('hello'),"[""automation""]",2025-08-14,Python,Automation Script,script-0179
print('hello'),"[""automation""]",2025-08-14,Python,Automation Script,script-0180
print('hello'),"[""automation""]",2025-08-14,Python,Automation Script,script-0181
print('hello'),"[""automation""]",2025-08-14,Python,Automation Script,script-0182
print('hello'),"[""automation""]",2025-08-14,Python,Automation Script,script-0183
print('hello'),"[""automation""]",2025-08-14,Python,Automation Script,script-0184
print('hello'),"[""automation""]",2025-08-14,Python,Automation Script,script-0185
print('hello'),"[""automation""]",2025-08-14,Python,Automation Script,script-0186
print('hello'),"[""automation""]",2025-08-14,Python,Automation Script,script-0187
print('hello'),"[""automation""]",2025-08-14,Python,Automation Script,script-0188
print('hello'),"[""automation""]",2025-08-14,Python,Automation Script,script-0189
print('hello'),"[""automation""]",2025-08-14,Python,Automation Script,script-0190
print('hello'),"[""automation""]",2025-08-14,Python,Automation Script,script-0191
print('hello'),"[""automation""]",2025-08-14,Python,Automation Script,script-0192
print('hello'),"[""automation""]",2025-08-14,Python,Automation Script,script-0193
print('hello'),"[""automation""]",2025-08-14,Python,Automation Script,script-0194
print('hello'),"[""automation""]",2025-08-14,Python,Automation Script,script-0195
print('hello'),"[""automation""]",2025-08-14,Python,Automation Script,script-0196
print('hello'),"[""automation""]",2025-08-14,Python,Automation Script,script-0197
print('hello'),"[""automation""]",2025-08-14,Python,Automation Script,script-0198
print('hello'),"[""automation""]",2025-08-14,Python,Automation Script,script-0199
print('hello'),"[""automation""]",2025-08-14,Python,Automation Script,script-0200
print('hello'),"[""automation""]",2025-08-14,Python,Automation Script,script-0201
print('hello'),"[""automation""]",2025-08-14,Python,Automation Script,script-0202
print('hello'),"[""automation""]",2025-08-14,Python,Automation Script,script-0203
print('hello'),"[""automation""]",2025-08-14,Python,Automation Script,script-0204
print('hello'),"[""automation""]",2025-08-14,Python,Automation Script,script-0205
print('hello'),"[""automation""]",2025-08-14,Python,Automation Script,script-0206
print('hello'),"[""automation""]",2025-08-14,Python,Automation Script,script-0207
print('hello'),"[""automation""]",2025-08-14,Python,Automation Script,script-0208
print('hello'),"[""automation""]",2025-08-14,Python,Automation Script,script-0209
print('hello'),"[""automation""]",2025-08-14,Python,Automation Script,script-0210
print('hello'),"[""automation""]",2025-08-14,Python,Automation Script,script-0211
print('hello'),"[""automation""]",2025-08-14,Python,Automation Script,script-0212
print('hello'),"[""automation""]",2025-08-14,Python,Automation Script,script-0213
print('hello'),"[""automation""]",2025-08-14,Python,Automation Script,script-0214
print('hello'),"[""automation""]",2025-08-14,Python,Automation Script,script-0215
print('hello'),"[""automation""]",2025-08-14,Python,Automation Script,script-0216
print('hello'),"[""automation""]",2025-08-14,Python,Automation Script,script-0217
print('hello'),"[""automation""]",2025-08-14,Python,Automation Script,script-0218
print('hello'),"[""automation""]",2025-08-14,Python,Automation Script,script-0219
print('hello'),"[""automation""]",2025-08-14,Python,Automation Script,script-0220
