tags,last_updated,brand_name,typography,category,id,colors
"[""brand-kit"", ""colors""]",2025-08-14,Corevexa,"{""heading"": ""Inter"", ""body"": ""Inter"", ""scale"": ""1.25 modular""}",Branding,brand-0001,"{""primary"": ""#111827"", ""secondary"": ""#0EA5E9"", ""accent"": ""#22C55E"", ""background"": ""#FFFFFF""}"
"[""brand-kit"", ""colors""]",2025-08-14,Corevexa,"{""heading"": ""Inter"", ""body"": ""Inter"", ""scale"": ""1.25 modular""}",Branding,brand-0002,"{""primary"": ""#111827"", ""secondary"": ""#0EA5E9"", ""accent"": ""#22C55E"", ""background"": ""#FFFFFF""}"
"[""brand-kit"", ""colors""]",2025-08-14,Corevexa,"{""heading"": ""Inter"", ""body"": ""Inter"", ""scale"": ""1.25 modular""}",Branding,brand-0003,"{""primary"": ""#111827"", ""secondary"": ""#0EA5E9"", ""accent"": ""#22C55E"", ""background"": ""#FFFFFF""}"
"[""brand-kit"", ""colors""]",2025-08-14,Corevexa,"{""heading"": ""Inter"", ""body"": ""Inter"", ""scale"": ""1.25 modular""}",Branding,brand-0004,"{""primary"": ""#111827"", ""secondary"": ""#0EA5E9"", ""accent"": ""#22C55E"", ""background"": ""#FFFFFF""}"
"[""brand-kit"", ""colors""]",2025-08-14,Corevexa,"{""heading"": ""Inter"", ""body"": ""Inter"", ""scale"": ""1.25 modular""}",Branding,brand-0005,"{""primary"": ""#111827"", ""secondary"": ""#0EA5E9"", ""accent"": ""#22C55E"", ""background"": ""#FFFFFF""}"
"[""brand-kit"", ""colors""]",2025-08-14,Corevexa,"{""heading"": ""Inter"", ""body"": ""Inter"", ""scale"": ""1.25 modular""}",Branding,brand-0006,"{""primary"": ""#111827"", ""secondary"": ""#0EA5E9"", ""accent"": ""#22C55E"", ""background"": ""#FFFFFF""}"
"[""brand-kit"", ""colors""]",2025-08-14,Corevexa,"{""heading"": ""Inter"", ""body"": ""Inter"", ""scale"": ""1.25 modular""}",Branding,brand-0007,"{""primary"": ""#111827"", ""secondary"": ""#0EA5E9"", ""accent"": ""#22C55E"", ""background"": ""#FFFFFF""}"
"[""brand-kit"", ""colors""]",2025-08-14,Corevexa,"{""heading"": ""Inter"", ""body"": ""Inter"", ""scale"": ""1.25 modular""}",Branding,brand-0008,"{""primary"": ""#111827"", ""secondary"": ""#0EA5E9"", ""accent"": ""#22C55E"", ""background"": ""#FFFFFF""}"
"[""brand-kit"", ""colors""]",2025-08-14,Corevexa,"{""heading"": ""Inter"", ""body"": ""Inter"", ""scale"": ""1.25 modular""}",Branding,brand-0009,"{""primary"": ""#111827"", ""secondary"": ""#0EA5E9"", ""accent"": ""#22C55E"", ""background"": ""#FFFFFF""}"
"[""brand-kit"", ""colors""]",2025-08-14,Corevexa,"{""heading"": ""Inter"", ""body"": ""Inter"", ""scale"": ""1.25 modular""}",Branding,brand-0010,"{""primary"": ""#111827"", ""secondary"": ""#0EA5E9"", ""accent"": ""#22C55E"", ""background"": ""#FFFFFF""}"
"[""brand-kit"", ""colors""]",2025-08-14,Corevexa,"{""heading"": ""Inter"", ""body"": ""Inter"", ""scale"": ""1.25 modular""}",Branding,brand-0011,"{""primary"": ""#111827"", ""secondary"": ""#0EA5E9"", ""accent"": ""#22C55E"", ""background"": ""#FFFFFF""}"
"[""brand-kit"", ""colors""]",2025-08-14,Corevexa,"{""heading"": ""Inter"", ""body"": ""Inter"", ""scale"": ""1.25 modular""}",Branding,brand-0012,"{""primary"": ""#111827"", ""secondary"": ""#0EA5E9"", ""accent"": ""#22C55E"", ""background"": ""#FFFFFF""}"
"[""brand-kit"", ""colors""]",2025-08-14,Corevexa,"{""heading"": ""Inter"", ""body"": ""Inter"", ""scale"": ""1.25 modular""}",Branding,brand-0013,"{""primary"": ""#111827"", ""secondary"": ""#0EA5E9"", ""accent"": ""#22C55E"", ""background"": ""#FFFFFF""}"
"[""brand-kit"", ""colors""]",2025-08-14,Corevexa,"{""heading"": ""Inter"", ""body"": ""Inter"", ""scale"": ""1.25 modular""}",Branding,brand-0014,"{""primary"": ""#111827"", ""secondary"": ""#0EA5E9"", ""accent"": ""#22C55E"", ""background"": ""#FFFFFF""}"
"[""brand-kit"", ""colors""]",2025-08-14,Corevexa,"{""heading"": ""Inter"", ""body"": ""Inter"", ""scale"": ""1.25 modular""}",Branding,brand-0015,"{""primary"": ""#111827"", ""secondary"": ""#0EA5E9"", ""accent"": ""#22C55E"", ""background"": ""#FFFFFF""}"
"[""brand-kit"", ""colors""]",2025-08-14,Corevexa,"{""heading"": ""Inter"", ""body"": ""Inter"", ""scale"": ""1.25 modular""}",Branding,brand-0016,"{""primary"": ""#111827"", ""secondary"": ""#0EA5E9"", ""accent"": ""#22C55E"", ""background"": ""#FFFFFF""}"
"[""brand-kit"", ""colors""]",2025-08-14,Corevexa,"{""heading"": ""Inter"", ""body"": ""Inter"", ""scale"": ""1.25 modular""}",Branding,brand-0017,"{""primary"": ""#111827"", ""secondary"": ""#0EA5E9"", ""accent"": ""#22C55E"", ""background"": ""#FFFFFF""}"
"[""brand-kit"", ""colors""]",2025-08-14,Corevexa,"{""heading"": ""Inter"", ""body"": ""Inter"", ""scale"": ""1.25 modular""}",Branding,brand-0018,"{""primary"": ""#111827"", ""secondary"": ""#0EA5E9"", ""accent"": ""#22C55E"", ""background"": ""#FFFFFF""}"
"[""brand-kit"", ""colors""]",2025-08-14,Corevexa,"{""heading"": ""Inter"", ""body"": ""Inter"", ""scale"": ""1.25 modular""}",Branding,brand-0019,"{""primary"": ""#111827"", ""secondary"": ""#0EA5E9"", ""accent"": ""#22C55E"", ""background"": ""#FFFFFF""}"
"[""brand-kit"", ""colors""]",2025-08-14,Corevexa,"{""heading"": ""Inter"", ""body"": ""Inter"", ""scale"": ""1.25 modular""}",Branding,brand-0020,"{""primary"": ""#111827"", ""secondary"": ""#0EA5E9"", ""accent"": ""#22C55E"", ""background"": ""#FFFFFF""}"
"[""brand-kit"", ""colors""]",2025-08-14,Corevexa,"{""heading"": ""Inter"", ""body"": ""Inter"", ""scale"": ""1.25 modular""}",Branding,brand-0021,"{""primary"": ""#111827"", ""secondary"": ""#0EA5E9"", ""accent"": ""#22C55E"", ""background"": ""#FFFFFF""}"
"[""brand-kit"", ""colors""]",2025-08-14,Corevexa,"{""heading"": ""Inter"", ""body"": ""Inter"", ""scale"": ""1.25 modular""}",Branding,brand-0022,"{""primary"": ""#111827"", ""secondary"": ""#0EA5E9"", ""accent"": ""#22C55E"", ""background"": ""#FFFFFF""}"
"[""brand-kit"", ""colors""]",2025-08-14,Corevexa,"{""heading"": ""Inter"", ""body"": ""Inter"", ""scale"": ""1.25 modular""}",Branding,brand-0023,"{""primary"": ""#111827"", ""secondary"": ""#0EA5E9"", ""accent"": ""#22C55E"", ""background"": ""#FFFFFF""}"
"[""brand-kit"", ""colors""]",2025-08-14,Corevexa,"{""heading"": ""Inter"", ""body"": ""Inter"", ""scale"": ""1.25 modular""}",Branding,brand-0024,"{""primary"": ""#111827"", ""secondary"": ""#0EA5E9"", ""accent"": ""#22C55E"", ""background"": ""#FFFFFF""}"
"[""brand-kit"", ""colors""]",2025-08-14,Corevexa,"{""heading"": ""Inter"", ""body"": ""Inter"", ""scale"": ""1.25 modular""}",Branding,brand-0025,"{""primary"": ""#111827"", ""secondary"": ""#0EA5E9"", ""accent"": ""#22C55E"", ""background"": ""#FFFFFF""}"
"[""brand-kit"", ""colors""]",2025-08-14,Corevexa,"{""heading"": ""Inter"", ""body"": ""Inter"", ""scale"": ""1.25 modular""}",Branding,brand-0026,"{""primary"": ""#111827"", ""secondary"": ""#0EA5E9"", ""accent"": ""#22C55E"", ""background"": ""#FFFFFF""}"
"[""brand-kit"", ""colors""]",2025-08-14,Corevexa,"{""heading"": ""Inter"", ""body"": ""Inter"", ""scale"": ""1.25 modular""}",Branding,brand-0027,"{""primary"": ""#111827"", ""secondary"": ""#0EA5E9"", ""accent"": ""#22C55E"", ""background"": ""#FFFFFF""}"
"[""brand-kit"", ""colors""]",2025-08-14,Corevexa,"{""heading"": ""Inter"", ""body"": ""Inter"", ""scale"": ""1.25 modular""}",Branding,brand-0028,"{""primary"": ""#111827"", ""secondary"": ""#0EA5E9"", ""accent"": ""#22C55E"", ""background"": ""#FFFFFF""}"
"[""brand-kit"", ""colors""]",2025-08-14,Corevexa,"{""heading"": ""Inter"", ""body"": ""Inter"", ""scale"": ""1.25 modular""}",Branding,brand-0029,"{""primary"": ""#111827"", ""secondary"": ""#0EA5E9"", ""accent"": ""#22C55E"", ""background"": ""#FFFFFF""}"
"[""brand-kit"", ""colors""]",2025-08-14,Corevexa,"{""heading"": ""Inter"", ""body"": ""Inter"", ""scale"": ""1.25 modular""}",Branding,brand-0030,"{""primary"": ""#111827"", ""secondary"": ""#0EA5E9"", ""accent"": ""#22C55E"", ""background"": ""#FFFFFF""}"
"[""brand-kit"", ""colors""]",2025-08-14,Corevexa,"{""heading"": ""Inter"", ""body"": ""Inter"", ""scale"": ""1.25 modular""}",Branding,brand-0031,"{""primary"": ""#111827"", ""secondary"": ""#0EA5E9"", ""accent"": ""#22C55E"", ""background"": ""#FFFFFF""}"
"[""brand-kit"", ""colors""]",2025-08-14,Corevexa,"{""heading"": ""Inter"", ""body"": ""Inter"", ""scale"": ""1.25 modular""}",Branding,brand-0032,"{""primary"": ""#111827"", ""secondary"": ""#0EA5E9"", ""accent"": ""#22C55E"", ""background"": ""#FFFFFF""}"
"[""brand-kit"", ""colors""]",2025-08-14,Corevexa,"{""heading"": ""Inter"", ""body"": ""Inter"", ""scale"": ""1.25 modular""}",Branding,brand-0033,"{""primary"": ""#111827"", ""secondary"": ""#0EA5E9"", ""accent"": ""#22C55E"", ""background"": ""#FFFFFF""}"
"[""brand-kit"", ""colors""]",2025-08-14,Corevexa,"{""heading"": ""Inter"", ""body"": ""Inter"", ""scale"": ""1.25 modular""}",Branding,brand-0034,"{""primary"": ""#111827"", ""secondary"": ""#0EA5E9"", ""accent"": ""#22C55E"", ""background"": ""#FFFFFF""}"
"[""brand-kit"", ""colors""]",2025-08-14,Corevexa,"{""heading"": ""Inter"", ""body"": ""Inter"", ""scale"": ""1.25 modular""}",Branding,brand-0035,"{""primary"": ""#111827"", ""secondary"": ""#0EA5E9"", ""accent"": ""#22C55E"", ""background"": ""#FFFFFF""}"
"[""brand-kit"", ""colors""]",2025-08-14,Corevexa,"{""heading"": ""Inter"", ""body"": ""Inter"", ""scale"": ""1.25 modular""}",Branding,brand-0036,"{""primary"": ""#111827"", ""secondary"": ""#0EA5E9"", ""accent"": ""#22C55E"", ""background"": ""#FFFFFF""}"
"[""brand-kit"", ""colors""]",2025-08-14,Corevexa,"{""heading"": ""Inter"", ""body"": ""Inter"", ""scale"": ""1.25 modular""}",Branding,brand-0037,"{""primary"": ""#111827"", ""secondary"": ""#0EA5E9"", ""accent"": ""#22C55E"", ""background"": ""#FFFFFF""}"
"[""brand-kit"", ""colors""]",2025-08-14,Corevexa,"{""heading"": ""Inter"", ""body"": ""Inter"", ""scale"": ""1.25 modular""}",Branding,brand-0038,"{""primary"": ""#111827"", ""secondary"": ""#0EA5E9"", ""accent"": ""#22C55E"", ""background"": ""#FFFFFF""}"
"[""brand-kit"", ""colors""]",2025-08-14,Corevexa,"{""heading"": ""Inter"", ""body"": ""Inter"", ""scale"": ""1.25 modular""}",Branding,brand-0039,"{""primary"": ""#111827"", ""secondary"": ""#0EA5E9"", ""accent"": ""#22C55E"", ""background"": ""#FFFFFF""}"
"[""brand-kit"", ""colors""]",2025-08-14,Corevexa,"{""heading"": ""Inter"", ""body"": ""Inter"", ""scale"": ""1.25 modular""}",Branding,brand-0040,"{""primary"": ""#111827"", ""secondary"": ""#0EA5E9"", ""accent"": ""#22C55E"", ""background"": ""#FFFFFF""}"
"[""brand-kit"", ""colors""]",2025-08-14,Corevexa,"{""heading"": ""Inter"", ""body"": ""Inter"", ""scale"": ""1.25 modular""}",Branding,brand-0041,"{""primary"": ""#111827"", ""secondary"": ""#0EA5E9"", ""accent"": ""#22C55E"", ""background"": ""#FFFFFF""}"
"[""brand-kit"", ""colors""]",2025-08-14,Corevexa,"{""heading"": ""Inter"", ""body"": ""Inter"", ""scale"": ""1.25 modular""}",Branding,brand-0042,"{""primary"": ""#111827"", ""secondary"": ""#0EA5E9"", ""accent"": ""#22C55E"", ""background"": ""#FFFFFF""}"
"[""brand-kit"", ""colors""]",2025-08-14,Corevexa,"{""heading"": ""Inter"", ""body"": ""Inter"", ""scale"": ""1.25 modular""}",Branding,brand-0043,"{""primary"": ""#111827"", ""secondary"": ""#0EA5E9"", ""accent"": ""#22C55E"", ""background"": ""#FFFFFF""}"
"[""brand-kit"", ""colors""]",2025-08-14,Corevexa,"{""heading"": ""Inter"", ""body"": ""Inter"", ""scale"": ""1.25 modular""}",Branding,brand-0044,"{""primary"": ""#111827"", ""secondary"": ""#0EA5E9"", ""accent"": ""#22C55E"", ""background"": ""#FFFFFF""}"
"[""brand-kit"", ""colors""]",2025-08-14,Corevexa,"{""heading"": ""Inter"", ""body"": ""Inter"", ""scale"": ""1.25 modular""}",Branding,brand-0045,"{""primary"": ""#111827"", ""secondary"": ""#0EA5E9"", ""accent"": ""#22C55E"", ""background"": ""#FFFFFF""}"
"[""brand-kit"", ""colors""]",2025-08-14,Corevexa,"{""heading"": ""Inter"", ""body"": ""Inter"", ""scale"": ""1.25 modular""}",Branding,brand-0046,"{""primary"": ""#111827"", ""secondary"": ""#0EA5E9"", ""accent"": ""#22C55E"", ""background"": ""#FFFFFF""}"
"[""brand-kit"", ""colors""]",2025-08-14,Corevexa,"{""heading"": ""Inter"", ""body"": ""Inter"", ""scale"": ""1.25 modular""}",Branding,brand-0047,"{""primary"": ""#111827"", ""secondary"": ""#0EA5E9"", ""accent"": ""#22C55E"", ""background"": ""#FFFFFF""}"
"[""brand-kit"", ""colors""]",2025-08-14,Corevexa,"{""heading"": ""Inter"", ""body"": ""Inter"", ""scale"": ""1.25 modular""}",Branding,brand-0048,"{""primary"": ""#111827"", ""secondary"": ""#0EA5E9"", ""accent"": ""#22C55E"", ""background"": ""#FFFFFF""}"
"[""brand-kit"", ""colors""]",2025-08-14,Corevexa,"{""heading"": ""Inter"", ""body"": ""Inter"", ""scale"": ""1.25 modular""}",Branding,brand-0049,"{""primary"": ""#111827"", ""secondary"": ""#0EA5E9"", ""accent"": ""#22C55E"", ""background"": ""#FFFFFF""}"
"[""brand-kit"", ""colors""]",2025-08-14,Corevexa,"{""heading"": ""Inter"", ""body"": ""Inter"", ""scale"": ""1.25 modular""}",Branding,brand-0050,"{""primary"": ""#111827"", ""secondary"": ""#0EA5E9"", ""accent"": ""#22C55E"", ""background"": ""#FFFFFF""}"
"[""brand-kit"", ""colors""]",2025-08-14,Corevexa,"{""heading"": ""Inter"", ""body"": ""Inter"", ""scale"": ""1.25 modular""}",Branding,brand-0051,"{""primary"": ""#111827"", ""secondary"": ""#0EA5E9"", ""accent"": ""#22C55E"", ""background"": ""#FFFFFF""}"
"[""brand-kit"", ""colors""]",2025-08-14,Corevexa,"{""heading"": ""Inter"", ""body"": ""Inter"", ""scale"": ""1.25 modular""}",Branding,brand-0052,"{""primary"": ""#111827"", ""secondary"": ""#0EA5E9"", ""accent"": ""#22C55E"", ""background"": ""#FFFFFF""}"
"[""brand-kit"", ""colors""]",2025-08-14,Corevexa,"{""heading"": ""Inter"", ""body"": ""Inter"", ""scale"": ""1.25 modular""}",Branding,brand-0053,"{""primary"": ""#111827"", ""secondary"": ""#0EA5E9"", ""accent"": ""#22C55E"", ""background"": ""#FFFFFF""}"
"[""brand-kit"", ""colors""]",2025-08-14,Corevexa,"{""heading"": ""Inter"", ""body"": ""Inter"", ""scale"": ""1.25 modular""}",Branding,brand-0054,"{""primary"": ""#111827"", ""secondary"": ""#0EA5E9"", ""accent"": ""#22C55E"", ""background"": ""#FFFFFF""}"
"[""brand-kit"", ""colors""]",2025-08-14,Corevexa,"{""heading"": ""Inter"", ""body"": ""Inter"", ""scale"": ""1.25 modular""}",Branding,brand-0055,"{""primary"": ""#111827"", ""secondary"": ""#0EA5E9"", ""accent"": ""#22C55E"", ""background"": ""#FFFFFF""}"
"[""brand-kit"", ""colors""]",2025-08-14,Corevexa,"{""heading"": ""Inter"", ""body"": ""Inter"", ""scale"": ""1.25 modular""}",Branding,brand-0056,"{""primary"": ""#111827"", ""secondary"": ""#0EA5E9"", ""accent"": ""#22C55E"", ""background"": ""#FFFFFF""}"
"[""brand-kit"", ""colors""]",2025-08-14,Corevexa,"{""heading"": ""Inter"", ""body"": ""Inter"", ""scale"": ""1.25 modular""}",Branding,brand-0057,"{""primary"": ""#111827"", ""secondary"": ""#0EA5E9"", ""accent"": ""#22C55E"", ""background"": ""#FFFFFF""}"
"[""brand-kit"", ""colors""]",2025-08-14,Corevexa,"{""heading"": ""Inter"", ""body"": ""Inter"", ""scale"": ""1.25 modular""}",Branding,brand-0058,"{""primary"": ""#111827"", ""secondary"": ""#0EA5E9"", ""accent"": ""#22C55E"", ""background"": ""#FFFFFF""}"
"[""brand-kit"", ""colors""]",2025-08-14,Corevexa,"{""heading"": ""Inter"", ""body"": ""Inter"", ""scale"": ""1.25 modular""}",Branding,brand-0059,"{""primary"": ""#111827"", ""secondary"": ""#0EA5E9"", ""accent"": ""#22C55E"", ""background"": ""#FFFFFF""}"
"[""brand-kit"", ""colors""]",2025-08-14,Corevexa,"{""heading"": ""Inter"", ""body"": ""Inter"", ""scale"": ""1.25 modular""}",Branding,brand-0060,"{""primary"": ""#111827"", ""secondary"": ""#0EA5E9"", ""accent"": ""#22C55E"", ""background"": ""#FFFFFF""}"
"[""brand-kit"", ""colors""]",2025-08-14,Corevexa,"{""heading"": ""Inter"", ""body"": ""Inter"", ""scale"": ""1.25 modular""}",Branding,brand-0061,"{""primary"": ""#111827"", ""secondary"": ""#0EA5E9"", ""accent"": ""#22C55E"", ""background"": ""#FFFFFF""}"
"[""brand-kit"", ""colors""]",2025-08-14,Corevexa,"{""heading"": ""Inter"", ""body"": ""Inter"", ""scale"": ""1.25 modular""}",Branding,brand-0062,"{""primary"": ""#111827"", ""secondary"": ""#0EA5E9"", ""accent"": ""#22C55E"", ""background"": ""#FFFFFF""}"
"[""brand-kit"", ""colors""]",2025-08-14,Corevexa,"{""heading"": ""Inter"", ""body"": ""Inter"", ""scale"": ""1.25 modular""}",Branding,brand-0063,"{""primary"": ""#111827"", ""secondary"": ""#0EA5E9"", ""accent"": ""#22C55E"", ""background"": ""#FFFFFF""}"
"[""brand-kit"", ""colors""]",2025-08-14,Corevexa,"{""heading"": ""Inter"", ""body"": ""Inter"", ""scale"": ""1.25 modular""}",Branding,brand-0064,"{""primary"": ""#111827"", ""secondary"": ""#0EA5E9"", ""accent"": ""#22C55E"", ""background"": ""#FFFFFF""}"
"[""brand-kit"", ""colors""]",2025-08-14,Corevexa,"{""heading"": ""Inter"", ""body"": ""Inter"", ""scale"": ""1.25 modular""}",Branding,brand-0065,"{""primary"": ""#111827"", ""secondary"": ""#0EA5E9"", ""accent"": ""#22C55E"", ""background"": ""#FFFFFF""}"
"[""brand-kit"", ""colors""]",2025-08-14,Corevexa,"{""heading"": ""Inter"", ""body"": ""Inter"", ""scale"": ""1.25 modular""}",Branding,brand-0066,"{""primary"": ""#111827"", ""secondary"": ""#0EA5E9"", ""accent"": ""#22C55E"", ""background"": ""#FFFFFF""}"
"[""brand-kit"", ""colors""]",2025-08-14,Corevexa,"{""heading"": ""Inter"", ""body"": ""Inter"", ""scale"": ""1.25 modular""}",Branding,brand-0067,"{""primary"": ""#111827"", ""secondary"": ""#0EA5E9"", ""accent"": ""#22C55E"", ""background"": ""#FFFFFF""}"
"[""brand-kit"", ""colors""]",2025-08-14,Corevexa,"{""heading"": ""Inter"", ""body"": ""Inter"", ""scale"": ""1.25 modular""}",Branding,brand-0068,"{""primary"": ""#111827"", ""secondary"": ""#0EA5E9"", ""accent"": ""#22C55E"", ""background"": ""#FFFFFF""}"
"[""brand-kit"", ""colors""]",2025-08-14,Corevexa,"{""heading"": ""Inter"", ""body"": ""Inter"", ""scale"": ""1.25 modular""}",Branding,brand-0069,"{""primary"": ""#111827"", ""secondary"": ""#0EA5E9"", ""accent"": ""#22C55E"", ""background"": ""#FFFFFF""}"
"[""brand-kit"", ""colors""]",2025-08-14,Corevexa,"{""heading"": ""Inter"", ""body"": ""Inter"", ""scale"": ""1.25 modular""}",Branding,brand-0070,"{""primary"": ""#111827"", ""secondary"": ""#0EA5E9"", ""accent"": ""#22C55E"", ""background"": ""#FFFFFF""}"
"[""brand-kit"", ""colors""]",2025-08-14,Corevexa,"{""heading"": ""Inter"", ""body"": ""Inter"", ""scale"": ""1.25 modular""}",Branding,brand-0071,"{""primary"": ""#111827"", ""secondary"": ""#0EA5E9"", ""accent"": ""#22C55E"", ""background"": ""#FFFFFF""}"
"[""brand-kit"", ""colors""]",2025-08-14,Corevexa,"{""heading"": ""Inter"", ""body"": ""Inter"", ""scale"": ""1.25 modular""}",Branding,brand-0072,"{""primary"": ""#111827"", ""secondary"": ""#0EA5E9"", ""accent"": ""#22C55E"", ""background"": ""#FFFFFF""}"
"[""brand-kit"", ""colors""]",2025-08-14,Corevexa,"{""heading"": ""Inter"", ""body"": ""Inter"", ""scale"": ""1.25 modular""}",Branding,brand-0073,"{""primary"": ""#111827"", ""secondary"": ""#0EA5E9"", ""accent"": ""#22C55E"", ""background"": ""#FFFFFF""}"
"[""brand-kit"", ""colors""]",2025-08-14,Corevexa,"{""heading"": ""Inter"", ""body"": ""Inter"", ""scale"": ""1.25 modular""}",Branding,brand-0074,"{""primary"": ""#111827"", ""secondary"": ""#0EA5E9"", ""accent"": ""#22C55E"", ""background"": ""#FFFFFF""}"
"[""brand-kit"", ""colors""]",2025-08-14,Corevexa,"{""heading"": ""Inter"", ""body"": ""Inter"", ""scale"": ""1.25 modular""}",Branding,brand-0075,"{""primary"": ""#111827"", ""secondary"": ""#0EA5E9"", ""accent"": ""#22C55E"", ""background"": ""#FFFFFF""}"
"[""brand-kit"", ""colors""]",2025-08-14,Corevexa,"{""heading"": ""Inter"", ""body"": ""Inter"", ""scale"": ""1.25 modular""}",Branding,brand-0076,"{""primary"": ""#111827"", ""secondary"": ""#0EA5E9"", ""accent"": ""#22C55E"", ""background"": ""#FFFFFF""}"
"[""brand-kit"", ""colors""]",2025-08-14,Corevexa,"{""heading"": ""Inter"", ""body"": ""Inter"", ""scale"": ""1.25 modular""}",Branding,brand-0077,"{""primary"": ""#111827"", ""secondary"": ""#0EA5E9"", ""accent"": ""#22C55E"", ""background"": ""#FFFFFF""}"
"[""brand-kit"", ""colors""]",2025-08-14,Corevexa,"{""heading"": ""Inter"", ""body"": ""Inter"", ""scale"": ""1.25 modular""}",Branding,brand-0078,"{""primary"": ""#111827"", ""secondary"": ""#0EA5E9"", ""accent"": ""#22C55E"", ""background"": ""#FFFFFF""}"
"[""brand-kit"", ""colors""]",2025-08-14,Corevexa,"{""heading"": ""Inter"", ""body"": ""Inter"", ""scale"": ""1.25 modular""}",Branding,brand-0079,"{""primary"": ""#111827"", ""secondary"": ""#0EA5E9"", ""accent"": ""#22C55E"", ""background"": ""#FFFFFF""}"
"[""brand-kit"", ""colors""]",2025-08-14,Corevexa,"{""heading"": ""Inter"", ""body"": ""Inter"", ""scale"": ""1.25 modular""}",Branding,brand-0080,"{""primary"": ""#111827"", ""secondary"": ""#0EA5E9"", ""accent"": ""#22C55E"", ""background"": ""#FFFFFF""}"
"[""brand-kit"", ""colors""]",2025-08-14,Corevexa,"{""heading"": ""Inter"", ""body"": ""Inter"", ""scale"": ""1.25 modular""}",Branding,brand-0081,"{""primary"": ""#111827"", ""secondary"": ""#0EA5E9"", ""accent"": ""#22C55E"", ""background"": ""#FFFFFF""}"
"[""brand-kit"", ""colors""]",2025-08-14,Corevexa,"{""heading"": ""Inter"", ""body"": ""Inter"", ""scale"": ""1.25 modular""}",Branding,brand-0082,"{""primary"": ""#111827"", ""secondary"": ""#0EA5E9"", ""accent"": ""#22C55E"", ""background"": ""#FFFFFF""}"
"[""brand-kit"", ""colors""]",2025-08-14,Corevexa,"{""heading"": ""Inter"", ""body"": ""Inter"", ""scale"": ""1.25 modular""}",Branding,brand-0083,"{""primary"": ""#111827"", ""secondary"": ""#0EA5E9"", ""accent"": ""#22C55E"", ""background"": ""#FFFFFF""}"
"[""brand-kit"", ""colors""]",2025-08-14,Corevexa,"{""heading"": ""Inter"", ""body"": ""Inter"", ""scale"": ""1.25 modular""}",Branding,brand-0084,"{""primary"": ""#111827"", ""secondary"": ""#0EA5E9"", ""accent"": ""#22C55E"", ""background"": ""#FFFFFF""}"
"[""brand-kit"", ""colors""]",2025-08-14,Corevexa,"{""heading"": ""Inter"", ""body"": ""Inter"", ""scale"": ""1.25 modular""}",Branding,brand-0085,"{""primary"": ""#111827"", ""secondary"": ""#0EA5E9"", ""accent"": ""#22C55E"", ""background"": ""#FFFFFF""}"
"[""brand-kit"", ""colors""]",2025-08-14,Corevexa,"{""heading"": ""Inter"", ""body"": ""Inter"", ""scale"": ""1.25 modular""}",Branding,brand-0086,"{""primary"": ""#111827"", ""secondary"": ""#0EA5E9"", ""accent"": ""#22C55E"", ""background"": ""#FFFFFF""}"
"[""brand-kit"", ""colors""]",2025-08-14,Corevexa,"{""heading"": ""Inter"", ""body"": ""Inter"", ""scale"": ""1.25 modular""}",Branding,brand-0087,"{""primary"": ""#111827"", ""secondary"": ""#0EA5E9"", ""accent"": ""#22C55E"", ""background"": ""#FFFFFF""}"
"[""brand-kit"", ""colors""]",2025-08-14,Corevexa,"{""heading"": ""Inter"", ""body"": ""Inter"", ""scale"": ""1.25 modular""}",Branding,brand-0088,"{""primary"": ""#111827"", ""secondary"": ""#0EA5E9"", ""accent"": ""#22C55E"", ""background"": ""#FFFFFF""}"
"[""brand-kit"", ""colors""]",2025-08-14,Corevexa,"{""heading"": ""Inter"", ""body"": ""Inter"", ""scale"": ""1.25 modular""}",Branding,brand-0089,"{""primary"": ""#111827"", ""secondary"": ""#0EA5E9"", ""accent"": ""#22C55E"", ""background"": ""#FFFFFF""}"
"[""brand-kit"", ""colors""]",2025-08-14,Corevexa,"{""heading"": ""Inter"", ""body"": ""Inter"", ""scale"": ""1.25 modular""}",Branding,brand-0090,"{""primary"": ""#111827"", ""secondary"": ""#0EA5E9"", ""accent"": ""#22C55E"", ""background"": ""#FFFFFF""}"
"[""brand-kit"", ""colors""]",2025-08-14,Corevexa,"{""heading"": ""Inter"", ""body"": ""Inter"", ""scale"": ""1.25 modular""}",Branding,brand-0091,"{""primary"": ""#111827"", ""secondary"": ""#0EA5E9"", ""accent"": ""#22C55E"", ""background"": ""#FFFFFF""}"
"[""brand-kit"", ""colors""]",2025-08-14,Corevexa,"{""heading"": ""Inter"", ""body"": ""Inter"", ""scale"": ""1.25 modular""}",Branding,brand-0092,"{""primary"": ""#111827"", ""secondary"": ""#0EA5E9"", ""accent"": ""#22C55E"", ""background"": ""#FFFFFF""}"
"[""brand-kit"", ""colors""]",2025-08-14,Corevexa,"{""heading"": ""Inter"", ""body"": ""Inter"", ""scale"": ""1.25 modular""}",Branding,brand-0093,"{""primary"": ""#111827"", ""secondary"": ""#0EA5E9"", ""accent"": ""#22C55E"", ""background"": ""#FFFFFF""}"
"[""brand-kit"", ""colors""]",2025-08-14,Corevexa,"{""heading"": ""Inter"", ""body"": ""Inter"", ""scale"": ""1.25 modular""}",Branding,brand-0094,"{""primary"": ""#111827"", ""secondary"": ""#0EA5E9"", ""accent"": ""#22C55E"", ""background"": ""#FFFFFF""}"
"[""brand-kit"", ""colors""]",2025-08-14,Corevexa,"{""heading"": ""Inter"", ""body"": ""Inter"", ""scale"": ""1.25 modular""}",Branding,brand-0095,"{""primary"": ""#111827"", ""secondary"": ""#0EA5E9"", ""accent"": ""#22C55E"", ""background"": ""#FFFFFF""}"
"[""brand-kit"", ""colors""]",2025-08-14,Corevexa,"{""heading"": ""Inter"", ""body"": ""Inter"", ""scale"": ""1.25 modular""}",Branding,brand-0096,"{""primary"": ""#111827"", ""secondary"": ""#0EA5E9"", ""accent"": ""#22C55E"", ""background"": ""#FFFFFF""}"
"[""brand-kit"", ""colors""]",2025-08-14,Corevexa,"{""heading"": ""Inter"", ""body"": ""Inter"", ""scale"": ""1.25 modular""}",Branding,brand-0097,"{""primary"": ""#111827"", ""secondary"": ""#0EA5E9"", ""accent"": ""#22C55E"", ""background"": ""#FFFFFF""}"
"[""brand-kit"", ""colors""]",2025-08-14,Corevexa,"{""heading"": ""Inter"", ""body"": ""Inter"", ""scale"": ""1.25 modular""}",Branding,brand-0098,"{""primary"": ""#111827"", ""secondary"": ""#0EA5E9"", ""accent"": ""#22C55E"", ""background"": ""#FFFFFF""}"
"[""brand-kit"", ""colors""]",2025-08-14,Corevexa,"{""heading"": ""Inter"", ""body"": ""Inter"", ""scale"": ""1.25 modular""}",Branding,brand-0099,"{""primary"": ""#111827"", ""secondary"": ""#0EA5E9"", ""accent"": ""#22C55E"", ""background"": ""#FFFFFF""}"
"[""brand-kit"", ""colors""]",2025-08-14,Corevexa,"{""heading"": ""Inter"", ""body"": ""Inter"", ""scale"": ""1.25 modular""}",Branding,brand-0100,"{""primary"": ""#111827"", ""secondary"": ""#0EA5E9"", ""accent"": ""#22C55E"", ""background"": ""#FFFFFF""}"
"[""brand-kit"", ""colors""]",2025-08-14,Corevexa,"{""heading"": ""Inter"", ""body"": ""Inter"", ""scale"": ""1.25 modular""}",Branding,brand-0101,"{""primary"": ""#111827"", ""secondary"": ""#0EA5E9"", ""accent"": ""#22C55E"", ""background"": ""#FFFFFF""}"
"[""brand-kit"", ""colors""]",2025-08-14,Corevexa,"{""heading"": ""Inter"", ""body"": ""Inter"", ""scale"": ""1.25 modular""}",Branding,brand-0102,"{""primary"": ""#111827"", ""secondary"": ""#0EA5E9"", ""accent"": ""#22C55E"", ""background"": ""#FFFFFF""}"
"[""brand-kit"", ""colors""]",2025-08-14,Corevexa,"{""heading"": ""Inter"", ""body"": ""Inter"", ""scale"": ""1.25 modular""}",Branding,brand-0103,"{""primary"": ""#111827"", ""secondary"": ""#0EA5E9"", ""accent"": ""#22C55E"", ""background"": ""#FFFFFF""}"
"[""brand-kit"", ""colors""]",2025-08-14,Corevexa,"{""heading"": ""Inter"", ""body"": ""Inter"", ""scale"": ""1.25 modular""}",Branding,brand-0104,"{""primary"": ""#111827"", ""secondary"": ""#0EA5E9"", ""accent"": ""#22C55E"", ""background"": ""#FFFFFF""}"
"[""brand-kit"", ""colors""]",2025-08-14,Corevexa,"{""heading"": ""Inter"", ""body"": ""Inter"", ""scale"": ""1.25 modular""}",Branding,brand-0105,"{""primary"": ""#111827"", ""secondary"": ""#0EA5E9"", ""accent"": ""#22C55E"", ""background"": ""#FFFFFF""}"
"[""brand-kit"", ""colors""]",2025-08-14,Corevexa,"{""heading"": ""Inter"", ""body"": ""Inter"", ""scale"": ""1.25 modular""}",Branding,brand-0106,"{""primary"": ""#111827"", ""secondary"": ""#0EA5E9"", ""accent"": ""#22C55E"", ""background"": ""#FFFFFF""}"
"[""brand-kit"", ""colors""]",2025-08-14,Corevexa,"{""heading"": ""Inter"", ""body"": ""Inter"", ""scale"": ""1.25 modular""}",Branding,brand-0107,"{""primary"": ""#111827"", ""secondary"": ""#0EA5E9"", ""accent"": ""#22C55E"", ""background"": ""#FFFFFF""}"
"[""brand-kit"", ""colors""]",2025-08-14,Corevexa,"{""heading"": ""Inter"", ""body"": ""Inter"", ""scale"": ""1.25 modular""}",Branding,brand-0108,"{""primary"": ""#111827"", ""secondary"": ""#0EA5E9"", ""accent"": ""#22C55E"", ""background"": ""#FFFFFF""}"
"[""brand-kit"", ""colors""]",2025-08-14,Corevexa,"{""heading"": ""Inter"", ""body"": ""Inter"", ""scale"": ""1.25 modular""}",Branding,brand-0109,"{""primary"": ""#111827"", ""secondary"": ""#0EA5E9"", ""accent"": ""#22C55E"", ""background"": ""#FFFFFF""}"
"[""brand-kit"", ""colors""]",2025-08-14,Corevexa,"{""heading"": ""Inter"", ""body"": ""Inter"", ""scale"": ""1.25 modular""}",Branding,brand-0110,"{""primary"": ""#111827"", ""secondary"": ""#0EA5E9"", ""accent"": ""#22C55E"", ""background"": ""#FFFFFF""}"
"[""brand-kit"", ""colors""]",2025-08-14,Corevexa,"{""heading"": ""Inter"", ""body"": ""Inter"", ""scale"": ""1.25 modular""}",Branding,brand-0111,"{""primary"": ""#111827"", ""secondary"": ""#0EA5E9"", ""accent"": ""#22C55E"", ""background"": ""#FFFFFF""}"
"[""brand-kit"", ""colors""]",2025-08-14,Corevexa,"{""heading"": ""Inter"", ""body"": ""Inter"", ""scale"": ""1.25 modular""}",Branding,brand-0112,"{""primary"": ""#111827"", ""secondary"": ""#0EA5E9"", ""accent"": ""#22C55E"", ""background"": ""#FFFFFF""}"
"[""brand-kit"", ""colors""]",2025-08-14,Corevexa,"{""heading"": ""Inter"", ""body"": ""Inter"", ""scale"": ""1.25 modular""}",Branding,brand-0113,"{""primary"": ""#111827"", ""secondary"": ""#0EA5E9"", ""accent"": ""#22C55E"", ""background"": ""#FFFFFF""}"
"[""brand-kit"", ""colors""]",2025-08-14,Corevexa,"{""heading"": ""Inter"", ""body"": ""Inter"", ""scale"": ""1.25 modular""}",Branding,brand-0114,"{""primary"": ""#111827"", ""secondary"": ""#0EA5E9"", ""accent"": ""#22C55E"", ""background"": ""#FFFFFF""}"
"[""brand-kit"", ""colors""]",2025-08-14,Corevexa,"{""heading"": ""Inter"", ""body"": ""Inter"", ""scale"": ""1.25 modular""}",Branding,brand-0115,"{""primary"": ""#111827"", ""secondary"": ""#0EA5E9"", ""accent"": ""#22C55E"", ""background"": ""#FFFFFF""}"
"[""brand-kit"", ""colors""]",2025-08-14,Corevexa,"{""heading"": ""Inter"", ""body"": ""Inter"", ""scale"": ""1.25 modular""}",Branding,brand-0116,"{""primary"": ""#111827"", ""secondary"": ""#0EA5E9"", ""accent"": ""#22C55E"", ""background"": ""#FFFFFF""}"
"[""brand-kit"", ""colors""]",2025-08-14,Corevexa,"{""heading"": ""Inter"", ""body"": ""Inter"", ""scale"": ""1.25 modular""}",Branding,brand-0117,"{""primary"": ""#111827"", ""secondary"": ""#0EA5E9"", ""accent"": ""#22C55E"", ""background"": ""#FFFFFF""}"
"[""brand-kit"", ""colors""]",2025-08-14,Corevexa,"{""heading"": ""Inter"", ""body"": ""Inter"", ""scale"": ""1.25 modular""}",Branding,brand-0118,"{""primary"": ""#111827"", ""secondary"": ""#0EA5E9"", ""accent"": ""#22C55E"", ""background"": ""#FFFFFF""}"
"[""brand-kit"", ""colors""]",2025-08-14,Corevexa,"{""heading"": ""Inter"", ""body"": ""Inter"", ""scale"": ""1.25 modular""}",Branding,brand-0119,"{""primary"": ""#111827"", ""secondary"": ""#0EA5E9"", ""accent"": ""#22C55E"", ""background"": ""#FFFFFF""}"
"[""brand-kit"", ""colors""]",2025-08-14,Corevexa,"{""heading"": ""Inter"", ""body"": ""Inter"", ""scale"": ""1.25 modular""}",Branding,brand-0120,"{""primary"": ""#111827"", ""secondary"": ""#0EA5E9"", ""accent"": ""#22C55E"", ""background"": ""#FFFFFF""}"
"[""brand-kit"", ""colors""]",2025-08-14,Corevexa,"{""heading"": ""Inter"", ""body"": ""Inter"", ""scale"": ""1.25 modular""}",Branding,brand-0121,"{""primary"": ""#111827"", ""secondary"": ""#0EA5E9"", ""accent"": ""#22C55E"", ""background"": ""#FFFFFF""}"
"[""brand-kit"", ""colors""]",2025-08-14,Corevexa,"{""heading"": ""Inter"", ""body"": ""Inter"", ""scale"": ""1.25 modular""}",Branding,brand-0122,"{""primary"": ""#111827"", ""secondary"": ""#0EA5E9"", ""accent"": ""#22C55E"", ""background"": ""#FFFFFF""}"
"[""brand-kit"", ""colors""]",2025-08-14,Corevexa,"{""heading"": ""Inter"", ""body"": ""Inter"", ""scale"": ""1.25 modular""}",Branding,brand-0123,"{""primary"": ""#111827"", ""secondary"": ""#0EA5E9"", ""accent"": ""#22C55E"", ""background"": ""#FFFFFF""}"
"[""brand-kit"", ""colors""]",2025-08-14,Corevexa,"{""heading"": ""Inter"", ""body"": ""Inter"", ""scale"": ""1.25 modular""}",Branding,brand-0124,"{""primary"": ""#111827"", ""secondary"": ""#0EA5E9"", ""accent"": ""#22C55E"", ""background"": ""#FFFFFF""}"
"[""brand-kit"", ""colors""]",2025-08-14,Corevexa,"{""heading"": ""Inter"", ""body"": ""Inter"", ""scale"": ""1.25 modular""}",Branding,brand-0125,"{""primary"": ""#111827"", ""secondary"": ""#0EA5E9"", ""accent"": ""#22C55E"", ""background"": ""#FFFFFF""}"
"[""brand-kit"", ""colors""]",2025-08-14,Corevexa,"{""heading"": ""Inter"", ""body"": ""Inter"", ""scale"": ""1.25 modular""}",Branding,brand-0126,"{""primary"": ""#111827"", ""secondary"": ""#0EA5E9"", ""accent"": ""#22C55E"", ""background"": ""#FFFFFF""}"
"[""brand-kit"", ""colors""]",2025-08-14,Corevexa,"{""heading"": ""Inter"", ""body"": ""Inter"", ""scale"": ""1.25 modular""}",Branding,brand-0127,"{""primary"": ""#111827"", ""secondary"": ""#0EA5E9"", ""accent"": ""#22C55E"", ""background"": ""#FFFFFF""}"
"[""brand-kit"", ""colors""]",2025-08-14,Corevexa,"{""heading"": ""Inter"", ""body"": ""Inter"", ""scale"": ""1.25 modular""}",Branding,brand-0128,"{""primary"": ""#111827"", ""secondary"": ""#0EA5E9"", ""accent"": ""#22C55E"", ""background"": ""#FFFFFF""}"
"[""brand-kit"", ""colors""]",2025-08-14,Corevexa,"{""heading"": ""Inter"", ""body"": ""Inter"", ""scale"": ""1.25 modular""}",Branding,brand-0129,"{""primary"": ""#111827"", ""secondary"": ""#0EA5E9"", ""accent"": ""#22C55E"", ""background"": ""#FFFFFF""}"
"[""brand-kit"", ""colors""]",2025-08-14,Corevexa,"{""heading"": ""Inter"", ""body"": ""Inter"", ""scale"": ""1.25 modular""}",Branding,brand-0130,"{""primary"": ""#111827"", ""secondary"": ""#0EA5E9"", ""accent"": ""#22C55E"", ""background"": ""#FFFFFF""}"
"[""brand-kit"", ""colors""]",2025-08-14,Corevexa,"{""heading"": ""Inter"", ""body"": ""Inter"", ""scale"": ""1.25 modular""}",Branding,brand-0131,"{""primary"": ""#111827"", ""secondary"": ""#0EA5E9"", ""accent"": ""#22C55E"", ""background"": ""#FFFFFF""}"
"[""brand-kit"", ""colors""]",2025-08-14,Corevexa,"{""heading"": ""Inter"", ""body"": ""Inter"", ""scale"": ""1.25 modular""}",Branding,brand-0132,"{""primary"": ""#111827"", ""secondary"": ""#0EA5E9"", ""accent"": ""#22C55E"", ""background"": ""#FFFFFF""}"
"[""brand-kit"", ""colors""]",2025-08-14,Corevexa,"{""heading"": ""Inter"", ""body"": ""Inter"", ""scale"": ""1.25 modular""}",Branding,brand-0133,"{""primary"": ""#111827"", ""secondary"": ""#0EA5E9"", ""accent"": ""#22C55E"", ""background"": ""#FFFFFF""}"
"[""brand-kit"", ""colors""]",2025-08-14,Corevexa,"{""heading"": ""Inter"", ""body"": ""Inter"", ""scale"": ""1.25 modular""}",Branding,brand-0134,"{""primary"": ""#111827"", ""secondary"": ""#0EA5E9"", ""accent"": ""#22C55E"", ""background"": ""#FFFFFF""}"
"[""brand-kit"", ""colors""]",2025-08-14,Corevexa,"{""heading"": ""Inter"", ""body"": ""Inter"", ""scale"": ""1.25 modular""}",Branding,brand-0135,"{""primary"": ""#111827"", ""secondary"": ""#0EA5E9"", ""accent"": ""#22C55E"", ""background"": ""#FFFFFF""}"
"[""brand-kit"", ""colors""]",2025-08-14,Corevexa,"{""heading"": ""Inter"", ""body"": ""Inter"", ""scale"": ""1.25 modular""}",Branding,brand-0136,"{""primary"": ""#111827"", ""secondary"": ""#0EA5E9"", ""accent"": ""#22C55E"", ""background"": ""#FFFFFF""}"
"[""brand-kit"", ""colors""]",2025-08-14,Corevexa,"{""heading"": ""Inter"", ""body"": ""Inter"", ""scale"": ""1.25 modular""}",Branding,brand-0137,"{""primary"": ""#111827"", ""secondary"": ""#0EA5E9"", ""accent"": ""#22C55E"", ""background"": ""#FFFFFF""}"
"[""brand-kit"", ""colors""]",2025-08-14,Corevexa,"{""heading"": ""Inter"", ""body"": ""Inter"", ""scale"": ""1.25 modular""}",Branding,brand-0138,"{""primary"": ""#111827"", ""secondary"": ""#0EA5E9"", ""accent"": ""#22C55E"", ""background"": ""#FFFFFF""}"
"[""brand-kit"", ""colors""]",2025-08-14,Corevexa,"{""heading"": ""Inter"", ""body"": ""Inter"", ""scale"": ""1.25 modular""}",Branding,brand-0139,"{""primary"": ""#111827"", ""secondary"": ""#0EA5E9"", ""accent"": ""#22C55E"", ""background"": ""#FFFFFF""}"
"[""brand-kit"", ""colors""]",2025-08-14,Corevexa,"{""heading"": ""Inter"", ""body"": ""Inter"", ""scale"": ""1.25 modular""}",Branding,brand-0140,"{""primary"": ""#111827"", ""secondary"": ""#0EA5E9"", ""accent"": ""#22C55E"", ""background"": ""#FFFFFF""}"
"[""brand-kit"", ""colors""]",2025-08-14,Corevexa,"{""heading"": ""Inter"", ""body"": ""Inter"", ""scale"": ""1.25 modular""}",Branding,brand-0141,"{""primary"": ""#111827"", ""secondary"": ""#0EA5E9"", ""accent"": ""#22C55E"", ""background"": ""#FFFFFF""}"
"[""brand-kit"", ""colors""]",2025-08-14,Corevexa,"{""heading"": ""Inter"", ""body"": ""Inter"", ""scale"": ""1.25 modular""}",Branding,brand-0142,"{""primary"": ""#111827"", ""secondary"": ""#0EA5E9"", ""accent"": ""#22C55E"", ""background"": ""#FFFFFF""}"
"[""brand-kit"", ""colors""]",2025-08-14,Corevexa,"{""heading"": ""Inter"", ""body"": ""Inter"", ""scale"": ""1.25 modular""}",Branding,brand-0143,"{""primary"": ""#111827"", ""secondary"": ""#0EA5E9"", ""accent"": ""#22C55E"", ""background"": ""#FFFFFF""}"
"[""brand-kit"", ""colors""]",2025-08-14,Corevexa,"{""heading"": ""Inter"", ""body"": ""Inter"", ""scale"": ""1.25 modular""}",Branding,brand-0144,"{""primary"": ""#111827"", ""secondary"": ""#0EA5E9"", ""accent"": ""#22C55E"", ""background"": ""#FFFFFF""}"
"[""brand-kit"", ""colors""]",2025-08-14,Corevexa,"{""heading"": ""Inter"", ""body"": ""Inter"", ""scale"": ""1.25 modular""}",Branding,brand-0145,"{""primary"": ""#111827"", ""secondary"": ""#0EA5E9"", ""accent"": ""#22C55E"", ""background"": ""#FFFFFF""}"
"[""brand-kit"", ""colors""]",2025-08-14,Corevexa,"{""heading"": ""Inter"", ""body"": ""Inter"", ""scale"": ""1.25 modular""}",Branding,brand-0146,"{""primary"": ""#111827"", ""secondary"": ""#0EA5E9"", ""accent"": ""#22C55E"", ""background"": ""#FFFFFF""}"
"[""brand-kit"", ""colors""]",2025-08-14,Corevexa,"{""heading"": ""Inter"", ""body"": ""Inter"", ""scale"": ""1.25 modular""}",Branding,brand-0147,"{""primary"": ""#111827"", ""secondary"": ""#0EA5E9"", ""accent"": ""#22C55E"", ""background"": ""#FFFFFF""}"
"[""brand-kit"", ""colors""]",2025-08-14,Corevexa,"{""heading"": ""Inter"", ""body"": ""Inter"", ""scale"": ""1.25 modular""}",Branding,brand-0148,"{""primary"": ""#111827"", ""secondary"": ""#0EA5E9"", ""accent"": ""#22C55E"", ""background"": ""#FFFFFF""}"
"[""brand-kit"", ""colors""]",2025-08-14,Corevexa,"{""heading"": ""Inter"", ""body"": ""Inter"", ""scale"": ""1.25 modular""}",Branding,brand-0149,"{""primary"": ""#111827"", ""secondary"": ""#0EA5E9"", ""accent"": ""#22C55E"", ""background"": ""#FFFFFF""}"
"[""brand-kit"", ""colors""]",2025-08-14,Corevexa,"{""heading"": ""Inter"", ""body"": ""Inter"", ""scale"": ""1.25 modular""}",Branding,brand-0150,"{""primary"": ""#111827"", ""secondary"": ""#0EA5E9"", ""accent"": ""#22C55E"", ""background"": ""#FFFFFF""}"
"[""brand-kit"", ""colors""]",2025-08-14,Corevexa,"{""heading"": ""Inter"", ""body"": ""Inter"", ""scale"": ""1.25 modular""}",Branding,brand-0151,"{""primary"": ""#111827"", ""secondary"": ""#0EA5E9"", ""accent"": ""#22C55E"", ""background"": ""#FFFFFF""}"
"[""brand-kit"", ""colors""]",2025-08-14,Corevexa,"{""heading"": ""Inter"", ""body"": ""Inter"", ""scale"": ""1.25 modular""}",Branding,brand-0152,"{""primary"": ""#111827"", ""secondary"": ""#0EA5E9"", ""accent"": ""#22C55E"", ""background"": ""#FFFFFF""}"
"[""brand-kit"", ""colors""]",2025-08-14,Corevexa,"{""heading"": ""Inter"", ""body"": ""Inter"", ""scale"": ""1.25 modular""}",Branding,brand-0153,"{""primary"": ""#111827"", ""secondary"": ""#0EA5E9"", ""accent"": ""#22C55E"", ""background"": ""#FFFFFF""}"
"[""brand-kit"", ""colors""]",2025-08-14,Corevexa,"{""heading"": ""Inter"", ""body"": ""Inter"", ""scale"": ""1.25 modular""}",Branding,brand-0154,"{""primary"": ""#111827"", ""secondary"": ""#0EA5E9"", ""accent"": ""#22C55E"", ""background"": ""#FFFFFF""}"
"[""brand-kit"", ""colors""]",2025-08-14,Corevexa,"{""heading"": ""Inter"", ""body"": ""Inter"", ""scale"": ""1.25 modular""}",Branding,brand-0155,"{""primary"": ""#111827"", ""secondary"": ""#0EA5E9"", ""accent"": ""#22C55E"", ""background"": ""#FFFFFF""}"
"[""brand-kit"", ""colors""]",2025-08-14,Corevexa,"{""heading"": ""Inter"", ""body"": ""Inter"", ""scale"": ""1.25 modular""}",Branding,brand-0156,"{""primary"": ""#111827"", ""secondary"": ""#0EA5E9"", ""accent"": ""#22C55E"", ""background"": ""#FFFFFF""}"
"[""brand-kit"", ""colors""]",2025-08-14,Corevexa,"{""heading"": ""Inter"", ""body"": ""Inter"", ""scale"": ""1.25 modular""}",Branding,brand-0157,"{""primary"": ""#111827"", ""secondary"": ""#0EA5E9"", ""accent"": ""#22C55E"", ""background"": ""#FFFFFF""}"
"[""brand-kit"", ""colors""]",2025-08-14,Corevexa,"{""heading"": ""Inter"", ""body"": ""Inter"", ""scale"": ""1.25 modular""}",Branding,brand-0158,"{""primary"": ""#111827"", ""secondary"": ""#0EA5E9"", ""accent"": ""#22C55E"", ""background"": ""#FFFFFF""}"
"[""brand-kit"", ""colors""]",2025-08-14,Corevexa,"{""heading"": ""Inter"", ""body"": ""Inter"", ""scale"": ""1.25 modular""}",Branding,brand-0159,"{""primary"": ""#111827"", ""secondary"": ""#0EA5E9"", ""accent"": ""#22C55E"", ""background"": ""#FFFFFF""}"
"[""brand-kit"", ""colors""]",2025-08-14,Corevexa,"{""heading"": ""Inter"", ""body"": ""Inter"", ""scale"": ""1.25 modular""}",Branding,brand-0160,"{""primary"": ""#111827"", ""secondary"": ""#0EA5E9"", ""accent"": ""#22C55E"", ""background"": ""#FFFFFF""}"
"[""brand-kit"", ""colors""]",2025-08-14,Corevexa,"{""heading"": ""Inter"", ""body"": ""Inter"", ""scale"": ""1.25 modular""}",Branding,brand-0161,"{""primary"": ""#111827"", ""secondary"": ""#0EA5E9"", ""accent"": ""#22C55E"", ""background"": ""#FFFFFF""}"
"[""brand-kit"", ""colors""]",2025-08-14,Corevexa,"{""heading"": ""Inter"", ""body"": ""Inter"", ""scale"": ""1.25 modular""}",Branding,brand-0162,"{""primary"": ""#111827"", ""secondary"": ""#0EA5E9"", ""accent"": ""#22C55E"", ""background"": ""#FFFFFF""}"
"[""brand-kit"", ""colors""]",2025-08-14,Corevexa,"{""heading"": ""Inter"", ""body"": ""Inter"", ""scale"": ""1.25 modular""}",Branding,brand-0163,"{""primary"": ""#111827"", ""secondary"": ""#0EA5E9"", ""accent"": ""#22C55E"", ""background"": ""#FFFFFF""}"
"[""brand-kit"", ""colors""]",2025-08-14,Corevexa,"{""heading"": ""Inter"", ""body"": ""Inter"", ""scale"": ""1.25 modular""}",Branding,brand-0164,"{""primary"": ""#111827"", ""secondary"": ""#0EA5E9"", ""accent"": ""#22C55E"", ""background"": ""#FFFFFF""}"
"[""brand-kit"", ""colors""]",2025-08-14,Corevexa,"{""heading"": ""Inter"", ""body"": ""Inter"", ""scale"": ""1.25 modular""}",Branding,brand-0165,"{""primary"": ""#111827"", ""secondary"": ""#0EA5E9"", ""accent"": ""#22C55E"", ""background"": ""#FFFFFF""}"
"[""brand-kit"", ""colors""]",2025-08-14,Corevexa,"{""heading"": ""Inter"", ""body"": ""Inter"", ""scale"": ""1.25 modular""}",Branding,brand-0166,"{""primary"": ""#111827"", ""secondary"": ""#0EA5E9"", ""accent"": ""#22C55E"", ""background"": ""#FFFFFF""}"
"[""brand-kit"", ""colors""]",2025-08-14,Corevexa,"{""heading"": ""Inter"", ""body"": ""Inter"", ""scale"": ""1.25 modular""}",Branding,brand-0167,"{""primary"": ""#111827"", ""secondary"": ""#0EA5E9"", ""accent"": ""#22C55E"", ""background"": ""#FFFFFF""}"
"[""brand-kit"", ""colors""]",2025-08-14,Corevexa,"{""heading"": ""Inter"", ""body"": ""Inter"", ""scale"": ""1.25 modular""}",Branding,brand-0168,"{""primary"": ""#111827"", ""secondary"": ""#0EA5E9"", ""accent"": ""#22C55E"", ""background"": ""#FFFFFF""}"
"[""brand-kit"", ""colors""]",2025-08-14,Corevexa,"{""heading"": ""Inter"", ""body"": ""Inter"", ""scale"": ""1.25 modular""}",Branding,brand-0169,"{""primary"": ""#111827"", ""secondary"": ""#0EA5E9"", ""accent"": ""#22C55E"", ""background"": ""#FFFFFF""}"
"[""brand-kit"", ""colors""]",2025-08-14,Corevexa,"{""heading"": ""Inter"", ""body"": ""Inter"", ""scale"": ""1.25 modular""}",Branding,brand-0170,"{""primary"": ""#111827"", ""secondary"": ""#0EA5E9"", ""accent"": ""#22C55E"", ""background"": ""#FFFFFF""}"
"[""brand-kit"", ""colors""]",2025-08-14,Corevexa,"{""heading"": ""Inter"", ""body"": ""Inter"", ""scale"": ""1.25 modular""}",Branding,brand-0171,"{""primary"": ""#111827"", ""secondary"": ""#0EA5E9"", ""accent"": ""#22C55E"", ""background"": ""#FFFFFF""}"
"[""brand-kit"", ""colors""]",2025-08-14,Corevexa,"{""heading"": ""Inter"", ""body"": ""Inter"", ""scale"": ""1.25 modular""}",Branding,brand-0172,"{""primary"": ""#111827"", ""secondary"": ""#0EA5E9"", ""accent"": ""#22C55E"", ""background"": ""#FFFFFF""}"
"[""brand-kit"", ""colors""]",2025-08-14,Corevexa,"{""heading"": ""Inter"", ""body"": ""Inter"", ""scale"": ""1.25 modular""}",Branding,brand-0173,"{""primary"": ""#111827"", ""secondary"": ""#0EA5E9"", ""accent"": ""#22C55E"", ""background"": ""#FFFFFF""}"
"[""brand-kit"", ""colors""]",2025-08-14,Corevexa,"{""heading"": ""Inter"", ""body"": ""Inter"", ""scale"": ""1.25 modular""}",Branding,brand-0174,"{""primary"": ""#111827"", ""secondary"": ""#0EA5E9"", ""accent"": ""#22C55E"", ""background"": ""#FFFFFF""}"
"[""brand-kit"", ""colors""]",2025-08-14,Corevexa,"{""heading"": ""Inter"", ""body"": ""Inter"", ""scale"": ""1.25 modular""}",Branding,brand-0175,"{""primary"": ""#111827"", ""secondary"": ""#0EA5E9"", ""accent"": ""#22C55E"", ""background"": ""#FFFFFF""}"
"[""brand-kit"", ""colors""]",2025-08-14,Corevexa,"{""heading"": ""Inter"", ""body"": ""Inter"", ""scale"": ""1.25 modular""}",Branding,brand-0176,"{""primary"": ""#111827"", ""secondary"": ""#0EA5E9"", ""accent"": ""#22C55E"", ""background"": ""#FFFFFF""}"
"[""brand-kit"", ""colors""]",2025-08-14,Corevexa,"{""heading"": ""Inter"", ""body"": ""Inter"", ""scale"": ""1.25 modular""}",Branding,brand-0177,"{""primary"": ""#111827"", ""secondary"": ""#0EA5E9"", ""accent"": ""#22C55E"", ""background"": ""#FFFFFF""}"
"[""brand-kit"", ""colors""]",2025-08-14,Corevexa,"{""heading"": ""Inter"", ""body"": ""Inter"", ""scale"": ""1.25 modular""}",Branding,brand-0178,"{""primary"": ""#111827"", ""secondary"": ""#0EA5E9"", ""accent"": ""#22C55E"", ""background"": ""#FFFFFF""}"
"[""brand-kit"", ""colors""]",2025-08-14,Corevexa,"{""heading"": ""Inter"", ""body"": ""Inter"", ""scale"": ""1.25 modular""}",Branding,brand-0179,"{""primary"": ""#111827"", ""secondary"": ""#0EA5E9"", ""accent"": ""#22C55E"", ""background"": ""#FFFFFF""}"
"[""brand-kit"", ""colors""]",2025-08-14,Corevexa,"{""heading"": ""Inter"", ""body"": ""Inter"", ""scale"": ""1.25 modular""}",Branding,brand-0180,"{""primary"": ""#111827"", ""secondary"": ""#0EA5E9"", ""accent"": ""#22C55E"", ""background"": ""#FFFFFF""}"
"[""brand-kit"", ""colors""]",2025-08-14,Corevexa,"{""heading"": ""Inter"", ""body"": ""Inter"", ""scale"": ""1.25 modular""}",Branding,brand-0181,"{""primary"": ""#111827"", ""secondary"": ""#0EA5E9"", ""accent"": ""#22C55E"", ""background"": ""#FFFFFF""}"
"[""brand-kit"", ""colors""]",2025-08-14,Corevexa,"{""heading"": ""Inter"", ""body"": ""Inter"", ""scale"": ""1.25 modular""}",Branding,brand-0182,"{""primary"": ""#111827"", ""secondary"": ""#0EA5E9"", ""accent"": ""#22C55E"", ""background"": ""#FFFFFF""}"
"[""brand-kit"", ""colors""]",2025-08-14,Corevexa,"{""heading"": ""Inter"", ""body"": ""Inter"", ""scale"": ""1.25 modular""}",Branding,brand-0183,"{""primary"": ""#111827"", ""secondary"": ""#0EA5E9"", ""accent"": ""#22C55E"", ""background"": ""#FFFFFF""}"
"[""brand-kit"", ""colors""]",2025-08-14,Corevexa,"{""heading"": ""Inter"", ""body"": ""Inter"", ""scale"": ""1.25 modular""}",Branding,brand-0184,"{""primary"": ""#111827"", ""secondary"": ""#0EA5E9"", ""accent"": ""#22C55E"", ""background"": ""#FFFFFF""}"
"[""brand-kit"", ""colors""]",2025-08-14,Corevexa,"{""heading"": ""Inter"", ""body"": ""Inter"", ""scale"": ""1.25 modular""}",Branding,brand-0185,"{""primary"": ""#111827"", ""secondary"": ""#0EA5E9"", ""accent"": ""#22C55E"", ""background"": ""#FFFFFF""}"
"[""brand-kit"", ""colors""]",2025-08-14,Corevexa,"{""heading"": ""Inter"", ""body"": ""Inter"", ""scale"": ""1.25 modular""}",Branding,brand-0186,"{""primary"": ""#111827"", ""secondary"": ""#0EA5E9"", ""accent"": ""#22C55E"", ""background"": ""#FFFFFF""}"
"[""brand-kit"", ""colors""]",2025-08-14,Corevexa,"{""heading"": ""Inter"", ""body"": ""Inter"", ""scale"": ""1.25 modular""}",Branding,brand-0187,"{""primary"": ""#111827"", ""secondary"": ""#0EA5E9"", ""accent"": ""#22C55E"", ""background"": ""#FFFFFF""}"
"[""brand-kit"", ""colors""]",2025-08-14,Corevexa,"{""heading"": ""Inter"", ""body"": ""Inter"", ""scale"": ""1.25 modular""}",Branding,brand-0188,"{""primary"": ""#111827"", ""secondary"": ""#0EA5E9"", ""accent"": ""#22C55E"", ""background"": ""#FFFFFF""}"
"[""brand-kit"", ""colors""]",2025-08-14,Corevexa,"{""heading"": ""Inter"", ""body"": ""Inter"", ""scale"": ""1.25 modular""}",Branding,brand-0189,"{""primary"": ""#111827"", ""secondary"": ""#0EA5E9"", ""accent"": ""#22C55E"", ""background"": ""#FFFFFF""}"
"[""brand-kit"", ""colors""]",2025-08-14,Corevexa,"{""heading"": ""Inter"", ""body"": ""Inter"", ""scale"": ""1.25 modular""}",Branding,brand-0190,"{""primary"": ""#111827"", ""secondary"": ""#0EA5E9"", ""accent"": ""#22C55E"", ""background"": ""#FFFFFF""}"
"[""brand-kit"", ""colors""]",2025-08-14,Corevexa,"{""heading"": ""Inter"", ""body"": ""Inter"", ""scale"": ""1.25 modular""}",Branding,brand-0191,"{""primary"": ""#111827"", ""secondary"": ""#0EA5E9"", ""accent"": ""#22C55E"", ""background"": ""#FFFFFF""}"
"[""brand-kit"", ""colors""]",2025-08-14,Corevexa,"{""heading"": ""Inter"", ""body"": ""Inter"", ""scale"": ""1.25 modular""}",Branding,brand-0192,"{""primary"": ""#111827"", ""secondary"": ""#0EA5E9"", ""accent"": ""#22C55E"", ""background"": ""#FFFFFF""}"
"[""brand-kit"", ""colors""]",2025-08-14,Corevexa,"{""heading"": ""Inter"", ""body"": ""Inter"", ""scale"": ""1.25 modular""}",Branding,brand-0193,"{""primary"": ""#111827"", ""secondary"": ""#0EA5E9"", ""accent"": ""#22C55E"", ""background"": ""#FFFFFF""}"
"[""brand-kit"", ""colors""]",2025-08-14,Corevexa,"{""heading"": ""Inter"", ""body"": ""Inter"", ""scale"": ""1.25 modular""}",Branding,brand-0194,"{""primary"": ""#111827"", ""secondary"": ""#0EA5E9"", ""accent"": ""#22C55E"", ""background"": ""#FFFFFF""}"
"[""brand-kit"", ""colors""]",2025-08-14,Corevexa,"{""heading"": ""Inter"", ""body"": ""Inter"", ""scale"": ""1.25 modular""}",Branding,brand-0195,"{""primary"": ""#111827"", ""secondary"": ""#0EA5E9"", ""accent"": ""#22C55E"", ""background"": ""#FFFFFF""}"
"[""brand-kit"", ""colors""]",2025-08-14,Corevexa,"{""heading"": ""Inter"", ""body"": ""Inter"", ""scale"": ""1.25 modular""}",Branding,brand-0196,"{""primary"": ""#111827"", ""secondary"": ""#0EA5E9"", ""accent"": ""#22C55E"", ""background"": ""#FFFFFF""}"
"[""brand-kit"", ""colors""]",2025-08-14,Corevexa,"{""heading"": ""Inter"", ""body"": ""Inter"", ""scale"": ""1.25 modular""}",Branding,brand-0197,"{""primary"": ""#111827"", ""secondary"": ""#0EA5E9"", ""accent"": ""#22C55E"", ""background"": ""#FFFFFF""}"
"[""brand-kit"", ""colors""]",2025-08-14,Corevexa,"{""heading"": ""Inter"", ""body"": ""Inter"", ""scale"": ""1.25 modular""}",Branding,brand-0198,"{""primary"": ""#111827"", ""secondary"": ""#0EA5E9"", ""accent"": ""#22C55E"", ""background"": ""#FFFFFF""}"
"[""brand-kit"", ""colors""]",2025-08-14,Corevexa,"{""heading"": ""Inter"", ""body"": ""Inter"", ""scale"": ""1.25 modular""}",Branding,brand-0199,"{""primary"": ""#111827"", ""secondary"": ""#0EA5E9"", ""accent"": ""#22C55E"", ""background"": ""#FFFFFF""}"
"[""brand-kit"", ""colors""]",2025-08-14,Corevexa,"{""heading"": ""Inter"", ""body"": ""Inter"", ""scale"": ""1.25 modular""}",Branding,brand-0200,"{""primary"": ""#111827"", ""secondary"": ""#0EA5E9"", ""accent"": ""#22C55E"", ""background"": ""#FFFFFF""}"
"[""brand-kit"", ""colors""]",2025-08-14,Corevexa,"{""heading"": ""Inter"", ""body"": ""Inter"", ""scale"": ""1.25 modular""}",Branding,brand-0201,"{""primary"": ""#111827"", ""secondary"": ""#0EA5E9"", ""accent"": ""#22C55E"", ""background"": ""#FFFFFF""}"
"[""brand-kit"", ""colors""]",2025-08-14,Corevexa,"{""heading"": ""Inter"", ""body"": ""Inter"", ""scale"": ""1.25 modular""}",Branding,brand-0202,"{""primary"": ""#111827"", ""secondary"": ""#0EA5E9"", ""accent"": ""#22C55E"", ""background"": ""#FFFFFF""}"
"[""brand-kit"", ""colors""]",2025-08-14,Corevexa,"{""heading"": ""Inter"", ""body"": ""Inter"", ""scale"": ""1.25 modular""}",Branding,brand-0203,"{""primary"": ""#111827"", ""secondary"": ""#0EA5E9"", ""accent"": ""#22C55E"", ""background"": ""#FFFFFF""}"
"[""brand-kit"", ""colors""]",2025-08-14,Corevexa,"{""heading"": ""Inter"", ""body"": ""Inter"", ""scale"": ""1.25 modular""}",Branding,brand-0204,"{""primary"": ""#111827"", ""secondary"": ""#0EA5E9"", ""accent"": ""#22C55E"", ""background"": ""#FFFFFF""}"
"[""brand-kit"", ""colors""]",2025-08-14,Corevexa,"{""heading"": ""Inter"", ""body"": ""Inter"", ""scale"": ""1.25 modular""}",Branding,brand-0205,"{""primary"": ""#111827"", ""secondary"": ""#0EA5E9"", ""accent"": ""#22C55E"", ""background"": ""#FFFFFF""}"
"[""brand-kit"", ""colors""]",2025-08-14,Corevexa,"{""heading"": ""Inter"", ""body"": ""Inter"", ""scale"": ""1.25 modular""}",Branding,brand-0206,"{""primary"": ""#111827"", ""secondary"": ""#0EA5E9"", ""accent"": ""#22C55E"", ""background"": ""#FFFFFF""}"
"[""brand-kit"", ""colors""]",2025-08-14,Corevexa,"{""heading"": ""Inter"", ""body"": ""Inter"", ""scale"": ""1.25 modular""}",Branding,brand-0207,"{""primary"": ""#111827"", ""secondary"": ""#0EA5E9"", ""accent"": ""#22C55E"", ""background"": ""#FFFFFF""}"
"[""brand-kit"", ""colors""]",2025-08-14,Corevexa,"{""heading"": ""Inter"", ""body"": ""Inter"", ""scale"": ""1.25 modular""}",Branding,brand-0208,"{""primary"": ""#111827"", ""secondary"": ""#0EA5E9"", ""accent"": ""#22C55E"", ""background"": ""#FFFFFF""}"
"[""brand-kit"", ""colors""]",2025-08-14,Corevexa,"{""heading"": ""Inter"", ""body"": ""Inter"", ""scale"": ""1.25 modular""}",Branding,brand-0209,"{""primary"": ""#111827"", ""secondary"": ""#0EA5E9"", ""accent"": ""#22C55E"", ""background"": ""#FFFFFF""}"
"[""brand-kit"", ""colors""]",2025-08-14,Corevexa,"{""heading"": ""Inter"", ""body"": ""Inter"", ""scale"": ""1.25 modular""}",Branding,brand-0210,"{""primary"": ""#111827"", ""secondary"": ""#0EA5E9"", ""accent"": ""#22C55E"", ""background"": ""#FFFFFF""}"
"[""brand-kit"", ""colors""]",2025-08-14,Corevexa,"{""heading"": ""Inter"", ""body"": ""Inter"", ""scale"": ""1.25 modular""}",Branding,brand-0211,"{""primary"": ""#111827"", ""secondary"": ""#0EA5E9"", ""accent"": ""#22C55E"", ""background"": ""#FFFFFF""}"
"[""brand-kit"", ""colors""]",2025-08-14,Corevexa,"{""heading"": ""Inter"", ""body"": ""Inter"", ""scale"": ""1.25 modular""}",Branding,brand-0212,"{""primary"": ""#111827"", ""secondary"": ""#0EA5E9"", ""accent"": ""#22C55E"", ""background"": ""#FFFFFF""}"
"[""brand-kit"", ""colors""]",2025-08-14,Corevexa,"{""heading"": ""Inter"", ""body"": ""Inter"", ""scale"": ""1.25 modular""}",Branding,brand-0213,"{""primary"": ""#111827"", ""secondary"": ""#0EA5E9"", ""accent"": ""#22C55E"", ""background"": ""#FFFFFF""}"
"[""brand-kit"", ""colors""]",2025-08-14,Corevexa,"{""heading"": ""Inter"", ""body"": ""Inter"", ""scale"": ""1.25 modular""}",Branding,brand-0214,"{""primary"": ""#111827"", ""secondary"": ""#0EA5E9"", ""accent"": ""#22C55E"", ""background"": ""#FFFFFF""}"
"[""brand-kit"", ""colors""]",2025-08-14,Corevexa,"{""heading"": ""Inter"", ""body"": ""Inter"", ""scale"": ""1.25 modular""}",Branding,brand-0215,"{""primary"": ""#111827"", ""secondary"": ""#0EA5E9"", ""accent"": ""#22C55E"", ""background"": ""#FFFFFF""}"
"[""brand-kit"", ""colors""]",2025-08-14,Corevexa,"{""heading"": ""Inter"", ""body"": ""Inter"", ""scale"": ""1.25 modular""}",Branding,brand-0216,"{""primary"": ""#111827"", ""secondary"": ""#0EA5E9"", ""accent"": ""#22C55E"", ""background"": ""#FFFFFF""}"
"[""brand-kit"", ""colors""]",2025-08-14,Corevexa,"{""heading"": ""Inter"", ""body"": ""Inter"", ""scale"": ""1.25 modular""}",Branding,brand-0217,"{""primary"": ""#111827"", ""secondary"": ""#0EA5E9"", ""accent"": ""#22C55E"", ""background"": ""#FFFFFF""}"
"[""brand-kit"", ""colors""]",2025-08-14,Corevexa,"{""heading"": ""Inter"", ""body"": ""Inter"", ""scale"": ""1.25 modular""}",Branding,brand-0218,"{""primary"": ""#111827"", ""secondary"": ""#0EA5E9"", ""accent"": ""#22C55E"", ""background"": ""#FFFFFF""}"
"[""brand-kit"", ""colors""]",2025-08-14,Corevexa,"{""heading"": ""Inter"", ""body"": ""Inter"", ""scale"": ""1.25 modular""}",Branding,brand-0219,"{""primary"": ""#111827"", ""secondary"": ""#0EA5E9"", ""accent"": ""#22C55E"", ""background"": ""#FFFFFF""}"
"[""brand-kit"", ""colors""]",2025-08-14,Corevexa,"{""heading"": ""Inter"", ""body"": ""Inter"", ""scale"": ""1.25 modular""}",Branding,brand-0220,"{""primary"": ""#111827"", ""secondary"": ""#0EA5E9"", ""accent"": ""#22C55E"", ""background"": ""#FFFFFF""}"
