tags,last_updated,category,name,id,personality
"[""character"", ""profile""]",2025-08-14,Character Profile,Alex Rivera,char-0001,"[""curious"", ""brave""]"
"[""character"", ""profile""]",2025-08-14,Character Profile,Alex Rivera,char-0002,"[""curious"", ""brave""]"
"[""character"", ""profile""]",2025-08-14,Character Profile,Alex Rivera,char-0003,"[""curious"", ""brave""]"
"[""character"", ""profile""]",2025-08-14,Character Profile,Alex Rivera,char-0004,"[""curious"", ""brave""]"
"[""character"", ""profile""]",2025-08-14,Character Profile,Alex Rivera,char-0005,"[""curious"", ""brave""]"
"[""character"", ""profile""]",2025-08-14,Character Profile,Alex Rivera,char-0006,"[""curious"", ""brave""]"
"[""character"", ""profile""]",2025-08-14,Character Profile,Alex Rivera,char-0007,"[""curious"", ""brave""]"
"[""character"", ""profile""]",2025-08-14,Character Profile,Alex Rivera,char-0008,"[""curious"", ""brave""]"
"[""character"", ""profile""]",2025-08-14,Character Profile,Alex Rivera,char-0009,"[""curious"", ""brave""]"
"[""character"", ""profile""]",2025-08-14,Character Profile,Alex Rivera,char-0010,"[""curious"", ""brave""]"
"[""character"", ""profile""]",2025-08-14,Character Profile,Alex Rivera,char-0011,"[""curious"", ""brave""]"
"[""character"", ""profile""]",2025-08-14,Character Profile,Alex Rivera,char-0012,"[""curious"", ""brave""]"
"[""character"", ""profile""]",2025-08-14,Character Profile,Alex Rivera,char-0013,"[""curious"", ""brave""]"
"[""character"", ""profile""]",2025-08-14,Character Profile,Alex Rivera,char-0014,"[""curious"", ""brave""]"
"[""character"", ""profile""]",2025-08-14,Character Profile,Alex Rivera,char-0015,"[""curious"", ""brave""]"
"[""character"", ""profile""]",2025-08-14,Character Profile,Alex Rivera,char-0016,"[""curious"", ""brave""]"
"[""character"", ""profile""]",2025-08-14,Character Profile,Alex Rivera,char-0017,"[""curious"", ""brave""]"
"[""character"", ""profile""]",2025-08-14,Character Profile,Alex Rivera,char-0018,"[""curious"", ""brave""]"
"[""character"", ""profile""]",2025-08-14,Character Profile,Alex Rivera,char-0019,"[""curious"", ""brave""]"
"[""character"", ""profile""]",2025-08-14,Character Profile,Alex Rivera,char-0020,"[""curious"", ""brave""]"
"[""character"", ""profile""]",2025-08-14,Character Profile,Alex Rivera,char-0021,"[""curious"", ""brave""]"
"[""character"", ""profile""]",2025-08-14,Character Profile,Alex Rivera,char-0022,"[""curious"", ""brave""]"
"[""character"", ""profile""]",2025-08-14,Character Profile,Alex Rivera,char-0023,"[""curious"", ""brave""]"
"[""character"", ""profile""]",2025-08-14,Character Profile,Alex Rivera,char-0024,"[""curious"", ""brave""]"
"[""character"", ""profile""]",2025-08-14,Character Profile,Alex Rivera,char-0025,"[""curious"", ""brave""]"
"[""character"", ""profile""]",2025-08-14,Character Profile,Alex Rivera,char-0026,"[""curious"", ""brave""]"
"[""character"", ""profile""]",2025-08-14,Character Profile,Alex Rivera,char-0027,"[""curious"", ""brave""]"
"[""character"", ""profile""]",2025-08-14,Character Profile,Alex Rivera,char-0028,"[""curious"", ""brave""]"
"[""character"", ""profile""]",2025-08-14,Character Profile,Alex Rivera,char-0029,"[""curious"", ""brave""]"
"[""character"", ""profile""]",2025-08-14,Character Profile,Alex Rivera,char-0030,"[""curious"", ""brave""]"
"[""character"", ""profile""]",2025-08-14,Character Profile,Alex Rivera,char-0031,"[""curious"", ""brave""]"
"[""character"", ""profile""]",2025-08-14,Character Profile,Alex Rivera,char-0032,"[""curious"", ""brave""]"
"[""character"", ""profile""]",2025-08-14,Character Profile,Alex Rivera,char-0033,"[""curious"", ""brave""]"
"[""character"", ""profile""]",2025-08-14,Character Profile,Alex Rivera,char-0034,"[""curious"", ""brave""]"
"[""character"", ""profile""]",2025-08-14,Character Profile,Alex Rivera,char-0035,"[""curious"", ""brave""]"
"[""character"", ""profile""]",2025-08-14,Character Profile,Alex Rivera,char-0036,"[""curious"", ""brave""]"
"[""character"", ""profile""]",2025-08-14,Character Profile,Alex Rivera,char-0037,"[""curious"", ""brave""]"
"[""character"", ""profile""]",2025-08-14,Character Profile,Alex Rivera,char-0038,"[""curious"", ""brave""]"
"[""character"", ""profile""]",2025-08-14,Character Profile,Alex Rivera,char-0039,"[""curious"", ""brave""]"
"[""character"", ""profile""]",2025-08-14,Character Profile,Alex Rivera,char-0040,"[""curious"", ""brave""]"
"[""character"", ""profile""]",2025-08-14,Character Profile,Alex Rivera,char-0041,"[""curious"", ""brave""]"
"[""character"", ""profile""]",2025-08-14,Character Profile,Alex Rivera,char-0042,"[""curious"", ""brave""]"
"[""character"", ""profile""]",2025-08-14,Character Profile,Alex Rivera,char-0043,"[""curious"", ""brave""]"
"[""character"", ""profile""]",2025-08-14,Character Profile,Alex Rivera,char-0044,"[""curious"", ""brave""]"
"[""character"", ""profile""]",2025-08-14,Character Profile,Alex Rivera,char-0045,"[""curious"", ""brave""]"
"[""character"", ""profile""]",2025-08-14,Character Profile,Alex Rivera,char-0046,"[""curious"", ""brave""]"
"[""character"", ""profile""]",2025-08-14,Character Profile,Alex Rivera,char-0047,"[""curious"", ""brave""]"
"[""character"", ""profile""]",2025-08-14,Character Profile,Alex Rivera,char-0048,"[""curious"", ""brave""]"
"[""character"", ""profile""]",2025-08-14,Character Profile,Alex Rivera,char-0049,"[""curious"", ""brave""]"
"[""character"", ""profile""]",2025-08-14,Character Profile,Alex Rivera,char-0050,"[""curious"", ""brave""]"
"[""character"", ""profile""]",2025-08-14,Character Profile,Alex Rivera,char-0051,"[""curious"", ""brave""]"
"[""character"", ""profile""]",2025-08-14,Character Profile,Alex Rivera,char-0052,"[""curious"", ""brave""]"
"[""character"", ""profile""]",2025-08-14,Character Profile,Alex Rivera,char-0053,"[""curious"", ""brave""]"
"[""character"", ""profile""]",2025-08-14,Character Profile,Alex Rivera,char-0054,"[""curious"", ""brave""]"
"[""character"", ""profile""]",2025-08-14,Character Profile,Alex Rivera,char-0055,"[""curious"", ""brave""]"
"[""character"", ""profile""]",2025-08-14,Character Profile,Alex Rivera,char-0056,"[""curious"", ""brave""]"
"[""character"", ""profile""]",2025-08-14,Character Profile,Alex Rivera,char-0057,"[""curious"", ""brave""]"
"[""character"", ""profile""]",2025-08-14,Character Profile,Alex Rivera,char-0058,"[""curious"", ""brave""]"
"[""character"", ""profile""]",2025-08-14,Character Profile,Alex Rivera,char-0059,"[""curious"", ""brave""]"
"[""character"", ""profile""]",2025-08-14,Character Profile,Alex Rivera,char-0060,"[""curious"", ""brave""]"
"[""character"", ""profile""]",2025-08-14,Character Profile,Alex Rivera,char-0061,"[""curious"", ""brave""]"
"[""character"", ""profile""]",2025-08-14,Character Profile,Alex Rivera,char-0062,"[""curious"", ""brave""]"
"[""character"", ""profile""]",2025-08-14,Character Profile,Alex Rivera,char-0063,"[""curious"", ""brave""]"
"[""character"", ""profile""]",2025-08-14,Character Profile,Alex Rivera,char-0064,"[""curious"", ""brave""]"
"[""character"", ""profile""]",2025-08-14,Character Profile,Alex Rivera,char-0065,"[""curious"", ""brave""]"
"[""character"", ""profile""]",2025-08-14,Character Profile,Alex Rivera,char-0066,"[""curious"", ""brave""]"
"[""character"", ""profile""]",2025-08-14,Character Profile,Alex Rivera,char-0067,"[""curious"", ""brave""]"
"[""character"", ""profile""]",2025-08-14,Character Profile,Alex Rivera,char-0068,"[""curious"", ""brave""]"
"[""character"", ""profile""]",2025-08-14,Character Profile,Alex Rivera,char-0069,"[""curious"", ""brave""]"
"[""character"", ""profile""]",2025-08-14,Character Profile,Alex Rivera,char-0070,"[""curious"", ""brave""]"
"[""character"", ""profile""]",2025-08-14,Character Profile,Alex Rivera,char-0071,"[""curious"", ""brave""]"
"[""character"", ""profile""]",2025-08-14,Character Profile,Alex Rivera,char-0072,"[""curious"", ""brave""]"
"[""character"", ""profile""]",2025-08-14,Character Profile,Alex Rivera,char-0073,"[""curious"", ""brave""]"
"[""character"", ""profile""]",2025-08-14,Character Profile,Alex Rivera,char-0074,"[""curious"", ""brave""]"
"[""character"", ""profile""]",2025-08-14,Character Profile,Alex Rivera,char-0075,"[""curious"", ""brave""]"
"[""character"", ""profile""]",2025-08-14,Character Profile,Alex Rivera,char-0076,"[""curious"", ""brave""]"
"[""character"", ""profile""]",2025-08-14,Character Profile,Alex Rivera,char-0077,"[""curious"", ""brave""]"
"[""character"", ""profile""]",2025-08-14,Character Profile,Alex Rivera,char-0078,"[""curious"", ""brave""]"
"[""character"", ""profile""]",2025-08-14,Character Profile,Alex Rivera,char-0079,"[""curious"", ""brave""]"
"[""character"", ""profile""]",2025-08-14,Character Profile,Alex Rivera,char-0080,"[""curious"", ""brave""]"
"[""character"", ""profile""]",2025-08-14,Character Profile,Alex Rivera,char-0081,"[""curious"", ""brave""]"
"[""character"", ""profile""]",2025-08-14,Character Profile,Alex Rivera,char-0082,"[""curious"", ""brave""]"
"[""character"", ""profile""]",2025-08-14,Character Profile,Alex Rivera,char-0083,"[""curious"", ""brave""]"
"[""character"", ""profile""]",2025-08-14,Character Profile,Alex Rivera,char-0084,"[""curious"", ""brave""]"
"[""character"", ""profile""]",2025-08-14,Character Profile,Alex Rivera,char-0085,"[""curious"", ""brave""]"
"[""character"", ""profile""]",2025-08-14,Character Profile,Alex Rivera,char-0086,"[""curious"", ""brave""]"
"[""character"", ""profile""]",2025-08-14,Character Profile,Alex Rivera,char-0087,"[""curious"", ""brave""]"
"[""character"", ""profile""]",2025-08-14,Character Profile,Alex Rivera,char-0088,"[""curious"", ""brave""]"
"[""character"", ""profile""]",2025-08-14,Character Profile,Alex Rivera,char-0089,"[""curious"", ""brave""]"
"[""character"", ""profile""]",2025-08-14,Character Profile,Alex Rivera,char-0090,"[""curious"", ""brave""]"
"[""character"", ""profile""]",2025-08-14,Character Profile,Alex Rivera,char-0091,"[""curious"", ""brave""]"
"[""character"", ""profile""]",2025-08-14,Character Profile,Alex Rivera,char-0092,"[""curious"", ""brave""]"
"[""character"", ""profile""]",2025-08-14,Character Profile,Alex Rivera,char-0093,"[""curious"", ""brave""]"
"[""character"", ""profile""]",2025-08-14,Character Profile,Alex Rivera,char-0094,"[""curious"", ""brave""]"
"[""character"", ""profile""]",2025-08-14,Character Profile,Alex Rivera,char-0095,"[""curious"", ""brave""]"
"[""character"", ""profile""]",2025-08-14,Character Profile,Alex Rivera,char-0096,"[""curious"", ""brave""]"
"[""character"", ""profile""]",2025-08-14,Character Profile,Alex Rivera,char-0097,"[""curious"", ""brave""]"
"[""character"", ""profile""]",2025-08-14,Character Profile,Alex Rivera,char-0098,"[""curious"", ""brave""]"
"[""character"", ""profile""]",2025-08-14,Character Profile,Alex Rivera,char-0099,"[""curious"", ""brave""]"
"[""character"", ""profile""]",2025-08-14,Character Profile,Alex Rivera,char-0100,"[""curious"", ""brave""]"
"[""character"", ""profile""]",2025-08-14,Character Profile,Alex Rivera,char-0101,"[""curious"", ""brave""]"
"[""character"", ""profile""]",2025-08-14,Character Profile,Alex Rivera,char-0102,"[""curious"", ""brave""]"
"[""character"", ""profile""]",2025-08-14,Character Profile,Alex Rivera,char-0103,"[""curious"", ""brave""]"
"[""character"", ""profile""]",2025-08-14,Character Profile,Alex Rivera,char-0104,"[""curious"", ""brave""]"
"[""character"", ""profile""]",2025-08-14,Character Profile,Alex Rivera,char-0105,"[""curious"", ""brave""]"
"[""character"", ""profile""]",2025-08-14,Character Profile,Alex Rivera,char-0106,"[""curious"", ""brave""]"
"[""character"", ""profile""]",2025-08-14,Character Profile,Alex Rivera,char-0107,"[""curious"", ""brave""]"
"[""character"", ""profile""]",2025-08-14,Character Profile,Alex Rivera,char-0108,"[""curious"", ""brave""]"
"[""character"", ""profile""]",2025-08-14,Character Profile,Alex Rivera,char-0109,"[""curious"", ""brave""]"
"[""character"", ""profile""]",2025-08-14,Character Profile,Alex Rivera,char-0110,"[""curious"", ""brave""]"
"[""character"", ""profile""]",2025-08-14,Character Profile,Alex Rivera,char-0111,"[""curious"", ""brave""]"
"[""character"", ""profile""]",2025-08-14,Character Profile,Alex Rivera,char-0112,"[""curious"", ""brave""]"
"[""character"", ""profile""]",2025-08-14,Character Profile,Alex Rivera,char-0113,"[""curious"", ""brave""]"
"[""character"", ""profile""]",2025-08-14,Character Profile,Alex Rivera,char-0114,"[""curious"", ""brave""]"
"[""character"", ""profile""]",2025-08-14,Character Profile,Alex Rivera,char-0115,"[""curious"", ""brave""]"
"[""character"", ""profile""]",2025-08-14,Character Profile,Alex Rivera,char-0116,"[""curious"", ""brave""]"
"[""character"", ""profile""]",2025-08-14,Character Profile,Alex Rivera,char-0117,"[""curious"", ""brave""]"
"[""character"", ""profile""]",2025-08-14,Character Profile,Alex Rivera,char-0118,"[""curious"", ""brave""]"
"[""character"", ""profile""]",2025-08-14,Character Profile,Alex Rivera,char-0119,"[""curious"", ""brave""]"
"[""character"", ""profile""]",2025-08-14,Character Profile,Alex Rivera,char-0120,"[""curious"", ""brave""]"
"[""character"", ""profile""]",2025-08-14,Character Profile,Alex Rivera,char-0121,"[""curious"", ""brave""]"
"[""character"", ""profile""]",2025-08-14,Character Profile,Alex Rivera,char-0122,"[""curious"", ""brave""]"
"[""character"", ""profile""]",2025-08-14,Character Profile,Alex Rivera,char-0123,"[""curious"", ""brave""]"
"[""character"", ""profile""]",2025-08-14,Character Profile,Alex Rivera,char-0124,"[""curious"", ""brave""]"
"[""character"", ""profile""]",2025-08-14,Character Profile,Alex Rivera,char-0125,"[""curious"", ""brave""]"
"[""character"", ""profile""]",2025-08-14,Character Profile,Alex Rivera,char-0126,"[""curious"", ""brave""]"
"[""character"", ""profile""]",2025-08-14,Character Profile,Alex Rivera,char-0127,"[""curious"", ""brave""]"
"[""character"", ""profile""]",2025-08-14,Character Profile,Alex Rivera,char-0128,"[""curious"", ""brave""]"
"[""character"", ""profile""]",2025-08-14,Character Profile,Alex Rivera,char-0129,"[""curious"", ""brave""]"
"[""character"", ""profile""]",2025-08-14,Character Profile,Alex Rivera,char-0130,"[""curious"", ""brave""]"
"[""character"", ""profile""]",2025-08-14,Character Profile,Alex Rivera,char-0131,"[""curious"", ""brave""]"
"[""character"", ""profile""]",2025-08-14,Character Profile,Alex Rivera,char-0132,"[""curious"", ""brave""]"
"[""character"", ""profile""]",2025-08-14,Character Profile,Alex Rivera,char-0133,"[""curious"", ""brave""]"
"[""character"", ""profile""]",2025-08-14,Character Profile,Alex Rivera,char-0134,"[""curious"", ""brave""]"
"[""character"", ""profile""]",2025-08-14,Character Profile,Alex Rivera,char-0135,"[""curious"", ""brave""]"
"[""character"", ""profile""]",2025-08-14,Character Profile,Alex Rivera,char-0136,"[""curious"", ""brave""]"
"[""character"", ""profile""]",2025-08-14,Character Profile,Alex Rivera,char-0137,"[""curious"", ""brave""]"
"[""character"", ""profile""]",2025-08-14,Character Profile,Alex Rivera,char-0138,"[""curious"", ""brave""]"
"[""character"", ""profile""]",2025-08-14,Character Profile,Alex Rivera,char-0139,"[""curious"", ""brave""]"
"[""character"", ""profile""]",2025-08-14,Character Profile,Alex Rivera,char-0140,"[""curious"", ""brave""]"
"[""character"", ""profile""]",2025-08-14,Character Profile,Alex Rivera,char-0141,"[""curious"", ""brave""]"
"[""character"", ""profile""]",2025-08-14,Character Profile,Alex Rivera,char-0142,"[""curious"", ""brave""]"
"[""character"", ""profile""]",2025-08-14,Character Profile,Alex Rivera,char-0143,"[""curious"", ""brave""]"
"[""character"", ""profile""]",2025-08-14,Character Profile,Alex Rivera,char-0144,"[""curious"", ""brave""]"
"[""character"", ""profile""]",2025-08-14,Character Profile,Alex Rivera,char-0145,"[""curious"", ""brave""]"
"[""character"", ""profile""]",2025-08-14,Character Profile,Alex Rivera,char-0146,"[""curious"", ""brave""]"
"[""character"", ""profile""]",2025-08-14,Character Profile,Alex Rivera,char-0147,"[""curious"", ""brave""]"
"[""character"", ""profile""]",2025-08-14,Character Profile,Alex Rivera,char-0148,"[""curious"", ""brave""]"
"[""character"", ""profile""]",2025-08-14,Character Profile,Alex Rivera,char-0149,"[""curious"", ""brave""]"
"[""character"", ""profile""]",2025-08-14,Character Profile,Alex Rivera,char-0150,"[""curious"", ""brave""]"
"[""character"", ""profile""]",2025-08-14,Character Profile,Alex Rivera,char-0151,"[""curious"", ""brave""]"
"[""character"", ""profile""]",2025-08-14,Character Profile,Alex Rivera,char-0152,"[""curious"", ""brave""]"
"[""character"", ""profile""]",2025-08-14,Character Profile,Alex Rivera,char-0153,"[""curious"", ""brave""]"
"[""character"", ""profile""]",2025-08-14,Character Profile,Alex Rivera,char-0154,"[""curious"", ""brave""]"
"[""character"", ""profile""]",2025-08-14,Character Profile,Alex Rivera,char-0155,"[""curious"", ""brave""]"
"[""character"", ""profile""]",2025-08-14,Character Profile,Alex Rivera,char-0156,"[""curious"", ""brave""]"
"[""character"", ""profile""]",2025-08-14,Character Profile,Alex Rivera,char-0157,"[""curious"", ""brave""]"
"[""character"", ""profile""]",2025-08-14,Character Profile,Alex Rivera,char-0158,"[""curious"", ""brave""]"
"[""character"", ""profile""]",2025-08-14,Character Profile,Alex Rivera,char-0159,"[""curious"", ""brave""]"
"[""character"", ""profile""]",2025-08-14,Character Profile,Alex Rivera,char-0160,"[""curious"", ""brave""]"
"[""character"", ""profile""]",2025-08-14,Character Profile,Alex Rivera,char-0161,"[""curious"", ""brave""]"
"[""character"", ""profile""]",2025-08-14,Character Profile,Alex Rivera,char-0162,"[""curious"", ""brave""]"
"[""character"", ""profile""]",2025-08-14,Character Profile,Alex Rivera,char-0163,"[""curious"", ""brave""]"
"[""character"", ""profile""]",2025-08-14,Character Profile,Alex Rivera,char-0164,"[""curious"", ""brave""]"
"[""character"", ""profile""]",2025-08-14,Character Profile,Alex Rivera,char-0165,"[""curious"", ""brave""]"
"[""character"", ""profile""]",2025-08-14,Character Profile,Alex Rivera,char-0166,"[""curious"", ""brave""]"
"[""character"", ""profile""]",2025-08-14,Character Profile,Alex Rivera,char-0167,"[""curious"", ""brave""]"
"[""character"", ""profile""]",2025-08-14,Character Profile,Alex Rivera,char-0168,"[""curious"", ""brave""]"
"[""character"", ""profile""]",2025-08-14,Character Profile,Alex Rivera,char-0169,"[""curious"", ""brave""]"
"[""character"", ""profile""]",2025-08-14,Character Profile,Alex Rivera,char-0170,"[""curious"", ""brave""]"
"[""character"", ""profile""]",2025-08-14,Character Profile,Alex Rivera,char-0171,"[""curious"", ""brave""]"
"[""character"", ""profile""]",2025-08-14,Character Profile,Alex Rivera,char-0172,"[""curious"", ""brave""]"
"[""character"", ""profile""]",2025-08-14,Character Profile,Alex Rivera,char-0173,"[""curious"", ""brave""]"
"[""character"", ""profile""]",2025-08-14,Character Profile,Alex Rivera,char-0174,"[""curious"", ""brave""]"
"[""character"", ""profile""]",2025-08-14,Character Profile,Alex Rivera,char-0175,"[""curious"", ""brave""]"
"[""character"", ""profile""]",2025-08-14,Character Profile,Alex Rivera,char-0176,"[""curious"", ""brave""]"
"[""character"", ""profile""]",2025-08-14,Character Profile,Alex Rivera,char-0177,"[""curious"", ""brave""]"
"[""character"", ""profile""]",2025-08-14,Character Profile,Alex Rivera,char-0178,"[""curious"", ""brave""]"
"[""character"", ""profile""]",2025-08-14,Character Profile,Alex Rivera,char-0179,"[""curious"", ""brave""]"
"[""character"", ""profile""]",2025-08-14,Character Profile,Alex Rivera,char-0180,"[""curious"", ""brave""]"
"[""character"", ""profile""]",2025-08-14,Character Profile,Alex Rivera,char-0181,"[""curious"", ""brave""]"
"[""character"", ""profile""]",2025-08-14,Character Profile,Alex Rivera,char-0182,"[""curious"", ""brave""]"
"[""character"", ""profile""]",2025-08-14,Character Profile,Alex Rivera,char-0183,"[""curious"", ""brave""]"
"[""character"", ""profile""]",2025-08-14,Character Profile,Alex Rivera,char-0184,"[""curious"", ""brave""]"
"[""character"", ""profile""]",2025-08-14,Character Profile,Alex Rivera,char-0185,"[""curious"", ""brave""]"
"[""character"", ""profile""]",2025-08-14,Character Profile,Alex Rivera,char-0186,"[""curious"", ""brave""]"
"[""character"", ""profile""]",2025-08-14,Character Profile,Alex Rivera,char-0187,"[""curious"", ""brave""]"
"[""character"", ""profile""]",2025-08-14,Character Profile,Alex Rivera,char-0188,"[""curious"", ""brave""]"
"[""character"", ""profile""]",2025-08-14,Character Profile,Alex Rivera,char-0189,"[""curious"", ""brave""]"
"[""character"", ""profile""]",2025-08-14,Character Profile,Alex Rivera,char-0190,"[""curious"", ""brave""]"
"[""character"", ""profile""]",2025-08-14,Character Profile,Alex Rivera,char-0191,"[""curious"", ""brave""]"
"[""character"", ""profile""]",2025-08-14,Character Profile,Alex Rivera,char-0192,"[""curious"", ""brave""]"
"[""character"", ""profile""]",2025-08-14,Character Profile,Alex Rivera,char-0193,"[""curious"", ""brave""]"
"[""character"", ""profile""]",2025-08-14,Character Profile,Alex Rivera,char-0194,"[""curious"", ""brave""]"
"[""character"", ""profile""]",2025-08-14,Character Profile,Alex Rivera,char-0195,"[""curious"", ""brave""]"
"[""character"", ""profile""]",2025-08-14,Character Profile,Alex Rivera,char-0196,"[""curious"", ""brave""]"
"[""character"", ""profile""]",2025-08-14,Character Profile,Alex Rivera,char-0197,"[""curious"", ""brave""]"
"[""character"", ""profile""]",2025-08-14,Character Profile,Alex Rivera,char-0198,"[""curious"", ""brave""]"
"[""character"", ""profile""]",2025-08-14,Character Profile,Alex Rivera,char-0199,"[""curious"", ""brave""]"
"[""character"", ""profile""]",2025-08-14,Character Profile,Alex Rivera,char-0200,"[""curious"", ""brave""]"
"[""character"", ""profile""]",2025-08-14,Character Profile,Alex Rivera,char-0201,"[""curious"", ""brave""]"
"[""character"", ""profile""]",2025-08-14,Character Profile,Alex Rivera,char-0202,"[""curious"", ""brave""]"
"[""character"", ""profile""]",2025-08-14,Character Profile,Alex Rivera,char-0203,"[""curious"", ""brave""]"
"[""character"", ""profile""]",2025-08-14,Character Profile,Alex Rivera,char-0204,"[""curious"", ""brave""]"
"[""character"", ""profile""]",2025-08-14,Character Profile,Alex Rivera,char-0205,"[""curious"", ""brave""]"
"[""character"", ""profile""]",2025-08-14,Character Profile,Alex Rivera,char-0206,"[""curious"", ""brave""]"
"[""character"", ""profile""]",2025-08-14,Character Profile,Alex Rivera,char-0207,"[""curious"", ""brave""]"
"[""character"", ""profile""]",2025-08-14,Character Profile,Alex Rivera,char-0208,"[""curious"", ""brave""]"
"[""character"", ""profile""]",2025-08-14,Character Profile,Alex Rivera,char-0209,"[""curious"", ""brave""]"
"[""character"", ""profile""]",2025-08-14,Character Profile,Alex Rivera,char-0210,"[""curious"", ""brave""]"
"[""character"", ""profile""]",2025-08-14,Character Profile,Alex Rivera,char-0211,"[""curious"", ""brave""]"
"[""character"", ""profile""]",2025-08-14,Character Profile,Alex Rivera,char-0212,"[""curious"", ""brave""]"
"[""character"", ""profile""]",2025-08-14,Character Profile,Alex Rivera,char-0213,"[""curious"", ""brave""]"
"[""character"", ""profile""]",2025-08-14,Character Profile,Alex Rivera,char-0214,"[""curious"", ""brave""]"
"[""character"", ""profile""]",2025-08-14,Character Profile,Alex Rivera,char-0215,"[""curious"", ""brave""]"
"[""character"", ""profile""]",2025-08-14,Character Profile,Alex Rivera,char-0216,"[""curious"", ""brave""]"
"[""character"", ""profile""]",2025-08-14,Character Profile,Alex Rivera,char-0217,"[""curious"", ""brave""]"
"[""character"", ""profile""]",2025-08-14,Character Profile,Alex Rivera,char-0218,"[""curious"", ""brave""]"
"[""character"", ""profile""]",2025-08-14,Character Profile,Alex Rivera,char-0219,"[""curious"", ""brave""]"
"[""character"", ""profile""]",2025-08-14,Character Profile,Alex Rivera,char-0220,"[""curious"", ""brave""]"
