tags,last_updated,body_text,subject,category,id
"[""templates""]",2025-08-14,Hello — quick update inside.,You're in — welcome aboard!,Email Templates,email-0001
"[""templates""]",2025-08-14,Hello — quick update inside.,You're in — welcome aboard!,Email Templates,email-0002
"[""templates""]",2025-08-14,Hello — quick update inside.,You're in — welcome aboard!,Email Templates,email-0003
"[""templates""]",2025-08-14,Hello — quick update inside.,You're in — welcome aboard!,Email Templates,email-0004
"[""templates""]",2025-08-14,Hello — quick update inside.,You're in — welcome aboard!,Email Templates,email-0005
"[""templates""]",2025-08-14,Hello — quick update inside.,You're in — welcome aboard!,Email Templates,email-0006
"[""templates""]",2025-08-14,Hello — quick update inside.,You're in — welcome aboard!,Email Templates,email-0007
"[""templates""]",2025-08-14,Hello — quick update inside.,You're in — welcome aboard!,Email Templates,email-0008
"[""templates""]",2025-08-14,Hello — quick update inside.,You're in — welcome aboard!,Email Templates,email-0009
"[""templates""]",2025-08-14,Hello — quick update inside.,You're in — welcome aboard!,Email Templates,email-0010
"[""templates""]",2025-08-14,Hello — quick update inside.,You're in — welcome aboard!,Email Templates,email-0011
"[""templates""]",2025-08-14,Hello — quick update inside.,You're in — welcome aboard!,Email Templates,email-0012
"[""templates""]",2025-08-14,Hello — quick update inside.,You're in — welcome aboard!,Email Templates,email-0013
"[""templates""]",2025-08-14,Hello — quick update inside.,You're in — welcome aboard!,Email Templates,email-0014
"[""templates""]",2025-08-14,Hello — quick update inside.,You're in — welcome aboard!,Email Templates,email-0015
"[""templates""]",2025-08-14,Hello — quick update inside.,You're in — welcome aboard!,Email Templates,email-0016
"[""templates""]",2025-08-14,Hello — quick update inside.,You're in — welcome aboard!,Email Templates,email-0017
"[""templates""]",2025-08-14,Hello — quick update inside.,You're in — welcome aboard!,Email Templates,email-0018
"[""templates""]",2025-08-14,Hello — quick update inside.,You're in — welcome aboard!,Email Templates,email-0019
"[""templates""]",2025-08-14,Hello — quick update inside.,You're in — welcome aboard!,Email Templates,email-0020
"[""templates""]",2025-08-14,Hello — quick update inside.,You're in — welcome aboard!,Email Templates,email-0021
"[""templates""]",2025-08-14,Hello — quick update inside.,You're in — welcome aboard!,Email Templates,email-0022
"[""templates""]",2025-08-14,Hello — quick update inside.,You're in — welcome aboard!,Email Templates,email-0023
"[""templates""]",2025-08-14,Hello — quick update inside.,You're in — welcome aboard!,Email Templates,email-0024
"[""templates""]",2025-08-14,Hello — quick update inside.,You're in — welcome aboard!,Email Templates,email-0025
"[""templates""]",2025-08-14,Hello — quick update inside.,You're in — welcome aboard!,Email Templates,email-0026
"[""templates""]",2025-08-14,Hello — quick update inside.,You're in — welcome aboard!,Email Templates,email-0027
"[""templates""]",2025-08-14,Hello — quick update inside.,You're in — welcome aboard!,Email Templates,email-0028
"[""templates""]",2025-08-14,Hello — quick update inside.,You're in — welcome aboard!,Email Templates,email-0029
"[""templates""]",2025-08-14,Hello — quick update inside.,You're in — welcome aboard!,Email Templates,email-0030
"[""templates""]",2025-08-14,Hello — quick update inside.,You're in — welcome aboard!,Email Templates,email-0031
"[""templates""]",2025-08-14,Hello — quick update inside.,You're in — welcome aboard!,Email Templates,email-0032
"[""templates""]",2025-08-14,Hello — quick update inside.,You're in — welcome aboard!,Email Templates,email-0033
"[""templates""]",2025-08-14,Hello — quick update inside.,You're in — welcome aboard!,Email Templates,email-0034
"[""templates""]",2025-08-14,Hello — quick update inside.,You're in — welcome aboard!,Email Templates,email-0035
"[""templates""]",2025-08-14,Hello — quick update inside.,You're in — welcome aboard!,Email Templates,email-0036
"[""templates""]",2025-08-14,Hello — quick update inside.,You're in — welcome aboard!,Email Templates,email-0037
"[""templates""]",2025-08-14,Hello — quick update inside.,You're in — welcome aboard!,Email Templates,email-0038
"[""templates""]",2025-08-14,Hello — quick update inside.,You're in — welcome aboard!,Email Templates,email-0039
"[""templates""]",2025-08-14,Hello — quick update inside.,You're in — welcome aboard!,Email Templates,email-0040
"[""templates""]",2025-08-14,Hello — quick update inside.,You're in — welcome aboard!,Email Templates,email-0041
"[""templates""]",2025-08-14,Hello — quick update inside.,You're in — welcome aboard!,Email Templates,email-0042
"[""templates""]",2025-08-14,Hello — quick update inside.,You're in — welcome aboard!,Email Templates,email-0043
"[""templates""]",2025-08-14,Hello — quick update inside.,You're in — welcome aboard!,Email Templates,email-0044
"[""templates""]",2025-08-14,Hello — quick update inside.,You're in — welcome aboard!,Email Templates,email-0045
"[""templates""]",2025-08-14,Hello — quick update inside.,You're in — welcome aboard!,Email Templates,email-0046
"[""templates""]",2025-08-14,Hello — quick update inside.,You're in — welcome aboard!,Email Templates,email-0047
"[""templates""]",2025-08-14,Hello — quick update inside.,You're in — welcome aboard!,Email Templates,email-0048
"[""templates""]",2025-08-14,Hello — quick update inside.,You're in — welcome aboard!,Email Templates,email-0049
"[""templates""]",2025-08-14,Hello — quick update inside.,You're in — welcome aboard!,Email Templates,email-0050
"[""templates""]",2025-08-14,Hello — quick update inside.,You're in — welcome aboard!,Email Templates,email-0051
"[""templates""]",2025-08-14,Hello — quick update inside.,You're in — welcome aboard!,Email Templates,email-0052
"[""templates""]",2025-08-14,Hello — quick update inside.,You're in — welcome aboard!,Email Templates,email-0053
"[""templates""]",2025-08-14,Hello — quick update inside.,You're in — welcome aboard!,Email Templates,email-0054
"[""templates""]",2025-08-14,Hello — quick update inside.,You're in — welcome aboard!,Email Templates,email-0055
"[""templates""]",2025-08-14,Hello — quick update inside.,You're in — welcome aboard!,Email Templates,email-0056
"[""templates""]",2025-08-14,Hello — quick update inside.,You're in — welcome aboard!,Email Templates,email-0057
"[""templates""]",2025-08-14,Hello — quick update inside.,You're in — welcome aboard!,Email Templates,email-0058
"[""templates""]",2025-08-14,Hello — quick update inside.,You're in — welcome aboard!,Email Templates,email-0059
"[""templates""]",2025-08-14,Hello — quick update inside.,You're in — welcome aboard!,Email Templates,email-0060
"[""templates""]",2025-08-14,Hello — quick update inside.,You're in — welcome aboard!,Email Templates,email-0061
"[""templates""]",2025-08-14,Hello — quick update inside.,You're in — welcome aboard!,Email Templates,email-0062
"[""templates""]",2025-08-14,Hello — quick update inside.,You're in — welcome aboard!,Email Templates,email-0063
"[""templates""]",2025-08-14,Hello — quick update inside.,You're in — welcome aboard!,Email Templates,email-0064
"[""templates""]",2025-08-14,Hello — quick update inside.,You're in — welcome aboard!,Email Templates,email-0065
"[""templates""]",2025-08-14,Hello — quick update inside.,You're in — welcome aboard!,Email Templates,email-0066
"[""templates""]",2025-08-14,Hello — quick update inside.,You're in — welcome aboard!,Email Templates,email-0067
"[""templates""]",2025-08-14,Hello — quick update inside.,You're in — welcome aboard!,Email Templates,email-0068
"[""templates""]",2025-08-14,Hello — quick update inside.,You're in — welcome aboard!,Email Templates,email-0069
"[""templates""]",2025-08-14,Hello — quick update inside.,You're in — welcome aboard!,Email Templates,email-0070
"[""templates""]",2025-08-14,Hello — quick update inside.,You're in — welcome aboard!,Email Templates,email-0071
"[""templates""]",2025-08-14,Hello — quick update inside.,You're in — welcome aboard!,Email Templates,email-0072
"[""templates""]",2025-08-14,Hello — quick update inside.,You're in — welcome aboard!,Email Templates,email-0073
"[""templates""]",2025-08-14,Hello — quick update inside.,You're in — welcome aboard!,Email Templates,email-0074
"[""templates""]",2025-08-14,Hello — quick update inside.,You're in — welcome aboard!,Email Templates,email-0075
"[""templates""]",2025-08-14,Hello — quick update inside.,You're in — welcome aboard!,Email Templates,email-0076
"[""templates""]",2025-08-14,Hello — quick update inside.,You're in — welcome aboard!,Email Templates,email-0077
"[""templates""]",2025-08-14,Hello — quick update inside.,You're in — welcome aboard!,Email Templates,email-0078
"[""templates""]",2025-08-14,Hello — quick update inside.,You're in — welcome aboard!,Email Templates,email-0079
"[""templates""]",2025-08-14,Hello — quick update inside.,You're in — welcome aboard!,Email Templates,email-0080
"[""templates""]",2025-08-14,Hello — quick update inside.,You're in — welcome aboard!,Email Templates,email-0081
"[""templates""]",2025-08-14,Hello — quick update inside.,You're in — welcome aboard!,Email Templates,email-0082
"[""templates""]",2025-08-14,Hello — quick update inside.,You're in — welcome aboard!,Email Templates,email-0083
"[""templates""]",2025-08-14,Hello — quick update inside.,You're in — welcome aboard!,Email Templates,email-0084
"[""templates""]",2025-08-14,Hello — quick update inside.,You're in — welcome aboard!,Email Templates,email-0085
"[""templates""]",2025-08-14,Hello — quick update inside.,You're in — welcome aboard!,Email Templates,email-0086
"[""templates""]",2025-08-14,Hello — quick update inside.,You're in — welcome aboard!,Email Templates,email-0087
"[""templates""]",2025-08-14,Hello — quick update inside.,You're in — welcome aboard!,Email Templates,email-0088
"[""templates""]",2025-08-14,Hello — quick update inside.,You're in — welcome aboard!,Email Templates,email-0089
"[""templates""]",2025-08-14,Hello — quick update inside.,You're in — welcome aboard!,Email Templates,email-0090
"[""templates""]",2025-08-14,Hello — quick update inside.,You're in — welcome aboard!,Email Templates,email-0091
"[""templates""]",2025-08-14,Hello — quick update inside.,You're in — welcome aboard!,Email Templates,email-0092
"[""templates""]",2025-08-14,Hello — quick update inside.,You're in — welcome aboard!,Email Templates,email-0093
"[""templates""]",2025-08-14,Hello — quick update inside.,You're in — welcome aboard!,Email Templates,email-0094
"[""templates""]",2025-08-14,Hello — quick update inside.,You're in — welcome aboard!,Email Templates,email-0095
"[""templates""]",2025-08-14,Hello — quick update inside.,You're in — welcome aboard!,Email Templates,email-0096
"[""templates""]",2025-08-14,Hello — quick update inside.,You're in — welcome aboard!,Email Templates,email-0097
"[""templates""]",2025-08-14,Hello — quick update inside.,You're in — welcome aboard!,Email Templates,email-0098
"[""templates""]",2025-08-14,Hello — quick update inside.,You're in — welcome aboard!,Email Templates,email-0099
"[""templates""]",2025-08-14,Hello — quick update inside.,You're in — welcome aboard!,Email Templates,email-0100
"[""templates""]",2025-08-14,Hello — quick update inside.,You're in — welcome aboard!,Email Templates,email-0101
"[""templates""]",2025-08-14,Hello — quick update inside.,You're in — welcome aboard!,Email Templates,email-0102
"[""templates""]",2025-08-14,Hello — quick update inside.,You're in — welcome aboard!,Email Templates,email-0103
"[""templates""]",2025-08-14,Hello — quick update inside.,You're in — welcome aboard!,Email Templates,email-0104
"[""templates""]",2025-08-14,Hello — quick update inside.,You're in — welcome aboard!,Email Templates,email-0105
"[""templates""]",2025-08-14,Hello — quick update inside.,You're in — welcome aboard!,Email Templates,email-0106
"[""templates""]",2025-08-14,Hello — quick update inside.,You're in — welcome aboard!,Email Templates,email-0107
"[""templates""]",2025-08-14,Hello — quick update inside.,You're in — welcome aboard!,Email Templates,email-0108
"[""templates""]",2025-08-14,Hello — quick update inside.,You're in — welcome aboard!,Email Templates,email-0109
"[""templates""]",2025-08-14,Hello — quick update inside.,You're in — welcome aboard!,Email Templates,email-0110
"[""templates""]",2025-08-14,Hello — quick update inside.,You're in — welcome aboard!,Email Templates,email-0111
"[""templates""]",2025-08-14,Hello — quick update inside.,You're in — welcome aboard!,Email Templates,email-0112
"[""templates""]",2025-08-14,Hello — quick update inside.,You're in — welcome aboard!,Email Templates,email-0113
"[""templates""]",2025-08-14,Hello — quick update inside.,You're in — welcome aboard!,Email Templates,email-0114
"[""templates""]",2025-08-14,Hello — quick update inside.,You're in — welcome aboard!,Email Templates,email-0115
"[""templates""]",2025-08-14,Hello — quick update inside.,You're in — welcome aboard!,Email Templates,email-0116
"[""templates""]",2025-08-14,Hello — quick update inside.,You're in — welcome aboard!,Email Templates,email-0117
"[""templates""]",2025-08-14,Hello — quick update inside.,You're in — welcome aboard!,Email Templates,email-0118
"[""templates""]",2025-08-14,Hello — quick update inside.,You're in — welcome aboard!,Email Templates,email-0119
"[""templates""]",2025-08-14,Hello — quick update inside.,You're in — welcome aboard!,Email Templates,email-0120
"[""templates""]",2025-08-14,Hello — quick update inside.,You're in — welcome aboard!,Email Templates,email-0121
"[""templates""]",2025-08-14,Hello — quick update inside.,You're in — welcome aboard!,Email Templates,email-0122
"[""templates""]",2025-08-14,Hello — quick update inside.,You're in — welcome aboard!,Email Templates,email-0123
"[""templates""]",2025-08-14,Hello — quick update inside.,You're in — welcome aboard!,Email Templates,email-0124
"[""templates""]",2025-08-14,Hello — quick update inside.,You're in — welcome aboard!,Email Templates,email-0125
"[""templates""]",2025-08-14,Hello — quick update inside.,You're in — welcome aboard!,Email Templates,email-0126
"[""templates""]",2025-08-14,Hello — quick update inside.,You're in — welcome aboard!,Email Templates,email-0127
"[""templates""]",2025-08-14,Hello — quick update inside.,You're in — welcome aboard!,Email Templates,email-0128
"[""templates""]",2025-08-14,Hello — quick update inside.,You're in — welcome aboard!,Email Templates,email-0129
"[""templates""]",2025-08-14,Hello — quick update inside.,You're in — welcome aboard!,Email Templates,email-0130
"[""templates""]",2025-08-14,Hello — quick update inside.,You're in — welcome aboard!,Email Templates,email-0131
"[""templates""]",2025-08-14,Hello — quick update inside.,You're in — welcome aboard!,Email Templates,email-0132
"[""templates""]",2025-08-14,Hello — quick update inside.,You're in — welcome aboard!,Email Templates,email-0133
"[""templates""]",2025-08-14,Hello — quick update inside.,You're in — welcome aboard!,Email Templates,email-0134
"[""templates""]",2025-08-14,Hello — quick update inside.,You're in — welcome aboard!,Email Templates,email-0135
"[""templates""]",2025-08-14,Hello — quick update inside.,You're in — welcome aboard!,Email Templates,email-0136
"[""templates""]",2025-08-14,Hello — quick update inside.,You're in — welcome aboard!,Email Templates,email-0137
"[""templates""]",2025-08-14,Hello — quick update inside.,You're in — welcome aboard!,Email Templates,email-0138
"[""templates""]",2025-08-14,Hello — quick update inside.,You're in — welcome aboard!,Email Templates,email-0139
"[""templates""]",2025-08-14,Hello — quick update inside.,You're in — welcome aboard!,Email Templates,email-0140
"[""templates""]",2025-08-14,Hello — quick update inside.,You're in — welcome aboard!,Email Templates,email-0141
"[""templates""]",2025-08-14,Hello — quick update inside.,You're in — welcome aboard!,Email Templates,email-0142
"[""templates""]",2025-08-14,Hello — quick update inside.,You're in — welcome aboard!,Email Templates,email-0143
"[""templates""]",2025-08-14,Hello — quick update inside.,You're in — welcome aboard!,Email Templates,email-0144
"[""templates""]",2025-08-14,Hello — quick update inside.,You're in — welcome aboard!,Email Templates,email-0145
"[""templates""]",2025-08-14,Hello — quick update inside.,You're in — welcome aboard!,Email Templates,email-0146
"[""templates""]",2025-08-14,Hello — quick update inside.,You're in — welcome aboard!,Email Templates,email-0147
"[""templates""]",2025-08-14,Hello — quick update inside.,You're in — welcome aboard!,Email Templates,email-0148
"[""templates""]",2025-08-14,Hello — quick update inside.,You're in — welcome aboard!,Email Templates,email-0149
"[""templates""]",2025-08-14,Hello — quick update inside.,You're in — welcome aboard!,Email Templates,email-0150
"[""templates""]",2025-08-14,Hello — quick update inside.,You're in — welcome aboard!,Email Templates,email-0151
"[""templates""]",2025-08-14,Hello — quick update inside.,You're in — welcome aboard!,Email Templates,email-0152
"[""templates""]",2025-08-14,Hello — quick update inside.,You're in — welcome aboard!,Email Templates,email-0153
"[""templates""]",2025-08-14,Hello — quick update inside.,You're in — welcome aboard!,Email Templates,email-0154
"[""templates""]",2025-08-14,Hello — quick update inside.,You're in — welcome aboard!,Email Templates,email-0155
"[""templates""]",2025-08-14,Hello — quick update inside.,You're in — welcome aboard!,Email Templates,email-0156
"[""templates""]",2025-08-14,Hello — quick update inside.,You're in — welcome aboard!,Email Templates,email-0157
"[""templates""]",2025-08-14,Hello — quick update inside.,You're in — welcome aboard!,Email Templates,email-0158
"[""templates""]",2025-08-14,Hello — quick update inside.,You're in — welcome aboard!,Email Templates,email-0159
"[""templates""]",2025-08-14,Hello — quick update inside.,You're in — welcome aboard!,Email Templates,email-0160
"[""templates""]",2025-08-14,Hello — quick update inside.,You're in — welcome aboard!,Email Templates,email-0161
"[""templates""]",2025-08-14,Hello — quick update inside.,You're in — welcome aboard!,Email Templates,email-0162
"[""templates""]",2025-08-14,Hello — quick update inside.,You're in — welcome aboard!,Email Templates,email-0163
"[""templates""]",2025-08-14,Hello — quick update inside.,You're in — welcome aboard!,Email Templates,email-0164
"[""templates""]",2025-08-14,Hello — quick update inside.,You're in — welcome aboard!,Email Templates,email-0165
"[""templates""]",2025-08-14,Hello — quick update inside.,You're in — welcome aboard!,Email Templates,email-0166
"[""templates""]",2025-08-14,Hello — quick update inside.,You're in — welcome aboard!,Email Templates,email-0167
"[""templates""]",2025-08-14,Hello — quick update inside.,You're in — welcome aboard!,Email Templates,email-0168
"[""templates""]",2025-08-14,Hello — quick update inside.,You're in — welcome aboard!,Email Templates,email-0169
"[""templates""]",2025-08-14,Hello — quick update inside.,You're in — welcome aboard!,Email Templates,email-0170
"[""templates""]",2025-08-14,Hello — quick update inside.,You're in — welcome aboard!,Email Templates,email-0171
"[""templates""]",2025-08-14,Hello — quick update inside.,You're in — welcome aboard!,Email Templates,email-0172
"[""templates""]",2025-08-14,Hello — quick update inside.,You're in — welcome aboard!,Email Templates,email-0173
"[""templates""]",2025-08-14,Hello — quick update inside.,You're in — welcome aboard!,Email Templates,email-0174
"[""templates""]",2025-08-14,Hello — quick update inside.,You're in — welcome aboard!,Email Templates,email-0175
"[""templates""]",2025-08-14,Hello — quick update inside.,You're in — welcome aboard!,Email Templates,email-0176
"[""templates""]",2025-08-14,Hello — quick update inside.,You're in — welcome aboard!,Email Templates,email-0177
"[""templates""]",2025-08-14,Hello — quick update inside.,You're in — welcome aboard!,Email Templates,email-0178
"[""templates""]",2025-08-14,Hello — quick update inside.,You're in — welcome aboard!,Email Templates,email-0179
"[""templates""]",2025-08-14,Hello — quick update inside.,You're in — welcome aboard!,Email Templates,email-0180
"[""templates""]",2025-08-14,Hello — quick update inside.,You're in — welcome aboard!,Email Templates,email-0181
"[""templates""]",2025-08-14,Hello — quick update inside.,You're in — welcome aboard!,Email Templates,email-0182
"[""templates""]",2025-08-14,Hello — quick update inside.,You're in — welcome aboard!,Email Templates,email-0183
"[""templates""]",2025-08-14,Hello — quick update inside.,You're in — welcome aboard!,Email Templates,email-0184
"[""templates""]",2025-08-14,Hello — quick update inside.,You're in — welcome aboard!,Email Templates,email-0185
"[""templates""]",2025-08-14,Hello — quick update inside.,You're in — welcome aboard!,Email Templates,email-0186
"[""templates""]",2025-08-14,Hello — quick update inside.,You're in — welcome aboard!,Email Templates,email-0187
"[""templates""]",2025-08-14,Hello — quick update inside.,You're in — welcome aboard!,Email Templates,email-0188
"[""templates""]",2025-08-14,Hello — quick update inside.,You're in — welcome aboard!,Email Templates,email-0189
"[""templates""]",2025-08-14,Hello — quick update inside.,You're in — welcome aboard!,Email Templates,email-0190
"[""templates""]",2025-08-14,Hello — quick update inside.,You're in — welcome aboard!,Email Templates,email-0191
"[""templates""]",2025-08-14,Hello — quick update inside.,You're in — welcome aboard!,Email Templates,email-0192
"[""templates""]",2025-08-14,Hello — quick update inside.,You're in — welcome aboard!,Email Templates,email-0193
"[""templates""]",2025-08-14,Hello — quick update inside.,You're in — welcome aboard!,Email Templates,email-0194
"[""templates""]",2025-08-14,Hello — quick update inside.,You're in — welcome aboard!,Email Templates,email-0195
"[""templates""]",2025-08-14,Hello — quick update inside.,You're in — welcome aboard!,Email Templates,email-0196
"[""templates""]",2025-08-14,Hello — quick update inside.,You're in — welcome aboard!,Email Templates,email-0197
"[""templates""]",2025-08-14,Hello — quick update inside.,You're in — welcome aboard!,Email Templates,email-0198
"[""templates""]",2025-08-14,Hello — quick update inside.,You're in — welcome aboard!,Email Templates,email-0199
"[""templates""]",2025-08-14,Hello — quick update inside.,You're in — welcome aboard!,Email Templates,email-0200
"[""templates""]",2025-08-14,Hello — quick update inside.,You're in — welcome aboard!,Email Templates,email-0201
"[""templates""]",2025-08-14,Hello — quick update inside.,You're in — welcome aboard!,Email Templates,email-0202
"[""templates""]",2025-08-14,Hello — quick update inside.,You're in — welcome aboard!,Email Templates,email-0203
"[""templates""]",2025-08-14,Hello — quick update inside.,You're in — welcome aboard!,Email Templates,email-0204
"[""templates""]",2025-08-14,Hello — quick update inside.,You're in — welcome aboard!,Email Templates,email-0205
"[""templates""]",2025-08-14,Hello — quick update inside.,You're in — welcome aboard!,Email Templates,email-0206
"[""templates""]",2025-08-14,Hello — quick update inside.,You're in — welcome aboard!,Email Templates,email-0207
"[""templates""]",2025-08-14,Hello — quick update inside.,You're in — welcome aboard!,Email Templates,email-0208
"[""templates""]",2025-08-14,Hello — quick update inside.,You're in — welcome aboard!,Email Templates,email-0209
"[""templates""]",2025-08-14,Hello — quick update inside.,You're in — welcome aboard!,Email Templates,email-0210
"[""templates""]",2025-08-14,Hello — quick update inside.,You're in — welcome aboard!,Email Templates,email-0211
"[""templates""]",2025-08-14,Hello — quick update inside.,You're in — welcome aboard!,Email Templates,email-0212
"[""templates""]",2025-08-14,Hello — quick update inside.,You're in — welcome aboard!,Email Templates,email-0213
"[""templates""]",2025-08-14,Hello — quick update inside.,You're in — welcome aboard!,Email Templates,email-0214
"[""templates""]",2025-08-14,Hello — quick update inside.,You're in — welcome aboard!,Email Templates,email-0215
"[""templates""]",2025-08-14,Hello — quick update inside.,You're in — welcome aboard!,Email Templates,email-0216
"[""templates""]",2025-08-14,Hello — quick update inside.,You're in — welcome aboard!,Email Templates,email-0217
"[""templates""]",2025-08-14,Hello — quick update inside.,You're in — welcome aboard!,Email Templates,email-0218
"[""templates""]",2025-08-14,Hello — quick update inside.,You're in — welcome aboard!,Email Templates,email-0219
"[""templates""]",2025-08-14,Hello — quick update inside.,You're in — welcome aboard!,Email Templates,email-0220
