events_emitted,description,tags,last_updated,dependencies,category,id,api_endpoints
"[""app.started""]",Module provides features.,"[""api"", ""module""]",2025-08-14,"[""PostgreSQL""]",Feature,feature-0001,"[{""method"": ""GET"", ""path"": ""/api/status""}]"
"[""app.started""]",Module provides features.,"[""api"", ""module""]",2025-08-14,"[""PostgreSQL""]",Feature,feature-0002,"[{""method"": ""GET"", ""path"": ""/api/status""}]"
"[""app.started""]",Module provides features.,"[""api"", ""module""]",2025-08-14,"[""PostgreSQL""]",Feature,feature-0003,"[{""method"": ""GET"", ""path"": ""/api/status""}]"
"[""app.started""]",Module provides features.,"[""api"", ""module""]",2025-08-14,"[""PostgreSQL""]",Feature,feature-0004,"[{""method"": ""GET"", ""path"": ""/api/status""}]"
"[""app.started""]",Module provides features.,"[""api"", ""module""]",2025-08-14,"[""PostgreSQL""]",Feature,feature-0005,"[{""method"": ""GET"", ""path"": ""/api/status""}]"
"[""app.started""]",Module provides features.,"[""api"", ""module""]",2025-08-14,"[""PostgreSQL""]",Feature,feature-0006,"[{""method"": ""GET"", ""path"": ""/api/status""}]"
"[""app.started""]",Module provides features.,"[""api"", ""module""]",2025-08-14,"[""PostgreSQL""]",Feature,feature-0007,"[{""method"": ""GET"", ""path"": ""/api/status""}]"
"[""app.started""]",Module provides features.,"[""api"", ""module""]",2025-08-14,"[""PostgreSQL""]",Feature,feature-0008,"[{""method"": ""GET"", ""path"": ""/api/status""}]"
"[""app.started""]",Module provides features.,"[""api"", ""module""]",2025-08-14,"[""PostgreSQL""]",Feature,feature-0009,"[{""method"": ""GET"", ""path"": ""/api/status""}]"
"[""app.started""]",Module provides features.,"[""api"", ""module""]",2025-08-14,"[""PostgreSQL""]",Feature,feature-0010,"[{""method"": ""GET"", ""path"": ""/api/status""}]"
"[""app.started""]",Module provides features.,"[""api"", ""module""]",2025-08-14,"[""PostgreSQL""]",Feature,feature-0011,"[{""method"": ""GET"", ""path"": ""/api/status""}]"
"[""app.started""]",Module provides features.,"[""api"", ""module""]",2025-08-14,"[""PostgreSQL""]",Feature,feature-0012,"[{""method"": ""GET"", ""path"": ""/api/status""}]"
"[""app.started""]",Module provides features.,"[""api"", ""module""]",2025-08-14,"[""PostgreSQL""]",Feature,feature-0013,"[{""method"": ""GET"", ""path"": ""/api/status""}]"
"[""app.started""]",Module provides features.,"[""api"", ""module""]",2025-08-14,"[""PostgreSQL""]",Feature,feature-0014,"[{""method"": ""GET"", ""path"": ""/api/status""}]"
"[""app.started""]",Module provides features.,"[""api"", ""module""]",2025-08-14,"[""PostgreSQL""]",Feature,feature-0015,"[{""method"": ""GET"", ""path"": ""/api/status""}]"
"[""app.started""]",Module provides features.,"[""api"", ""module""]",2025-08-14,"[""PostgreSQL""]",Feature,feature-0016,"[{""method"": ""GET"", ""path"": ""/api/status""}]"
"[""app.started""]",Module provides features.,"[""api"", ""module""]",2025-08-14,"[""PostgreSQL""]",Feature,feature-0017,"[{""method"": ""GET"", ""path"": ""/api/status""}]"
"[""app.started""]",Module provides features.,"[""api"", ""module""]",2025-08-14,"[""PostgreSQL""]",Feature,feature-0018,"[{""method"": ""GET"", ""path"": ""/api/status""}]"
"[""app.started""]",Module provides features.,"[""api"", ""module""]",2025-08-14,"[""PostgreSQL""]",Feature,feature-0019,"[{""method"": ""GET"", ""path"": ""/api/status""}]"
"[""app.started""]",Module provides features.,"[""api"", ""module""]",2025-08-14,"[""PostgreSQL""]",Feature,feature-0020,"[{""method"": ""GET"", ""path"": ""/api/status""}]"
"[""app.started""]",Module provides features.,"[""api"", ""module""]",2025-08-14,"[""PostgreSQL""]",Feature,feature-0021,"[{""method"": ""GET"", ""path"": ""/api/status""}]"
"[""app.started""]",Module provides features.,"[""api"", ""module""]",2025-08-14,"[""PostgreSQL""]",Feature,feature-0022,"[{""method"": ""GET"", ""path"": ""/api/status""}]"
"[""app.started""]",Module provides features.,"[""api"", ""module""]",2025-08-14,"[""PostgreSQL""]",Feature,feature-0023,"[{""method"": ""GET"", ""path"": ""/api/status""}]"
"[""app.started""]",Module provides features.,"[""api"", ""module""]",2025-08-14,"[""PostgreSQL""]",Feature,feature-0024,"[{""method"": ""GET"", ""path"": ""/api/status""}]"
"[""app.started""]",Module provides features.,"[""api"", ""module""]",2025-08-14,"[""PostgreSQL""]",Feature,feature-0025,"[{""method"": ""GET"", ""path"": ""/api/status""}]"
"[""app.started""]",Module provides features.,"[""api"", ""module""]",2025-08-14,"[""PostgreSQL""]",Feature,feature-0026,"[{""method"": ""GET"", ""path"": ""/api/status""}]"
"[""app.started""]",Module provides features.,"[""api"", ""module""]",2025-08-14,"[""PostgreSQL""]",Feature,feature-0027,"[{""method"": ""GET"", ""path"": ""/api/status""}]"
"[""app.started""]",Module provides features.,"[""api"", ""module""]",2025-08-14,"[""PostgreSQL""]",Feature,feature-0028,"[{""method"": ""GET"", ""path"": ""/api/status""}]"
"[""app.started""]",Module provides features.,"[""api"", ""module""]",2025-08-14,"[""PostgreSQL""]",Feature,feature-0029,"[{""method"": ""GET"", ""path"": ""/api/status""}]"
"[""app.started""]",Module provides features.,"[""api"", ""module""]",2025-08-14,"[""PostgreSQL""]",Feature,feature-0030,"[{""method"": ""GET"", ""path"": ""/api/status""}]"
"[""app.started""]",Module provides features.,"[""api"", ""module""]",2025-08-14,"[""PostgreSQL""]",Feature,feature-0031,"[{""method"": ""GET"", ""path"": ""/api/status""}]"
"[""app.started""]",Module provides features.,"[""api"", ""module""]",2025-08-14,"[""PostgreSQL""]",Feature,feature-0032,"[{""method"": ""GET"", ""path"": ""/api/status""}]"
"[""app.started""]",Module provides features.,"[""api"", ""module""]",2025-08-14,"[""PostgreSQL""]",Feature,feature-0033,"[{""method"": ""GET"", ""path"": ""/api/status""}]"
"[""app.started""]",Module provides features.,"[""api"", ""module""]",2025-08-14,"[""PostgreSQL""]",Feature,feature-0034,"[{""method"": ""GET"", ""path"": ""/api/status""}]"
"[""app.started""]",Module provides features.,"[""api"", ""module""]",2025-08-14,"[""PostgreSQL""]",Feature,feature-0035,"[{""method"": ""GET"", ""path"": ""/api/status""}]"
"[""app.started""]",Module provides features.,"[""api"", ""module""]",2025-08-14,"[""PostgreSQL""]",Feature,feature-0036,"[{""method"": ""GET"", ""path"": ""/api/status""}]"
"[""app.started""]",Module provides features.,"[""api"", ""module""]",2025-08-14,"[""PostgreSQL""]",Feature,feature-0037,"[{""method"": ""GET"", ""path"": ""/api/status""}]"
"[""app.started""]",Module provides features.,"[""api"", ""module""]",2025-08-14,"[""PostgreSQL""]",Feature,feature-0038,"[{""method"": ""GET"", ""path"": ""/api/status""}]"
"[""app.started""]",Module provides features.,"[""api"", ""module""]",2025-08-14,"[""PostgreSQL""]",Feature,feature-0039,"[{""method"": ""GET"", ""path"": ""/api/status""}]"
"[""app.started""]",Module provides features.,"[""api"", ""module""]",2025-08-14,"[""PostgreSQL""]",Feature,feature-0040,"[{""method"": ""GET"", ""path"": ""/api/status""}]"
"[""app.started""]",Module provides features.,"[""api"", ""module""]",2025-08-14,"[""PostgreSQL""]",Feature,feature-0041,"[{""method"": ""GET"", ""path"": ""/api/status""}]"
"[""app.started""]",Module provides features.,"[""api"", ""module""]",2025-08-14,"[""PostgreSQL""]",Feature,feature-0042,"[{""method"": ""GET"", ""path"": ""/api/status""}]"
"[""app.started""]",Module provides features.,"[""api"", ""module""]",2025-08-14,"[""PostgreSQL""]",Feature,feature-0043,"[{""method"": ""GET"", ""path"": ""/api/status""}]"
"[""app.started""]",Module provides features.,"[""api"", ""module""]",2025-08-14,"[""PostgreSQL""]",Feature,feature-0044,"[{""method"": ""GET"", ""path"": ""/api/status""}]"
"[""app.started""]",Module provides features.,"[""api"", ""module""]",2025-08-14,"[""PostgreSQL""]",Feature,feature-0045,"[{""method"": ""GET"", ""path"": ""/api/status""}]"
"[""app.started""]",Module provides features.,"[""api"", ""module""]",2025-08-14,"[""PostgreSQL""]",Feature,feature-0046,"[{""method"": ""GET"", ""path"": ""/api/status""}]"
"[""app.started""]",Module provides features.,"[""api"", ""module""]",2025-08-14,"[""PostgreSQL""]",Feature,feature-0047,"[{""method"": ""GET"", ""path"": ""/api/status""}]"
"[""app.started""]",Module provides features.,"[""api"", ""module""]",2025-08-14,"[""PostgreSQL""]",Feature,feature-0048,"[{""method"": ""GET"", ""path"": ""/api/status""}]"
"[""app.started""]",Module provides features.,"[""api"", ""module""]",2025-08-14,"[""PostgreSQL""]",Feature,feature-0049,"[{""method"": ""GET"", ""path"": ""/api/status""}]"
"[""app.started""]",Module provides features.,"[""api"", ""module""]",2025-08-14,"[""PostgreSQL""]",Feature,feature-0050,"[{""method"": ""GET"", ""path"": ""/api/status""}]"
"[""app.started""]",Module provides features.,"[""api"", ""module""]",2025-08-14,"[""PostgreSQL""]",Feature,feature-0051,"[{""method"": ""GET"", ""path"": ""/api/status""}]"
"[""app.started""]",Module provides features.,"[""api"", ""module""]",2025-08-14,"[""PostgreSQL""]",Feature,feature-0052,"[{""method"": ""GET"", ""path"": ""/api/status""}]"
"[""app.started""]",Module provides features.,"[""api"", ""module""]",2025-08-14,"[""PostgreSQL""]",Feature,feature-0053,"[{""method"": ""GET"", ""path"": ""/api/status""}]"
"[""app.started""]",Module provides features.,"[""api"", ""module""]",2025-08-14,"[""PostgreSQL""]",Feature,feature-0054,"[{""method"": ""GET"", ""path"": ""/api/status""}]"
"[""app.started""]",Module provides features.,"[""api"", ""module""]",2025-08-14,"[""PostgreSQL""]",Feature,feature-0055,"[{""method"": ""GET"", ""path"": ""/api/status""}]"
"[""app.started""]",Module provides features.,"[""api"", ""module""]",2025-08-14,"[""PostgreSQL""]",Feature,feature-0056,"[{""method"": ""GET"", ""path"": ""/api/status""}]"
"[""app.started""]",Module provides features.,"[""api"", ""module""]",2025-08-14,"[""PostgreSQL""]",Feature,feature-0057,"[{""method"": ""GET"", ""path"": ""/api/status""}]"
"[""app.started""]",Module provides features.,"[""api"", ""module""]",2025-08-14,"[""PostgreSQL""]",Feature,feature-0058,"[{""method"": ""GET"", ""path"": ""/api/status""}]"
"[""app.started""]",Module provides features.,"[""api"", ""module""]",2025-08-14,"[""PostgreSQL""]",Feature,feature-0059,"[{""method"": ""GET"", ""path"": ""/api/status""}]"
"[""app.started""]",Module provides features.,"[""api"", ""module""]",2025-08-14,"[""PostgreSQL""]",Feature,feature-0060,"[{""method"": ""GET"", ""path"": ""/api/status""}]"
"[""app.started""]",Module provides features.,"[""api"", ""module""]",2025-08-14,"[""PostgreSQL""]",Feature,feature-0061,"[{""method"": ""GET"", ""path"": ""/api/status""}]"
"[""app.started""]",Module provides features.,"[""api"", ""module""]",2025-08-14,"[""PostgreSQL""]",Feature,feature-0062,"[{""method"": ""GET"", ""path"": ""/api/status""}]"
"[""app.started""]",Module provides features.,"[""api"", ""module""]",2025-08-14,"[""PostgreSQL""]",Feature,feature-0063,"[{""method"": ""GET"", ""path"": ""/api/status""}]"
"[""app.started""]",Module provides features.,"[""api"", ""module""]",2025-08-14,"[""PostgreSQL""]",Feature,feature-0064,"[{""method"": ""GET"", ""path"": ""/api/status""}]"
"[""app.started""]",Module provides features.,"[""api"", ""module""]",2025-08-14,"[""PostgreSQL""]",Feature,feature-0065,"[{""method"": ""GET"", ""path"": ""/api/status""}]"
"[""app.started""]",Module provides features.,"[""api"", ""module""]",2025-08-14,"[""PostgreSQL""]",Feature,feature-0066,"[{""method"": ""GET"", ""path"": ""/api/status""}]"
"[""app.started""]",Module provides features.,"[""api"", ""module""]",2025-08-14,"[""PostgreSQL""]",Feature,feature-0067,"[{""method"": ""GET"", ""path"": ""/api/status""}]"
"[""app.started""]",Module provides features.,"[""api"", ""module""]",2025-08-14,"[""PostgreSQL""]",Feature,feature-0068,"[{""method"": ""GET"", ""path"": ""/api/status""}]"
"[""app.started""]",Module provides features.,"[""api"", ""module""]",2025-08-14,"[""PostgreSQL""]",Feature,feature-0069,"[{""method"": ""GET"", ""path"": ""/api/status""}]"
"[""app.started""]",Module provides features.,"[""api"", ""module""]",2025-08-14,"[""PostgreSQL""]",Feature,feature-0070,"[{""method"": ""GET"", ""path"": ""/api/status""}]"
"[""app.started""]",Module provides features.,"[""api"", ""module""]",2025-08-14,"[""PostgreSQL""]",Feature,feature-0071,"[{""method"": ""GET"", ""path"": ""/api/status""}]"
"[""app.started""]",Module provides features.,"[""api"", ""module""]",2025-08-14,"[""PostgreSQL""]",Feature,feature-0072,"[{""method"": ""GET"", ""path"": ""/api/status""}]"
"[""app.started""]",Module provides features.,"[""api"", ""module""]",2025-08-14,"[""PostgreSQL""]",Feature,feature-0073,"[{""method"": ""GET"", ""path"": ""/api/status""}]"
"[""app.started""]",Module provides features.,"[""api"", ""module""]",2025-08-14,"[""PostgreSQL""]",Feature,feature-0074,"[{""method"": ""GET"", ""path"": ""/api/status""}]"
"[""app.started""]",Module provides features.,"[""api"", ""module""]",2025-08-14,"[""PostgreSQL""]",Feature,feature-0075,"[{""method"": ""GET"", ""path"": ""/api/status""}]"
"[""app.started""]",Module provides features.,"[""api"", ""module""]",2025-08-14,"[""PostgreSQL""]",Feature,feature-0076,"[{""method"": ""GET"", ""path"": ""/api/status""}]"
"[""app.started""]",Module provides features.,"[""api"", ""module""]",2025-08-14,"[""PostgreSQL""]",Feature,feature-0077,"[{""method"": ""GET"", ""path"": ""/api/status""}]"
"[""app.started""]",Module provides features.,"[""api"", ""module""]",2025-08-14,"[""PostgreSQL""]",Feature,feature-0078,"[{""method"": ""GET"", ""path"": ""/api/status""}]"
"[""app.started""]",Module provides features.,"[""api"", ""module""]",2025-08-14,"[""PostgreSQL""]",Feature,feature-0079,"[{""method"": ""GET"", ""path"": ""/api/status""}]"
"[""app.started""]",Module provides features.,"[""api"", ""module""]",2025-08-14,"[""PostgreSQL""]",Feature,feature-0080,"[{""method"": ""GET"", ""path"": ""/api/status""}]"
"[""app.started""]",Module provides features.,"[""api"", ""module""]",2025-08-14,"[""PostgreSQL""]",Feature,feature-0081,"[{""method"": ""GET"", ""path"": ""/api/status""}]"
"[""app.started""]",Module provides features.,"[""api"", ""module""]",2025-08-14,"[""PostgreSQL""]",Feature,feature-0082,"[{""method"": ""GET"", ""path"": ""/api/status""}]"
"[""app.started""]",Module provides features.,"[""api"", ""module""]",2025-08-14,"[""PostgreSQL""]",Feature,feature-0083,"[{""method"": ""GET"", ""path"": ""/api/status""}]"
"[""app.started""]",Module provides features.,"[""api"", ""module""]",2025-08-14,"[""PostgreSQL""]",Feature,feature-0084,"[{""method"": ""GET"", ""path"": ""/api/status""}]"
"[""app.started""]",Module provides features.,"[""api"", ""module""]",2025-08-14,"[""PostgreSQL""]",Feature,feature-0085,"[{""method"": ""GET"", ""path"": ""/api/status""}]"
"[""app.started""]",Module provides features.,"[""api"", ""module""]",2025-08-14,"[""PostgreSQL""]",Feature,feature-0086,"[{""method"": ""GET"", ""path"": ""/api/status""}]"
"[""app.started""]",Module provides features.,"[""api"", ""module""]",2025-08-14,"[""PostgreSQL""]",Feature,feature-0087,"[{""method"": ""GET"", ""path"": ""/api/status""}]"
"[""app.started""]",Module provides features.,"[""api"", ""module""]",2025-08-14,"[""PostgreSQL""]",Feature,feature-0088,"[{""method"": ""GET"", ""path"": ""/api/status""}]"
"[""app.started""]",Module provides features.,"[""api"", ""module""]",2025-08-14,"[""PostgreSQL""]",Feature,feature-0089,"[{""method"": ""GET"", ""path"": ""/api/status""}]"
"[""app.started""]",Module provides features.,"[""api"", ""module""]",2025-08-14,"[""PostgreSQL""]",Feature,feature-0090,"[{""method"": ""GET"", ""path"": ""/api/status""}]"
"[""app.started""]",Module provides features.,"[""api"", ""module""]",2025-08-14,"[""PostgreSQL""]",Feature,feature-0091,"[{""method"": ""GET"", ""path"": ""/api/status""}]"
"[""app.started""]",Module provides features.,"[""api"", ""module""]",2025-08-14,"[""PostgreSQL""]",Feature,feature-0092,"[{""method"": ""GET"", ""path"": ""/api/status""}]"
"[""app.started""]",Module provides features.,"[""api"", ""module""]",2025-08-14,"[""PostgreSQL""]",Feature,feature-0093,"[{""method"": ""GET"", ""path"": ""/api/status""}]"
"[""app.started""]",Module provides features.,"[""api"", ""module""]",2025-08-14,"[""PostgreSQL""]",Feature,feature-0094,"[{""method"": ""GET"", ""path"": ""/api/status""}]"
"[""app.started""]",Module provides features.,"[""api"", ""module""]",2025-08-14,"[""PostgreSQL""]",Feature,feature-0095,"[{""method"": ""GET"", ""path"": ""/api/status""}]"
"[""app.started""]",Module provides features.,"[""api"", ""module""]",2025-08-14,"[""PostgreSQL""]",Feature,feature-0096,"[{""method"": ""GET"", ""path"": ""/api/status""}]"
"[""app.started""]",Module provides features.,"[""api"", ""module""]",2025-08-14,"[""PostgreSQL""]",Feature,feature-0097,"[{""method"": ""GET"", ""path"": ""/api/status""}]"
"[""app.started""]",Module provides features.,"[""api"", ""module""]",2025-08-14,"[""PostgreSQL""]",Feature,feature-0098,"[{""method"": ""GET"", ""path"": ""/api/status""}]"
"[""app.started""]",Module provides features.,"[""api"", ""module""]",2025-08-14,"[""PostgreSQL""]",Feature,feature-0099,"[{""method"": ""GET"", ""path"": ""/api/status""}]"
"[""app.started""]",Module provides features.,"[""api"", ""module""]",2025-08-14,"[""PostgreSQL""]",Feature,feature-0100,"[{""method"": ""GET"", ""path"": ""/api/status""}]"
"[""app.started""]",Module provides features.,"[""api"", ""module""]",2025-08-14,"[""PostgreSQL""]",Feature,feature-0101,"[{""method"": ""GET"", ""path"": ""/api/status""}]"
"[""app.started""]",Module provides features.,"[""api"", ""module""]",2025-08-14,"[""PostgreSQL""]",Feature,feature-0102,"[{""method"": ""GET"", ""path"": ""/api/status""}]"
"[""app.started""]",Module provides features.,"[""api"", ""module""]",2025-08-14,"[""PostgreSQL""]",Feature,feature-0103,"[{""method"": ""GET"", ""path"": ""/api/status""}]"
"[""app.started""]",Module provides features.,"[""api"", ""module""]",2025-08-14,"[""PostgreSQL""]",Feature,feature-0104,"[{""method"": ""GET"", ""path"": ""/api/status""}]"
"[""app.started""]",Module provides features.,"[""api"", ""module""]",2025-08-14,"[""PostgreSQL""]",Feature,feature-0105,"[{""method"": ""GET"", ""path"": ""/api/status""}]"
"[""app.started""]",Module provides features.,"[""api"", ""module""]",2025-08-14,"[""PostgreSQL""]",Feature,feature-0106,"[{""method"": ""GET"", ""path"": ""/api/status""}]"
"[""app.started""]",Module provides features.,"[""api"", ""module""]",2025-08-14,"[""PostgreSQL""]",Feature,feature-0107,"[{""method"": ""GET"", ""path"": ""/api/status""}]"
"[""app.started""]",Module provides features.,"[""api"", ""module""]",2025-08-14,"[""PostgreSQL""]",Feature,feature-0108,"[{""method"": ""GET"", ""path"": ""/api/status""}]"
"[""app.started""]",Module provides features.,"[""api"", ""module""]",2025-08-14,"[""PostgreSQL""]",Feature,feature-0109,"[{""method"": ""GET"", ""path"": ""/api/status""}]"
"[""app.started""]",Module provides features.,"[""api"", ""module""]",2025-08-14,"[""PostgreSQL""]",Feature,feature-0110,"[{""method"": ""GET"", ""path"": ""/api/status""}]"
"[""app.started""]",Module provides features.,"[""api"", ""module""]",2025-08-14,"[""PostgreSQL""]",Feature,feature-0111,"[{""method"": ""GET"", ""path"": ""/api/status""}]"
"[""app.started""]",Module provides features.,"[""api"", ""module""]",2025-08-14,"[""PostgreSQL""]",Feature,feature-0112,"[{""method"": ""GET"", ""path"": ""/api/status""}]"
"[""app.started""]",Module provides features.,"[""api"", ""module""]",2025-08-14,"[""PostgreSQL""]",Feature,feature-0113,"[{""method"": ""GET"", ""path"": ""/api/status""}]"
"[""app.started""]",Module provides features.,"[""api"", ""module""]",2025-08-14,"[""PostgreSQL""]",Feature,feature-0114,"[{""method"": ""GET"", ""path"": ""/api/status""}]"
"[""app.started""]",Module provides features.,"[""api"", ""module""]",2025-08-14,"[""PostgreSQL""]",Feature,feature-0115,"[{""method"": ""GET"", ""path"": ""/api/status""}]"
"[""app.started""]",Module provides features.,"[""api"", ""module""]",2025-08-14,"[""PostgreSQL""]",Feature,feature-0116,"[{""method"": ""GET"", ""path"": ""/api/status""}]"
"[""app.started""]",Module provides features.,"[""api"", ""module""]",2025-08-14,"[""PostgreSQL""]",Feature,feature-0117,"[{""method"": ""GET"", ""path"": ""/api/status""}]"
"[""app.started""]",Module provides features.,"[""api"", ""module""]",2025-08-14,"[""PostgreSQL""]",Feature,feature-0118,"[{""method"": ""GET"", ""path"": ""/api/status""}]"
"[""app.started""]",Module provides features.,"[""api"", ""module""]",2025-08-14,"[""PostgreSQL""]",Feature,feature-0119,"[{""method"": ""GET"", ""path"": ""/api/status""}]"
"[""app.started""]",Module provides features.,"[""api"", ""module""]",2025-08-14,"[""PostgreSQL""]",Feature,feature-0120,"[{""method"": ""GET"", ""path"": ""/api/status""}]"
"[""app.started""]",Module provides features.,"[""api"", ""module""]",2025-08-14,"[""PostgreSQL""]",Feature,feature-0121,"[{""method"": ""GET"", ""path"": ""/api/status""}]"
"[""app.started""]",Module provides features.,"[""api"", ""module""]",2025-08-14,"[""PostgreSQL""]",Feature,feature-0122,"[{""method"": ""GET"", ""path"": ""/api/status""}]"
"[""app.started""]",Module provides features.,"[""api"", ""module""]",2025-08-14,"[""PostgreSQL""]",Feature,feature-0123,"[{""method"": ""GET"", ""path"": ""/api/status""}]"
"[""app.started""]",Module provides features.,"[""api"", ""module""]",2025-08-14,"[""PostgreSQL""]",Feature,feature-0124,"[{""method"": ""GET"", ""path"": ""/api/status""}]"
"[""app.started""]",Module provides features.,"[""api"", ""module""]",2025-08-14,"[""PostgreSQL""]",Feature,feature-0125,"[{""method"": ""GET"", ""path"": ""/api/status""}]"
"[""app.started""]",Module provides features.,"[""api"", ""module""]",2025-08-14,"[""PostgreSQL""]",Feature,feature-0126,"[{""method"": ""GET"", ""path"": ""/api/status""}]"
"[""app.started""]",Module provides features.,"[""api"", ""module""]",2025-08-14,"[""PostgreSQL""]",Feature,feature-0127,"[{""method"": ""GET"", ""path"": ""/api/status""}]"
"[""app.started""]",Module provides features.,"[""api"", ""module""]",2025-08-14,"[""PostgreSQL""]",Feature,feature-0128,"[{""method"": ""GET"", ""path"": ""/api/status""}]"
"[""app.started""]",Module provides features.,"[""api"", ""module""]",2025-08-14,"[""PostgreSQL""]",Feature,feature-0129,"[{""method"": ""GET"", ""path"": ""/api/status""}]"
"[""app.started""]",Module provides features.,"[""api"", ""module""]",2025-08-14,"[""PostgreSQL""]",Feature,feature-0130,"[{""method"": ""GET"", ""path"": ""/api/status""}]"
"[""app.started""]",Module provides features.,"[""api"", ""module""]",2025-08-14,"[""PostgreSQL""]",Feature,feature-0131,"[{""method"": ""GET"", ""path"": ""/api/status""}]"
"[""app.started""]",Module provides features.,"[""api"", ""module""]",2025-08-14,"[""PostgreSQL""]",Feature,feature-0132,"[{""method"": ""GET"", ""path"": ""/api/status""}]"
"[""app.started""]",Module provides features.,"[""api"", ""module""]",2025-08-14,"[""PostgreSQL""]",Feature,feature-0133,"[{""method"": ""GET"", ""path"": ""/api/status""}]"
"[""app.started""]",Module provides features.,"[""api"", ""module""]",2025-08-14,"[""PostgreSQL""]",Feature,feature-0134,"[{""method"": ""GET"", ""path"": ""/api/status""}]"
"[""app.started""]",Module provides features.,"[""api"", ""module""]",2025-08-14,"[""PostgreSQL""]",Feature,feature-0135,"[{""method"": ""GET"", ""path"": ""/api/status""}]"
"[""app.started""]",Module provides features.,"[""api"", ""module""]",2025-08-14,"[""PostgreSQL""]",Feature,feature-0136,"[{""method"": ""GET"", ""path"": ""/api/status""}]"
"[""app.started""]",Module provides features.,"[""api"", ""module""]",2025-08-14,"[""PostgreSQL""]",Feature,feature-0137,"[{""method"": ""GET"", ""path"": ""/api/status""}]"
"[""app.started""]",Module provides features.,"[""api"", ""module""]",2025-08-14,"[""PostgreSQL""]",Feature,feature-0138,"[{""method"": ""GET"", ""path"": ""/api/status""}]"
"[""app.started""]",Module provides features.,"[""api"", ""module""]",2025-08-14,"[""PostgreSQL""]",Feature,feature-0139,"[{""method"": ""GET"", ""path"": ""/api/status""}]"
"[""app.started""]",Module provides features.,"[""api"", ""module""]",2025-08-14,"[""PostgreSQL""]",Feature,feature-0140,"[{""method"": ""GET"", ""path"": ""/api/status""}]"
"[""app.started""]",Module provides features.,"[""api"", ""module""]",2025-08-14,"[""PostgreSQL""]",Feature,feature-0141,"[{""method"": ""GET"", ""path"": ""/api/status""}]"
"[""app.started""]",Module provides features.,"[""api"", ""module""]",2025-08-14,"[""PostgreSQL""]",Feature,feature-0142,"[{""method"": ""GET"", ""path"": ""/api/status""}]"
"[""app.started""]",Module provides features.,"[""api"", ""module""]",2025-08-14,"[""PostgreSQL""]",Feature,feature-0143,"[{""method"": ""GET"", ""path"": ""/api/status""}]"
"[""app.started""]",Module provides features.,"[""api"", ""module""]",2025-08-14,"[""PostgreSQL""]",Feature,feature-0144,"[{""method"": ""GET"", ""path"": ""/api/status""}]"
"[""app.started""]",Module provides features.,"[""api"", ""module""]",2025-08-14,"[""PostgreSQL""]",Feature,feature-0145,"[{""method"": ""GET"", ""path"": ""/api/status""}]"
"[""app.started""]",Module provides features.,"[""api"", ""module""]",2025-08-14,"[""PostgreSQL""]",Feature,feature-0146,"[{""method"": ""GET"", ""path"": ""/api/status""}]"
"[""app.started""]",Module provides features.,"[""api"", ""module""]",2025-08-14,"[""PostgreSQL""]",Feature,feature-0147,"[{""method"": ""GET"", ""path"": ""/api/status""}]"
"[""app.started""]",Module provides features.,"[""api"", ""module""]",2025-08-14,"[""PostgreSQL""]",Feature,feature-0148,"[{""method"": ""GET"", ""path"": ""/api/status""}]"
"[""app.started""]",Module provides features.,"[""api"", ""module""]",2025-08-14,"[""PostgreSQL""]",Feature,feature-0149,"[{""method"": ""GET"", ""path"": ""/api/status""}]"
"[""app.started""]",Module provides features.,"[""api"", ""module""]",2025-08-14,"[""PostgreSQL""]",Feature,feature-0150,"[{""method"": ""GET"", ""path"": ""/api/status""}]"
"[""app.started""]",Module provides features.,"[""api"", ""module""]",2025-08-14,"[""PostgreSQL""]",Feature,feature-0151,"[{""method"": ""GET"", ""path"": ""/api/status""}]"
"[""app.started""]",Module provides features.,"[""api"", ""module""]",2025-08-14,"[""PostgreSQL""]",Feature,feature-0152,"[{""method"": ""GET"", ""path"": ""/api/status""}]"
"[""app.started""]",Module provides features.,"[""api"", ""module""]",2025-08-14,"[""PostgreSQL""]",Feature,feature-0153,"[{""method"": ""GET"", ""path"": ""/api/status""}]"
"[""app.started""]",Module provides features.,"[""api"", ""module""]",2025-08-14,"[""PostgreSQL""]",Feature,feature-0154,"[{""method"": ""GET"", ""path"": ""/api/status""}]"
"[""app.started""]",Module provides features.,"[""api"", ""module""]",2025-08-14,"[""PostgreSQL""]",Feature,feature-0155,"[{""method"": ""GET"", ""path"": ""/api/status""}]"
"[""app.started""]",Module provides features.,"[""api"", ""module""]",2025-08-14,"[""PostgreSQL""]",Feature,feature-0156,"[{""method"": ""GET"", ""path"": ""/api/status""}]"
"[""app.started""]",Module provides features.,"[""api"", ""module""]",2025-08-14,"[""PostgreSQL""]",Feature,feature-0157,"[{""method"": ""GET"", ""path"": ""/api/status""}]"
"[""app.started""]",Module provides features.,"[""api"", ""module""]",2025-08-14,"[""PostgreSQL""]",Feature,feature-0158,"[{""method"": ""GET"", ""path"": ""/api/status""}]"
"[""app.started""]",Module provides features.,"[""api"", ""module""]",2025-08-14,"[""PostgreSQL""]",Feature,feature-0159,"[{""method"": ""GET"", ""path"": ""/api/status""}]"
"[""app.started""]",Module provides features.,"[""api"", ""module""]",2025-08-14,"[""PostgreSQL""]",Feature,feature-0160,"[{""method"": ""GET"", ""path"": ""/api/status""}]"
"[""app.started""]",Module provides features.,"[""api"", ""module""]",2025-08-14,"[""PostgreSQL""]",Feature,feature-0161,"[{""method"": ""GET"", ""path"": ""/api/status""}]"
"[""app.started""]",Module provides features.,"[""api"", ""module""]",2025-08-14,"[""PostgreSQL""]",Feature,feature-0162,"[{""method"": ""GET"", ""path"": ""/api/status""}]"
"[""app.started""]",Module provides features.,"[""api"", ""module""]",2025-08-14,"[""PostgreSQL""]",Feature,feature-0163,"[{""method"": ""GET"", ""path"": ""/api/status""}]"
"[""app.started""]",Module provides features.,"[""api"", ""module""]",2025-08-14,"[""PostgreSQL""]",Feature,feature-0164,"[{""method"": ""GET"", ""path"": ""/api/status""}]"
"[""app.started""]",Module provides features.,"[""api"", ""module""]",2025-08-14,"[""PostgreSQL""]",Feature,feature-0165,"[{""method"": ""GET"", ""path"": ""/api/status""}]"
"[""app.started""]",Module provides features.,"[""api"", ""module""]",2025-08-14,"[""PostgreSQL""]",Feature,feature-0166,"[{""method"": ""GET"", ""path"": ""/api/status""}]"
"[""app.started""]",Module provides features.,"[""api"", ""module""]",2025-08-14,"[""PostgreSQL""]",Feature,feature-0167,"[{""method"": ""GET"", ""path"": ""/api/status""}]"
"[""app.started""]",Module provides features.,"[""api"", ""module""]",2025-08-14,"[""PostgreSQL""]",Feature,feature-0168,"[{""method"": ""GET"", ""path"": ""/api/status""}]"
"[""app.started""]",Module provides features.,"[""api"", ""module""]",2025-08-14,"[""PostgreSQL""]",Feature,feature-0169,"[{""method"": ""GET"", ""path"": ""/api/status""}]"
"[""app.started""]",Module provides features.,"[""api"", ""module""]",2025-08-14,"[""PostgreSQL""]",Feature,feature-0170,"[{""method"": ""GET"", ""path"": ""/api/status""}]"
"[""app.started""]",Module provides features.,"[""api"", ""module""]",2025-08-14,"[""PostgreSQL""]",Feature,feature-0171,"[{""method"": ""GET"", ""path"": ""/api/status""}]"
"[""app.started""]",Module provides features.,"[""api"", ""module""]",2025-08-14,"[""PostgreSQL""]",Feature,feature-0172,"[{""method"": ""GET"", ""path"": ""/api/status""}]"
"[""app.started""]",Module provides features.,"[""api"", ""module""]",2025-08-14,"[""PostgreSQL""]",Feature,feature-0173,"[{""method"": ""GET"", ""path"": ""/api/status""}]"
"[""app.started""]",Module provides features.,"[""api"", ""module""]",2025-08-14,"[""PostgreSQL""]",Feature,feature-0174,"[{""method"": ""GET"", ""path"": ""/api/status""}]"
"[""app.started""]",Module provides features.,"[""api"", ""module""]",2025-08-14,"[""PostgreSQL""]",Feature,feature-0175,"[{""method"": ""GET"", ""path"": ""/api/status""}]"
"[""app.started""]",Module provides features.,"[""api"", ""module""]",2025-08-14,"[""PostgreSQL""]",Feature,feature-0176,"[{""method"": ""GET"", ""path"": ""/api/status""}]"
"[""app.started""]",Module provides features.,"[""api"", ""module""]",2025-08-14,"[""PostgreSQL""]",Feature,feature-0177,"[{""method"": ""GET"", ""path"": ""/api/status""}]"
"[""app.started""]",Module provides features.,"[""api"", ""module""]",2025-08-14,"[""PostgreSQL""]",Feature,feature-0178,"[{""method"": ""GET"", ""path"": ""/api/status""}]"
"[""app.started""]",Module provides features.,"[""api"", ""module""]",2025-08-14,"[""PostgreSQL""]",Feature,feature-0179,"[{""method"": ""GET"", ""path"": ""/api/status""}]"
"[""app.started""]",Module provides features.,"[""api"", ""module""]",2025-08-14,"[""PostgreSQL""]",Feature,feature-0180,"[{""method"": ""GET"", ""path"": ""/api/status""}]"
"[""app.started""]",Module provides features.,"[""api"", ""module""]",2025-08-14,"[""PostgreSQL""]",Feature,feature-0181,"[{""method"": ""GET"", ""path"": ""/api/status""}]"
"[""app.started""]",Module provides features.,"[""api"", ""module""]",2025-08-14,"[""PostgreSQL""]",Feature,feature-0182,"[{""method"": ""GET"", ""path"": ""/api/status""}]"
"[""app.started""]",Module provides features.,"[""api"", ""module""]",2025-08-14,"[""PostgreSQL""]",Feature,feature-0183,"[{""method"": ""GET"", ""path"": ""/api/status""}]"
"[""app.started""]",Module provides features.,"[""api"", ""module""]",2025-08-14,"[""PostgreSQL""]",Feature,feature-0184,"[{""method"": ""GET"", ""path"": ""/api/status""}]"
"[""app.started""]",Module provides features.,"[""api"", ""module""]",2025-08-14,"[""PostgreSQL""]",Feature,feature-0185,"[{""method"": ""GET"", ""path"": ""/api/status""}]"
"[""app.started""]",Module provides features.,"[""api"", ""module""]",2025-08-14,"[""PostgreSQL""]",Feature,feature-0186,"[{""method"": ""GET"", ""path"": ""/api/status""}]"
"[""app.started""]",Module provides features.,"[""api"", ""module""]",2025-08-14,"[""PostgreSQL""]",Feature,feature-0187,"[{""method"": ""GET"", ""path"": ""/api/status""}]"
"[""app.started""]",Module provides features.,"[""api"", ""module""]",2025-08-14,"[""PostgreSQL""]",Feature,feature-0188,"[{""method"": ""GET"", ""path"": ""/api/status""}]"
"[""app.started""]",Module provides features.,"[""api"", ""module""]",2025-08-14,"[""PostgreSQL""]",Feature,feature-0189,"[{""method"": ""GET"", ""path"": ""/api/status""}]"
"[""app.started""]",Module provides features.,"[""api"", ""module""]",2025-08-14,"[""PostgreSQL""]",Feature,feature-0190,"[{""method"": ""GET"", ""path"": ""/api/status""}]"
"[""app.started""]",Module provides features.,"[""api"", ""module""]",2025-08-14,"[""PostgreSQL""]",Feature,feature-0191,"[{""method"": ""GET"", ""path"": ""/api/status""}]"
"[""app.started""]",Module provides features.,"[""api"", ""module""]",2025-08-14,"[""PostgreSQL""]",Feature,feature-0192,"[{""method"": ""GET"", ""path"": ""/api/status""}]"
"[""app.started""]",Module provides features.,"[""api"", ""module""]",2025-08-14,"[""PostgreSQL""]",Feature,feature-0193,"[{""method"": ""GET"", ""path"": ""/api/status""}]"
"[""app.started""]",Module provides features.,"[""api"", ""module""]",2025-08-14,"[""PostgreSQL""]",Feature,feature-0194,"[{""method"": ""GET"", ""path"": ""/api/status""}]"
"[""app.started""]",Module provides features.,"[""api"", ""module""]",2025-08-14,"[""PostgreSQL""]",Feature,feature-0195,"[{""method"": ""GET"", ""path"": ""/api/status""}]"
"[""app.started""]",Module provides features.,"[""api"", ""module""]",2025-08-14,"[""PostgreSQL""]",Feature,feature-0196,"[{""method"": ""GET"", ""path"": ""/api/status""}]"
"[""app.started""]",Module provides features.,"[""api"", ""module""]",2025-08-14,"[""PostgreSQL""]",Feature,feature-0197,"[{""method"": ""GET"", ""path"": ""/api/status""}]"
"[""app.started""]",Module provides features.,"[""api"", ""module""]",2025-08-14,"[""PostgreSQL""]",Feature,feature-0198,"[{""method"": ""GET"", ""path"": ""/api/status""}]"
"[""app.started""]",Module provides features.,"[""api"", ""module""]",2025-08-14,"[""PostgreSQL""]",Feature,feature-0199,"[{""method"": ""GET"", ""path"": ""/api/status""}]"
"[""app.started""]",Module provides features.,"[""api"", ""module""]",2025-08-14,"[""PostgreSQL""]",Feature,feature-0200,"[{""method"": ""GET"", ""path"": ""/api/status""}]"
"[""app.started""]",Module provides features.,"[""api"", ""module""]",2025-08-14,"[""PostgreSQL""]",Feature,feature-0201,"[{""method"": ""GET"", ""path"": ""/api/status""}]"
"[""app.started""]",Module provides features.,"[""api"", ""module""]",2025-08-14,"[""PostgreSQL""]",Feature,feature-0202,"[{""method"": ""GET"", ""path"": ""/api/status""}]"
"[""app.started""]",Module provides features.,"[""api"", ""module""]",2025-08-14,"[""PostgreSQL""]",Feature,feature-0203,"[{""method"": ""GET"", ""path"": ""/api/status""}]"
"[""app.started""]",Module provides features.,"[""api"", ""module""]",2025-08-14,"[""PostgreSQL""]",Feature,feature-0204,"[{""method"": ""GET"", ""path"": ""/api/status""}]"
"[""app.started""]",Module provides features.,"[""api"", ""module""]",2025-08-14,"[""PostgreSQL""]",Feature,feature-0205,"[{""method"": ""GET"", ""path"": ""/api/status""}]"
"[""app.started""]",Module provides features.,"[""api"", ""module""]",2025-08-14,"[""PostgreSQL""]",Feature,feature-0206,"[{""method"": ""GET"", ""path"": ""/api/status""}]"
"[""app.started""]",Module provides features.,"[""api"", ""module""]",2025-08-14,"[""PostgreSQL""]",Feature,feature-0207,"[{""method"": ""GET"", ""path"": ""/api/status""}]"
"[""app.started""]",Module provides features.,"[""api"", ""module""]",2025-08-14,"[""PostgreSQL""]",Feature,feature-0208,"[{""method"": ""GET"", ""path"": ""/api/status""}]"
"[""app.started""]",Module provides features.,"[""api"", ""module""]",2025-08-14,"[""PostgreSQL""]",Feature,feature-0209,"[{""method"": ""GET"", ""path"": ""/api/status""}]"
"[""app.started""]",Module provides features.,"[""api"", ""module""]",2025-08-14,"[""PostgreSQL""]",Feature,feature-0210,"[{""method"": ""GET"", ""path"": ""/api/status""}]"
"[""app.started""]",Module provides features.,"[""api"", ""module""]",2025-08-14,"[""PostgreSQL""]",Feature,feature-0211,"[{""method"": ""GET"", ""path"": ""/api/status""}]"
"[""app.started""]",Module provides features.,"[""api"", ""module""]",2025-08-14,"[""PostgreSQL""]",Feature,feature-0212,"[{""method"": ""GET"", ""path"": ""/api/status""}]"
"[""app.started""]",Module provides features.,"[""api"", ""module""]",2025-08-14,"[""PostgreSQL""]",Feature,feature-0213,"[{""method"": ""GET"", ""path"": ""/api/status""}]"
"[""app.started""]",Module provides features.,"[""api"", ""module""]",2025-08-14,"[""PostgreSQL""]",Feature,feature-0214,"[{""method"": ""GET"", ""path"": ""/api/status""}]"
"[""app.started""]",Module provides features.,"[""api"", ""module""]",2025-08-14,"[""PostgreSQL""]",Feature,feature-0215,"[{""method"": ""GET"", ""path"": ""/api/status""}]"
"[""app.started""]",Module provides features.,"[""api"", ""module""]",2025-08-14,"[""PostgreSQL""]",Feature,feature-0216,"[{""method"": ""GET"", ""path"": ""/api/status""}]"
"[""app.started""]",Module provides features.,"[""api"", ""module""]",2025-08-14,"[""PostgreSQL""]",Feature,feature-0217,"[{""method"": ""GET"", ""path"": ""/api/status""}]"
"[""app.started""]",Module provides features.,"[""api"", ""module""]",2025-08-14,"[""PostgreSQL""]",Feature,feature-0218,"[{""method"": ""GET"", ""path"": ""/api/status""}]"
"[""app.started""]",Module provides features.,"[""api"", ""module""]",2025-08-14,"[""PostgreSQL""]",Feature,feature-0219,"[{""method"": ""GET"", ""path"": ""/api/status""}]"
"[""app.started""]",Module provides features.,"[""api"", ""module""]",2025-08-14,"[""PostgreSQL""]",Feature,feature-0220,"[{""method"": ""GET"", ""path"": ""/api/status""}]"
