support_docs,tags,last_updated,training_steps,brand,category,onboarding_checklist,id,pricing
"[{""title"": ""Guide"", ""url"": ""https://example.com/guide.pdf""}]","[""training"", ""onboarding"", ""pricing""]",2025-08-14,"[""Week 1: Safety"", ""Week 2: Ops"", ""Week 3: Service"", ""Week 4: Marketing""]",Bold & Buff,Franchise Packet,"[""EIN"", ""Insurance"", ""Starter kit""]",fr-0001,"{""franchise_fee_usd"": 5000, ""royalty_pct"": 8, ""ad_fund_pct"": 3}"
"[{""title"": ""Guide"", ""url"": ""https://example.com/guide.pdf""}]","[""training"", ""onboarding"", ""pricing""]",2025-08-14,"[""Week 1: Safety"", ""Week 2: Ops"", ""Week 3: Service"", ""Week 4: Marketing""]",Bold & Buff,Franchise Packet,"[""EIN"", ""Insurance"", ""Starter kit""]",fr-0002,"{""franchise_fee_usd"": 2500, ""royalty_pct"": 8, ""ad_fund_pct"": 3}"
"[{""title"": ""Guide"", ""url"": ""https://example.com/guide.pdf""}]","[""training"", ""onboarding"", ""pricing""]",2025-08-14,"[""Week 1: Safety"", ""Week 2: Ops"", ""Week 3: Service"", ""Week 4: Marketing""]",Bold & Buff,Franchise Packet,"[""EIN"", ""Insurance"", ""Starter kit""]",fr-0003,"{""franchise_fee_usd"": 2500, ""royalty_pct"": 8, ""ad_fund_pct"": 2}"
"[{""title"": ""Guide"", ""url"": ""https://example.com/guide.pdf""}]","[""training"", ""onboarding"", ""pricing""]",2025-08-14,"[""Week 1: Safety"", ""Week 2: Ops"", ""Week 3: Service"", ""Week 4: Marketing""]",Bold & Buff,Franchise Packet,"[""EIN"", ""Insurance"", ""Starter kit""]",fr-0004,"{""franchise_fee_usd"": 7500, ""royalty_pct"": 7, ""ad_fund_pct"": 3}"
"[{""title"": ""Guide"", ""url"": ""https://example.com/guide.pdf""}]","[""training"", ""onboarding"", ""pricing""]",2025-08-14,"[""Week 1: Safety"", ""Week 2: Ops"", ""Week 3: Service"", ""Week 4: Marketing""]",Bold & Buff,Franchise Packet,"[""EIN"", ""Insurance"", ""Starter kit""]",fr-0005,"{""franchise_fee_usd"": 5000, ""royalty_pct"": 6, ""ad_fund_pct"": 2}"
"[{""title"": ""Guide"", ""url"": ""https://example.com/guide.pdf""}]","[""training"", ""onboarding"", ""pricing""]",2025-08-14,"[""Week 1: Safety"", ""Week 2: Ops"", ""Week 3: Service"", ""Week 4: Marketing""]",Bold & Buff,Franchise Packet,"[""EIN"", ""Insurance"", ""Starter kit""]",fr-0006,"{""franchise_fee_usd"": 5000, ""royalty_pct"": 6, ""ad_fund_pct"": 1}"
"[{""title"": ""Guide"", ""url"": ""https://example.com/guide.pdf""}]","[""training"", ""onboarding"", ""pricing""]",2025-08-14,"[""Week 1: Safety"", ""Week 2: Ops"", ""Week 3: Service"", ""Week 4: Marketing""]",Bold & Buff,Franchise Packet,"[""EIN"", ""Insurance"", ""Starter kit""]",fr-0007,"{""franchise_fee_usd"": 7500, ""royalty_pct"": 7, ""ad_fund_pct"": 3}"
"[{""title"": ""Guide"", ""url"": ""https://example.com/guide.pdf""}]","[""training"", ""onboarding"", ""pricing""]",2025-08-14,"[""Week 1: Safety"", ""Week 2: Ops"", ""Week 3: Service"", ""Week 4: Marketing""]",Bold & Buff,Franchise Packet,"[""EIN"", ""Insurance"", ""Starter kit""]",fr-0008,"{""franchise_fee_usd"": 7500, ""royalty_pct"": 7, ""ad_fund_pct"": 3}"
"[{""title"": ""Guide"", ""url"": ""https://example.com/guide.pdf""}]","[""training"", ""onboarding"", ""pricing""]",2025-08-14,"[""Week 1: Safety"", ""Week 2: Ops"", ""Week 3: Service"", ""Week 4: Marketing""]",Bold & Buff,Franchise Packet,"[""EIN"", ""Insurance"", ""Starter kit""]",fr-0009,"{""franchise_fee_usd"": 5000, ""royalty_pct"": 6, ""ad_fund_pct"": 2}"
"[{""title"": ""Guide"", ""url"": ""https://example.com/guide.pdf""}]","[""training"", ""onboarding"", ""pricing""]",2025-08-14,"[""Week 1: Safety"", ""Week 2: Ops"", ""Week 3: Service"", ""Week 4: Marketing""]",Bold & Buff,Franchise Packet,"[""EIN"", ""Insurance"", ""Starter kit""]",fr-0010,"{""franchise_fee_usd"": 2500, ""royalty_pct"": 7, ""ad_fund_pct"": 3}"
"[{""title"": ""Guide"", ""url"": ""https://example.com/guide.pdf""}]","[""training"", ""onboarding"", ""pricing""]",2025-08-14,"[""Week 1: Safety"", ""Week 2: Ops"", ""Week 3: Service"", ""Week 4: Marketing""]",Bold & Buff,Franchise Packet,"[""EIN"", ""Insurance"", ""Starter kit""]",fr-0011,"{""franchise_fee_usd"": 2500, ""royalty_pct"": 6, ""ad_fund_pct"": 1}"
"[{""title"": ""Guide"", ""url"": ""https://example.com/guide.pdf""}]","[""training"", ""onboarding"", ""pricing""]",2025-08-14,"[""Week 1: Safety"", ""Week 2: Ops"", ""Week 3: Service"", ""Week 4: Marketing""]",Bold & Buff,Franchise Packet,"[""EIN"", ""Insurance"", ""Starter kit""]",fr-0012,"{""franchise_fee_usd"": 5000, ""royalty_pct"": 6, ""ad_fund_pct"": 2}"
"[{""title"": ""Guide"", ""url"": ""https://example.com/guide.pdf""}]","[""training"", ""onboarding"", ""pricing""]",2025-08-14,"[""Week 1: Safety"", ""Week 2: Ops"", ""Week 3: Service"", ""Week 4: Marketing""]",Bold & Buff,Franchise Packet,"[""EIN"", ""Insurance"", ""Starter kit""]",fr-0013,"{""franchise_fee_usd"": 5000, ""royalty_pct"": 7, ""ad_fund_pct"": 2}"
"[{""title"": ""Guide"", ""url"": ""https://example.com/guide.pdf""}]","[""training"", ""onboarding"", ""pricing""]",2025-08-14,"[""Week 1: Safety"", ""Week 2: Ops"", ""Week 3: Service"", ""Week 4: Marketing""]",Bold & Buff,Franchise Packet,"[""EIN"", ""Insurance"", ""Starter kit""]",fr-0014,"{""franchise_fee_usd"": 7500, ""royalty_pct"": 6, ""ad_fund_pct"": 3}"
"[{""title"": ""Guide"", ""url"": ""https://example.com/guide.pdf""}]","[""training"", ""onboarding"", ""pricing""]",2025-08-14,"[""Week 1: Safety"", ""Week 2: Ops"", ""Week 3: Service"", ""Week 4: Marketing""]",Bold & Buff,Franchise Packet,"[""EIN"", ""Insurance"", ""Starter kit""]",fr-0015,"{""franchise_fee_usd"": 7500, ""royalty_pct"": 7, ""ad_fund_pct"": 1}"
"[{""title"": ""Guide"", ""url"": ""https://example.com/guide.pdf""}]","[""training"", ""onboarding"", ""pricing""]",2025-08-14,"[""Week 1: Safety"", ""Week 2: Ops"", ""Week 3: Service"", ""Week 4: Marketing""]",Bold & Buff,Franchise Packet,"[""EIN"", ""Insurance"", ""Starter kit""]",fr-0016,"{""franchise_fee_usd"": 2500, ""royalty_pct"": 7, ""ad_fund_pct"": 3}"
"[{""title"": ""Guide"", ""url"": ""https://example.com/guide.pdf""}]","[""training"", ""onboarding"", ""pricing""]",2025-08-14,"[""Week 1: Safety"", ""Week 2: Ops"", ""Week 3: Service"", ""Week 4: Marketing""]",Bold & Buff,Franchise Packet,"[""EIN"", ""Insurance"", ""Starter kit""]",fr-0017,"{""franchise_fee_usd"": 2500, ""royalty_pct"": 7, ""ad_fund_pct"": 3}"
"[{""title"": ""Guide"", ""url"": ""https://example.com/guide.pdf""}]","[""training"", ""onboarding"", ""pricing""]",2025-08-14,"[""Week 1: Safety"", ""Week 2: Ops"", ""Week 3: Service"", ""Week 4: Marketing""]",Bold & Buff,Franchise Packet,"[""EIN"", ""Insurance"", ""Starter kit""]",fr-0018,"{""franchise_fee_usd"": 5000, ""royalty_pct"": 8, ""ad_fund_pct"": 3}"
"[{""title"": ""Guide"", ""url"": ""https://example.com/guide.pdf""}]","[""training"", ""onboarding"", ""pricing""]",2025-08-14,"[""Week 1: Safety"", ""Week 2: Ops"", ""Week 3: Service"", ""Week 4: Marketing""]",Bold & Buff,Franchise Packet,"[""EIN"", ""Insurance"", ""Starter kit""]",fr-0019,"{""franchise_fee_usd"": 5000, ""royalty_pct"": 6, ""ad_fund_pct"": 1}"
"[{""title"": ""Guide"", ""url"": ""https://example.com/guide.pdf""}]","[""training"", ""onboarding"", ""pricing""]",2025-08-14,"[""Week 1: Safety"", ""Week 2: Ops"", ""Week 3: Service"", ""Week 4: Marketing""]",Bold & Buff,Franchise Packet,"[""EIN"", ""Insurance"", ""Starter kit""]",fr-0020,"{""franchise_fee_usd"": 5000, ""royalty_pct"": 6, ""ad_fund_pct"": 2}"
"[{""title"": ""Guide"", ""url"": ""https://example.com/guide.pdf""}]","[""training"", ""onboarding"", ""pricing""]",2025-08-14,"[""Week 1: Safety"", ""Week 2: Ops"", ""Week 3: Service"", ""Week 4: Marketing""]",Bold & Buff,Franchise Packet,"[""EIN"", ""Insurance"", ""Starter kit""]",fr-0021,"{""franchise_fee_usd"": 2500, ""royalty_pct"": 7, ""ad_fund_pct"": 2}"
"[{""title"": ""Guide"", ""url"": ""https://example.com/guide.pdf""}]","[""training"", ""onboarding"", ""pricing""]",2025-08-14,"[""Week 1: Safety"", ""Week 2: Ops"", ""Week 3: Service"", ""Week 4: Marketing""]",Bold & Buff,Franchise Packet,"[""EIN"", ""Insurance"", ""Starter kit""]",fr-0022,"{""franchise_fee_usd"": 2500, ""royalty_pct"": 8, ""ad_fund_pct"": 2}"
"[{""title"": ""Guide"", ""url"": ""https://example.com/guide.pdf""}]","[""training"", ""onboarding"", ""pricing""]",2025-08-14,"[""Week 1: Safety"", ""Week 2: Ops"", ""Week 3: Service"", ""Week 4: Marketing""]",Bold & Buff,Franchise Packet,"[""EIN"", ""Insurance"", ""Starter kit""]",fr-0023,"{""franchise_fee_usd"": 7500, ""royalty_pct"": 7, ""ad_fund_pct"": 1}"
"[{""title"": ""Guide"", ""url"": ""https://example.com/guide.pdf""}]","[""training"", ""onboarding"", ""pricing""]",2025-08-14,"[""Week 1: Safety"", ""Week 2: Ops"", ""Week 3: Service"", ""Week 4: Marketing""]",Bold & Buff,Franchise Packet,"[""EIN"", ""Insurance"", ""Starter kit""]",fr-0024,"{""franchise_fee_usd"": 7500, ""royalty_pct"": 7, ""ad_fund_pct"": 3}"
"[{""title"": ""Guide"", ""url"": ""https://example.com/guide.pdf""}]","[""training"", ""onboarding"", ""pricing""]",2025-08-14,"[""Week 1: Safety"", ""Week 2: Ops"", ""Week 3: Service"", ""Week 4: Marketing""]",Bold & Buff,Franchise Packet,"[""EIN"", ""Insurance"", ""Starter kit""]",fr-0025,"{""franchise_fee_usd"": 7500, ""royalty_pct"": 7, ""ad_fund_pct"": 2}"
"[{""title"": ""Guide"", ""url"": ""https://example.com/guide.pdf""}]","[""training"", ""onboarding"", ""pricing""]",2025-08-14,"[""Week 1: Safety"", ""Week 2: Ops"", ""Week 3: Service"", ""Week 4: Marketing""]",Bold & Buff,Franchise Packet,"[""EIN"", ""Insurance"", ""Starter kit""]",fr-0026,"{""franchise_fee_usd"": 2500, ""royalty_pct"": 7, ""ad_fund_pct"": 2}"
"[{""title"": ""Guide"", ""url"": ""https://example.com/guide.pdf""}]","[""training"", ""onboarding"", ""pricing""]",2025-08-14,"[""Week 1: Safety"", ""Week 2: Ops"", ""Week 3: Service"", ""Week 4: Marketing""]",Bold & Buff,Franchise Packet,"[""EIN"", ""Insurance"", ""Starter kit""]",fr-0027,"{""franchise_fee_usd"": 5000, ""royalty_pct"": 6, ""ad_fund_pct"": 3}"
"[{""title"": ""Guide"", ""url"": ""https://example.com/guide.pdf""}]","[""training"", ""onboarding"", ""pricing""]",2025-08-14,"[""Week 1: Safety"", ""Week 2: Ops"", ""Week 3: Service"", ""Week 4: Marketing""]",Bold & Buff,Franchise Packet,"[""EIN"", ""Insurance"", ""Starter kit""]",fr-0028,"{""franchise_fee_usd"": 2500, ""royalty_pct"": 8, ""ad_fund_pct"": 3}"
"[{""title"": ""Guide"", ""url"": ""https://example.com/guide.pdf""}]","[""training"", ""onboarding"", ""pricing""]",2025-08-14,"[""Week 1: Safety"", ""Week 2: Ops"", ""Week 3: Service"", ""Week 4: Marketing""]",Bold & Buff,Franchise Packet,"[""EIN"", ""Insurance"", ""Starter kit""]",fr-0029,"{""franchise_fee_usd"": 5000, ""royalty_pct"": 8, ""ad_fund_pct"": 2}"
"[{""title"": ""Guide"", ""url"": ""https://example.com/guide.pdf""}]","[""training"", ""onboarding"", ""pricing""]",2025-08-14,"[""Week 1: Safety"", ""Week 2: Ops"", ""Week 3: Service"", ""Week 4: Marketing""]",Bold & Buff,Franchise Packet,"[""EIN"", ""Insurance"", ""Starter kit""]",fr-0030,"{""franchise_fee_usd"": 2500, ""royalty_pct"": 6, ""ad_fund_pct"": 3}"
"[{""title"": ""Guide"", ""url"": ""https://example.com/guide.pdf""}]","[""training"", ""onboarding"", ""pricing""]",2025-08-14,"[""Week 1: Safety"", ""Week 2: Ops"", ""Week 3: Service"", ""Week 4: Marketing""]",Bold & Buff,Franchise Packet,"[""EIN"", ""Insurance"", ""Starter kit""]",fr-0031,"{""franchise_fee_usd"": 2500, ""royalty_pct"": 6, ""ad_fund_pct"": 1}"
"[{""title"": ""Guide"", ""url"": ""https://example.com/guide.pdf""}]","[""training"", ""onboarding"", ""pricing""]",2025-08-14,"[""Week 1: Safety"", ""Week 2: Ops"", ""Week 3: Service"", ""Week 4: Marketing""]",Bold & Buff,Franchise Packet,"[""EIN"", ""Insurance"", ""Starter kit""]",fr-0032,"{""franchise_fee_usd"": 5000, ""royalty_pct"": 8, ""ad_fund_pct"": 1}"
"[{""title"": ""Guide"", ""url"": ""https://example.com/guide.pdf""}]","[""training"", ""onboarding"", ""pricing""]",2025-08-14,"[""Week 1: Safety"", ""Week 2: Ops"", ""Week 3: Service"", ""Week 4: Marketing""]",Bold & Buff,Franchise Packet,"[""EIN"", ""Insurance"", ""Starter kit""]",fr-0033,"{""franchise_fee_usd"": 7500, ""royalty_pct"": 7, ""ad_fund_pct"": 2}"
"[{""title"": ""Guide"", ""url"": ""https://example.com/guide.pdf""}]","[""training"", ""onboarding"", ""pricing""]",2025-08-14,"[""Week 1: Safety"", ""Week 2: Ops"", ""Week 3: Service"", ""Week 4: Marketing""]",Bold & Buff,Franchise Packet,"[""EIN"", ""Insurance"", ""Starter kit""]",fr-0034,"{""franchise_fee_usd"": 5000, ""royalty_pct"": 7, ""ad_fund_pct"": 1}"
"[{""title"": ""Guide"", ""url"": ""https://example.com/guide.pdf""}]","[""training"", ""onboarding"", ""pricing""]",2025-08-14,"[""Week 1: Safety"", ""Week 2: Ops"", ""Week 3: Service"", ""Week 4: Marketing""]",Bold & Buff,Franchise Packet,"[""EIN"", ""Insurance"", ""Starter kit""]",fr-0035,"{""franchise_fee_usd"": 2500, ""royalty_pct"": 6, ""ad_fund_pct"": 1}"
"[{""title"": ""Guide"", ""url"": ""https://example.com/guide.pdf""}]","[""training"", ""onboarding"", ""pricing""]",2025-08-14,"[""Week 1: Safety"", ""Week 2: Ops"", ""Week 3: Service"", ""Week 4: Marketing""]",Bold & Buff,Franchise Packet,"[""EIN"", ""Insurance"", ""Starter kit""]",fr-0036,"{""franchise_fee_usd"": 7500, ""royalty_pct"": 8, ""ad_fund_pct"": 2}"
"[{""title"": ""Guide"", ""url"": ""https://example.com/guide.pdf""}]","[""training"", ""onboarding"", ""pricing""]",2025-08-14,"[""Week 1: Safety"", ""Week 2: Ops"", ""Week 3: Service"", ""Week 4: Marketing""]",Bold & Buff,Franchise Packet,"[""EIN"", ""Insurance"", ""Starter kit""]",fr-0037,"{""franchise_fee_usd"": 5000, ""royalty_pct"": 6, ""ad_fund_pct"": 1}"
"[{""title"": ""Guide"", ""url"": ""https://example.com/guide.pdf""}]","[""training"", ""onboarding"", ""pricing""]",2025-08-14,"[""Week 1: Safety"", ""Week 2: Ops"", ""Week 3: Service"", ""Week 4: Marketing""]",Bold & Buff,Franchise Packet,"[""EIN"", ""Insurance"", ""Starter kit""]",fr-0038,"{""franchise_fee_usd"": 7500, ""royalty_pct"": 8, ""ad_fund_pct"": 1}"
"[{""title"": ""Guide"", ""url"": ""https://example.com/guide.pdf""}]","[""training"", ""onboarding"", ""pricing""]",2025-08-14,"[""Week 1: Safety"", ""Week 2: Ops"", ""Week 3: Service"", ""Week 4: Marketing""]",Bold & Buff,Franchise Packet,"[""EIN"", ""Insurance"", ""Starter kit""]",fr-0039,"{""franchise_fee_usd"": 7500, ""royalty_pct"": 7, ""ad_fund_pct"": 2}"
"[{""title"": ""Guide"", ""url"": ""https://example.com/guide.pdf""}]","[""training"", ""onboarding"", ""pricing""]",2025-08-14,"[""Week 1: Safety"", ""Week 2: Ops"", ""Week 3: Service"", ""Week 4: Marketing""]",Bold & Buff,Franchise Packet,"[""EIN"", ""Insurance"", ""Starter kit""]",fr-0040,"{""franchise_fee_usd"": 2500, ""royalty_pct"": 8, ""ad_fund_pct"": 3}"
"[{""title"": ""Guide"", ""url"": ""https://example.com/guide.pdf""}]","[""training"", ""onboarding"", ""pricing""]",2025-08-14,"[""Week 1: Safety"", ""Week 2: Ops"", ""Week 3: Service"", ""Week 4: Marketing""]",Bold & Buff,Franchise Packet,"[""EIN"", ""Insurance"", ""Starter kit""]",fr-0041,"{""franchise_fee_usd"": 5000, ""royalty_pct"": 6, ""ad_fund_pct"": 1}"
"[{""title"": ""Guide"", ""url"": ""https://example.com/guide.pdf""}]","[""training"", ""onboarding"", ""pricing""]",2025-08-14,"[""Week 1: Safety"", ""Week 2: Ops"", ""Week 3: Service"", ""Week 4: Marketing""]",Bold & Buff,Franchise Packet,"[""EIN"", ""Insurance"", ""Starter kit""]",fr-0042,"{""franchise_fee_usd"": 7500, ""royalty_pct"": 7, ""ad_fund_pct"": 2}"
"[{""title"": ""Guide"", ""url"": ""https://example.com/guide.pdf""}]","[""training"", ""onboarding"", ""pricing""]",2025-08-14,"[""Week 1: Safety"", ""Week 2: Ops"", ""Week 3: Service"", ""Week 4: Marketing""]",Bold & Buff,Franchise Packet,"[""EIN"", ""Insurance"", ""Starter kit""]",fr-0043,"{""franchise_fee_usd"": 5000, ""royalty_pct"": 7, ""ad_fund_pct"": 2}"
"[{""title"": ""Guide"", ""url"": ""https://example.com/guide.pdf""}]","[""training"", ""onboarding"", ""pricing""]",2025-08-14,"[""Week 1: Safety"", ""Week 2: Ops"", ""Week 3: Service"", ""Week 4: Marketing""]",Bold & Buff,Franchise Packet,"[""EIN"", ""Insurance"", ""Starter kit""]",fr-0044,"{""franchise_fee_usd"": 5000, ""royalty_pct"": 6, ""ad_fund_pct"": 2}"
"[{""title"": ""Guide"", ""url"": ""https://example.com/guide.pdf""}]","[""training"", ""onboarding"", ""pricing""]",2025-08-14,"[""Week 1: Safety"", ""Week 2: Ops"", ""Week 3: Service"", ""Week 4: Marketing""]",Bold & Buff,Franchise Packet,"[""EIN"", ""Insurance"", ""Starter kit""]",fr-0045,"{""franchise_fee_usd"": 2500, ""royalty_pct"": 7, ""ad_fund_pct"": 1}"
"[{""title"": ""Guide"", ""url"": ""https://example.com/guide.pdf""}]","[""training"", ""onboarding"", ""pricing""]",2025-08-14,"[""Week 1: Safety"", ""Week 2: Ops"", ""Week 3: Service"", ""Week 4: Marketing""]",Bold & Buff,Franchise Packet,"[""EIN"", ""Insurance"", ""Starter kit""]",fr-0046,"{""franchise_fee_usd"": 5000, ""royalty_pct"": 8, ""ad_fund_pct"": 2}"
"[{""title"": ""Guide"", ""url"": ""https://example.com/guide.pdf""}]","[""training"", ""onboarding"", ""pricing""]",2025-08-14,"[""Week 1: Safety"", ""Week 2: Ops"", ""Week 3: Service"", ""Week 4: Marketing""]",Bold & Buff,Franchise Packet,"[""EIN"", ""Insurance"", ""Starter kit""]",fr-0047,"{""franchise_fee_usd"": 5000, ""royalty_pct"": 6, ""ad_fund_pct"": 3}"
"[{""title"": ""Guide"", ""url"": ""https://example.com/guide.pdf""}]","[""training"", ""onboarding"", ""pricing""]",2025-08-14,"[""Week 1: Safety"", ""Week 2: Ops"", ""Week 3: Service"", ""Week 4: Marketing""]",Bold & Buff,Franchise Packet,"[""EIN"", ""Insurance"", ""Starter kit""]",fr-0048,"{""franchise_fee_usd"": 2500, ""royalty_pct"": 6, ""ad_fund_pct"": 3}"
"[{""title"": ""Guide"", ""url"": ""https://example.com/guide.pdf""}]","[""training"", ""onboarding"", ""pricing""]",2025-08-14,"[""Week 1: Safety"", ""Week 2: Ops"", ""Week 3: Service"", ""Week 4: Marketing""]",Bold & Buff,Franchise Packet,"[""EIN"", ""Insurance"", ""Starter kit""]",fr-0049,"{""franchise_fee_usd"": 2500, ""royalty_pct"": 6, ""ad_fund_pct"": 2}"
"[{""title"": ""Guide"", ""url"": ""https://example.com/guide.pdf""}]","[""training"", ""onboarding"", ""pricing""]",2025-08-14,"[""Week 1: Safety"", ""Week 2: Ops"", ""Week 3: Service"", ""Week 4: Marketing""]",Bold & Buff,Franchise Packet,"[""EIN"", ""Insurance"", ""Starter kit""]",fr-0050,"{""franchise_fee_usd"": 5000, ""royalty_pct"": 6, ""ad_fund_pct"": 3}"
"[{""title"": ""Guide"", ""url"": ""https://example.com/guide.pdf""}]","[""training"", ""onboarding"", ""pricing""]",2025-08-14,"[""Week 1: Safety"", ""Week 2: Ops"", ""Week 3: Service"", ""Week 4: Marketing""]",Bold & Buff,Franchise Packet,"[""EIN"", ""Insurance"", ""Starter kit""]",fr-0051,"{""franchise_fee_usd"": 7500, ""royalty_pct"": 6, ""ad_fund_pct"": 1}"
"[{""title"": ""Guide"", ""url"": ""https://example.com/guide.pdf""}]","[""training"", ""onboarding"", ""pricing""]",2025-08-14,"[""Week 1: Safety"", ""Week 2: Ops"", ""Week 3: Service"", ""Week 4: Marketing""]",Bold & Buff,Franchise Packet,"[""EIN"", ""Insurance"", ""Starter kit""]",fr-0052,"{""franchise_fee_usd"": 7500, ""royalty_pct"": 7, ""ad_fund_pct"": 3}"
"[{""title"": ""Guide"", ""url"": ""https://example.com/guide.pdf""}]","[""training"", ""onboarding"", ""pricing""]",2025-08-14,"[""Week 1: Safety"", ""Week 2: Ops"", ""Week 3: Service"", ""Week 4: Marketing""]",Bold & Buff,Franchise Packet,"[""EIN"", ""Insurance"", ""Starter kit""]",fr-0053,"{""franchise_fee_usd"": 5000, ""royalty_pct"": 7, ""ad_fund_pct"": 1}"
"[{""title"": ""Guide"", ""url"": ""https://example.com/guide.pdf""}]","[""training"", ""onboarding"", ""pricing""]",2025-08-14,"[""Week 1: Safety"", ""Week 2: Ops"", ""Week 3: Service"", ""Week 4: Marketing""]",Bold & Buff,Franchise Packet,"[""EIN"", ""Insurance"", ""Starter kit""]",fr-0054,"{""franchise_fee_usd"": 7500, ""royalty_pct"": 8, ""ad_fund_pct"": 2}"
"[{""title"": ""Guide"", ""url"": ""https://example.com/guide.pdf""}]","[""training"", ""onboarding"", ""pricing""]",2025-08-14,"[""Week 1: Safety"", ""Week 2: Ops"", ""Week 3: Service"", ""Week 4: Marketing""]",Bold & Buff,Franchise Packet,"[""EIN"", ""Insurance"", ""Starter kit""]",fr-0055,"{""franchise_fee_usd"": 2500, ""royalty_pct"": 7, ""ad_fund_pct"": 1}"
"[{""title"": ""Guide"", ""url"": ""https://example.com/guide.pdf""}]","[""training"", ""onboarding"", ""pricing""]",2025-08-14,"[""Week 1: Safety"", ""Week 2: Ops"", ""Week 3: Service"", ""Week 4: Marketing""]",Bold & Buff,Franchise Packet,"[""EIN"", ""Insurance"", ""Starter kit""]",fr-0056,"{""franchise_fee_usd"": 7500, ""royalty_pct"": 7, ""ad_fund_pct"": 1}"
"[{""title"": ""Guide"", ""url"": ""https://example.com/guide.pdf""}]","[""training"", ""onboarding"", ""pricing""]",2025-08-14,"[""Week 1: Safety"", ""Week 2: Ops"", ""Week 3: Service"", ""Week 4: Marketing""]",Bold & Buff,Franchise Packet,"[""EIN"", ""Insurance"", ""Starter kit""]",fr-0057,"{""franchise_fee_usd"": 2500, ""royalty_pct"": 7, ""ad_fund_pct"": 1}"
"[{""title"": ""Guide"", ""url"": ""https://example.com/guide.pdf""}]","[""training"", ""onboarding"", ""pricing""]",2025-08-14,"[""Week 1: Safety"", ""Week 2: Ops"", ""Week 3: Service"", ""Week 4: Marketing""]",Bold & Buff,Franchise Packet,"[""EIN"", ""Insurance"", ""Starter kit""]",fr-0058,"{""franchise_fee_usd"": 7500, ""royalty_pct"": 8, ""ad_fund_pct"": 3}"
"[{""title"": ""Guide"", ""url"": ""https://example.com/guide.pdf""}]","[""training"", ""onboarding"", ""pricing""]",2025-08-14,"[""Week 1: Safety"", ""Week 2: Ops"", ""Week 3: Service"", ""Week 4: Marketing""]",Bold & Buff,Franchise Packet,"[""EIN"", ""Insurance"", ""Starter kit""]",fr-0059,"{""franchise_fee_usd"": 2500, ""royalty_pct"": 7, ""ad_fund_pct"": 3}"
"[{""title"": ""Guide"", ""url"": ""https://example.com/guide.pdf""}]","[""training"", ""onboarding"", ""pricing""]",2025-08-14,"[""Week 1: Safety"", ""Week 2: Ops"", ""Week 3: Service"", ""Week 4: Marketing""]",Bold & Buff,Franchise Packet,"[""EIN"", ""Insurance"", ""Starter kit""]",fr-0060,"{""franchise_fee_usd"": 2500, ""royalty_pct"": 6, ""ad_fund_pct"": 1}"
"[{""title"": ""Guide"", ""url"": ""https://example.com/guide.pdf""}]","[""training"", ""onboarding"", ""pricing""]",2025-08-14,"[""Week 1: Safety"", ""Week 2: Ops"", ""Week 3: Service"", ""Week 4: Marketing""]",Bold & Buff,Franchise Packet,"[""EIN"", ""Insurance"", ""Starter kit""]",fr-0061,"{""franchise_fee_usd"": 7500, ""royalty_pct"": 7, ""ad_fund_pct"": 3}"
"[{""title"": ""Guide"", ""url"": ""https://example.com/guide.pdf""}]","[""training"", ""onboarding"", ""pricing""]",2025-08-14,"[""Week 1: Safety"", ""Week 2: Ops"", ""Week 3: Service"", ""Week 4: Marketing""]",Bold & Buff,Franchise Packet,"[""EIN"", ""Insurance"", ""Starter kit""]",fr-0062,"{""franchise_fee_usd"": 5000, ""royalty_pct"": 8, ""ad_fund_pct"": 2}"
"[{""title"": ""Guide"", ""url"": ""https://example.com/guide.pdf""}]","[""training"", ""onboarding"", ""pricing""]",2025-08-14,"[""Week 1: Safety"", ""Week 2: Ops"", ""Week 3: Service"", ""Week 4: Marketing""]",Bold & Buff,Franchise Packet,"[""EIN"", ""Insurance"", ""Starter kit""]",fr-0063,"{""franchise_fee_usd"": 7500, ""royalty_pct"": 8, ""ad_fund_pct"": 2}"
"[{""title"": ""Guide"", ""url"": ""https://example.com/guide.pdf""}]","[""training"", ""onboarding"", ""pricing""]",2025-08-14,"[""Week 1: Safety"", ""Week 2: Ops"", ""Week 3: Service"", ""Week 4: Marketing""]",Bold & Buff,Franchise Packet,"[""EIN"", ""Insurance"", ""Starter kit""]",fr-0064,"{""franchise_fee_usd"": 2500, ""royalty_pct"": 8, ""ad_fund_pct"": 3}"
"[{""title"": ""Guide"", ""url"": ""https://example.com/guide.pdf""}]","[""training"", ""onboarding"", ""pricing""]",2025-08-14,"[""Week 1: Safety"", ""Week 2: Ops"", ""Week 3: Service"", ""Week 4: Marketing""]",Bold & Buff,Franchise Packet,"[""EIN"", ""Insurance"", ""Starter kit""]",fr-0065,"{""franchise_fee_usd"": 7500, ""royalty_pct"": 8, ""ad_fund_pct"": 3}"
"[{""title"": ""Guide"", ""url"": ""https://example.com/guide.pdf""}]","[""training"", ""onboarding"", ""pricing""]",2025-08-14,"[""Week 1: Safety"", ""Week 2: Ops"", ""Week 3: Service"", ""Week 4: Marketing""]",Bold & Buff,Franchise Packet,"[""EIN"", ""Insurance"", ""Starter kit""]",fr-0066,"{""franchise_fee_usd"": 5000, ""royalty_pct"": 6, ""ad_fund_pct"": 3}"
"[{""title"": ""Guide"", ""url"": ""https://example.com/guide.pdf""}]","[""training"", ""onboarding"", ""pricing""]",2025-08-14,"[""Week 1: Safety"", ""Week 2: Ops"", ""Week 3: Service"", ""Week 4: Marketing""]",Bold & Buff,Franchise Packet,"[""EIN"", ""Insurance"", ""Starter kit""]",fr-0067,"{""franchise_fee_usd"": 7500, ""royalty_pct"": 6, ""ad_fund_pct"": 1}"
"[{""title"": ""Guide"", ""url"": ""https://example.com/guide.pdf""}]","[""training"", ""onboarding"", ""pricing""]",2025-08-14,"[""Week 1: Safety"", ""Week 2: Ops"", ""Week 3: Service"", ""Week 4: Marketing""]",Bold & Buff,Franchise Packet,"[""EIN"", ""Insurance"", ""Starter kit""]",fr-0068,"{""franchise_fee_usd"": 5000, ""royalty_pct"": 7, ""ad_fund_pct"": 2}"
"[{""title"": ""Guide"", ""url"": ""https://example.com/guide.pdf""}]","[""training"", ""onboarding"", ""pricing""]",2025-08-14,"[""Week 1: Safety"", ""Week 2: Ops"", ""Week 3: Service"", ""Week 4: Marketing""]",Bold & Buff,Franchise Packet,"[""EIN"", ""Insurance"", ""Starter kit""]",fr-0069,"{""franchise_fee_usd"": 2500, ""royalty_pct"": 6, ""ad_fund_pct"": 2}"
"[{""title"": ""Guide"", ""url"": ""https://example.com/guide.pdf""}]","[""training"", ""onboarding"", ""pricing""]",2025-08-14,"[""Week 1: Safety"", ""Week 2: Ops"", ""Week 3: Service"", ""Week 4: Marketing""]",Bold & Buff,Franchise Packet,"[""EIN"", ""Insurance"", ""Starter kit""]",fr-0070,"{""franchise_fee_usd"": 2500, ""royalty_pct"": 6, ""ad_fund_pct"": 2}"
"[{""title"": ""Guide"", ""url"": ""https://example.com/guide.pdf""}]","[""training"", ""onboarding"", ""pricing""]",2025-08-14,"[""Week 1: Safety"", ""Week 2: Ops"", ""Week 3: Service"", ""Week 4: Marketing""]",Bold & Buff,Franchise Packet,"[""EIN"", ""Insurance"", ""Starter kit""]",fr-0071,"{""franchise_fee_usd"": 7500, ""royalty_pct"": 7, ""ad_fund_pct"": 3}"
"[{""title"": ""Guide"", ""url"": ""https://example.com/guide.pdf""}]","[""training"", ""onboarding"", ""pricing""]",2025-08-14,"[""Week 1: Safety"", ""Week 2: Ops"", ""Week 3: Service"", ""Week 4: Marketing""]",Bold & Buff,Franchise Packet,"[""EIN"", ""Insurance"", ""Starter kit""]",fr-0072,"{""franchise_fee_usd"": 5000, ""royalty_pct"": 7, ""ad_fund_pct"": 2}"
"[{""title"": ""Guide"", ""url"": ""https://example.com/guide.pdf""}]","[""training"", ""onboarding"", ""pricing""]",2025-08-14,"[""Week 1: Safety"", ""Week 2: Ops"", ""Week 3: Service"", ""Week 4: Marketing""]",Bold & Buff,Franchise Packet,"[""EIN"", ""Insurance"", ""Starter kit""]",fr-0073,"{""franchise_fee_usd"": 2500, ""royalty_pct"": 6, ""ad_fund_pct"": 3}"
"[{""title"": ""Guide"", ""url"": ""https://example.com/guide.pdf""}]","[""training"", ""onboarding"", ""pricing""]",2025-08-14,"[""Week 1: Safety"", ""Week 2: Ops"", ""Week 3: Service"", ""Week 4: Marketing""]",Bold & Buff,Franchise Packet,"[""EIN"", ""Insurance"", ""Starter kit""]",fr-0074,"{""franchise_fee_usd"": 7500, ""royalty_pct"": 7, ""ad_fund_pct"": 3}"
"[{""title"": ""Guide"", ""url"": ""https://example.com/guide.pdf""}]","[""training"", ""onboarding"", ""pricing""]",2025-08-14,"[""Week 1: Safety"", ""Week 2: Ops"", ""Week 3: Service"", ""Week 4: Marketing""]",Bold & Buff,Franchise Packet,"[""EIN"", ""Insurance"", ""Starter kit""]",fr-0075,"{""franchise_fee_usd"": 7500, ""royalty_pct"": 6, ""ad_fund_pct"": 2}"
"[{""title"": ""Guide"", ""url"": ""https://example.com/guide.pdf""}]","[""training"", ""onboarding"", ""pricing""]",2025-08-14,"[""Week 1: Safety"", ""Week 2: Ops"", ""Week 3: Service"", ""Week 4: Marketing""]",Bold & Buff,Franchise Packet,"[""EIN"", ""Insurance"", ""Starter kit""]",fr-0076,"{""franchise_fee_usd"": 7500, ""royalty_pct"": 6, ""ad_fund_pct"": 2}"
"[{""title"": ""Guide"", ""url"": ""https://example.com/guide.pdf""}]","[""training"", ""onboarding"", ""pricing""]",2025-08-14,"[""Week 1: Safety"", ""Week 2: Ops"", ""Week 3: Service"", ""Week 4: Marketing""]",Bold & Buff,Franchise Packet,"[""EIN"", ""Insurance"", ""Starter kit""]",fr-0077,"{""franchise_fee_usd"": 7500, ""royalty_pct"": 6, ""ad_fund_pct"": 2}"
"[{""title"": ""Guide"", ""url"": ""https://example.com/guide.pdf""}]","[""training"", ""onboarding"", ""pricing""]",2025-08-14,"[""Week 1: Safety"", ""Week 2: Ops"", ""Week 3: Service"", ""Week 4: Marketing""]",Bold & Buff,Franchise Packet,"[""EIN"", ""Insurance"", ""Starter kit""]",fr-0078,"{""franchise_fee_usd"": 7500, ""royalty_pct"": 8, ""ad_fund_pct"": 1}"
"[{""title"": ""Guide"", ""url"": ""https://example.com/guide.pdf""}]","[""training"", ""onboarding"", ""pricing""]",2025-08-14,"[""Week 1: Safety"", ""Week 2: Ops"", ""Week 3: Service"", ""Week 4: Marketing""]",Bold & Buff,Franchise Packet,"[""EIN"", ""Insurance"", ""Starter kit""]",fr-0079,"{""franchise_fee_usd"": 7500, ""royalty_pct"": 6, ""ad_fund_pct"": 2}"
"[{""title"": ""Guide"", ""url"": ""https://example.com/guide.pdf""}]","[""training"", ""onboarding"", ""pricing""]",2025-08-14,"[""Week 1: Safety"", ""Week 2: Ops"", ""Week 3: Service"", ""Week 4: Marketing""]",Bold & Buff,Franchise Packet,"[""EIN"", ""Insurance"", ""Starter kit""]",fr-0080,"{""franchise_fee_usd"": 2500, ""royalty_pct"": 6, ""ad_fund_pct"": 3}"
"[{""title"": ""Guide"", ""url"": ""https://example.com/guide.pdf""}]","[""training"", ""onboarding"", ""pricing""]",2025-08-14,"[""Week 1: Safety"", ""Week 2: Ops"", ""Week 3: Service"", ""Week 4: Marketing""]",Bold & Buff,Franchise Packet,"[""EIN"", ""Insurance"", ""Starter kit""]",fr-0081,"{""franchise_fee_usd"": 2500, ""royalty_pct"": 8, ""ad_fund_pct"": 3}"
"[{""title"": ""Guide"", ""url"": ""https://example.com/guide.pdf""}]","[""training"", ""onboarding"", ""pricing""]",2025-08-14,"[""Week 1: Safety"", ""Week 2: Ops"", ""Week 3: Service"", ""Week 4: Marketing""]",Bold & Buff,Franchise Packet,"[""EIN"", ""Insurance"", ""Starter kit""]",fr-0082,"{""franchise_fee_usd"": 2500, ""royalty_pct"": 6, ""ad_fund_pct"": 1}"
"[{""title"": ""Guide"", ""url"": ""https://example.com/guide.pdf""}]","[""training"", ""onboarding"", ""pricing""]",2025-08-14,"[""Week 1: Safety"", ""Week 2: Ops"", ""Week 3: Service"", ""Week 4: Marketing""]",Bold & Buff,Franchise Packet,"[""EIN"", ""Insurance"", ""Starter kit""]",fr-0083,"{""franchise_fee_usd"": 2500, ""royalty_pct"": 7, ""ad_fund_pct"": 3}"
"[{""title"": ""Guide"", ""url"": ""https://example.com/guide.pdf""}]","[""training"", ""onboarding"", ""pricing""]",2025-08-14,"[""Week 1: Safety"", ""Week 2: Ops"", ""Week 3: Service"", ""Week 4: Marketing""]",Bold & Buff,Franchise Packet,"[""EIN"", ""Insurance"", ""Starter kit""]",fr-0084,"{""franchise_fee_usd"": 7500, ""royalty_pct"": 8, ""ad_fund_pct"": 2}"
"[{""title"": ""Guide"", ""url"": ""https://example.com/guide.pdf""}]","[""training"", ""onboarding"", ""pricing""]",2025-08-14,"[""Week 1: Safety"", ""Week 2: Ops"", ""Week 3: Service"", ""Week 4: Marketing""]",Bold & Buff,Franchise Packet,"[""EIN"", ""Insurance"", ""Starter kit""]",fr-0085,"{""franchise_fee_usd"": 7500, ""royalty_pct"": 8, ""ad_fund_pct"": 3}"
"[{""title"": ""Guide"", ""url"": ""https://example.com/guide.pdf""}]","[""training"", ""onboarding"", ""pricing""]",2025-08-14,"[""Week 1: Safety"", ""Week 2: Ops"", ""Week 3: Service"", ""Week 4: Marketing""]",Bold & Buff,Franchise Packet,"[""EIN"", ""Insurance"", ""Starter kit""]",fr-0086,"{""franchise_fee_usd"": 5000, ""royalty_pct"": 8, ""ad_fund_pct"": 2}"
"[{""title"": ""Guide"", ""url"": ""https://example.com/guide.pdf""}]","[""training"", ""onboarding"", ""pricing""]",2025-08-14,"[""Week 1: Safety"", ""Week 2: Ops"", ""Week 3: Service"", ""Week 4: Marketing""]",Bold & Buff,Franchise Packet,"[""EIN"", ""Insurance"", ""Starter kit""]",fr-0087,"{""franchise_fee_usd"": 5000, ""royalty_pct"": 6, ""ad_fund_pct"": 2}"
"[{""title"": ""Guide"", ""url"": ""https://example.com/guide.pdf""}]","[""training"", ""onboarding"", ""pricing""]",2025-08-14,"[""Week 1: Safety"", ""Week 2: Ops"", ""Week 3: Service"", ""Week 4: Marketing""]",Bold & Buff,Franchise Packet,"[""EIN"", ""Insurance"", ""Starter kit""]",fr-0088,"{""franchise_fee_usd"": 2500, ""royalty_pct"": 7, ""ad_fund_pct"": 3}"
"[{""title"": ""Guide"", ""url"": ""https://example.com/guide.pdf""}]","[""training"", ""onboarding"", ""pricing""]",2025-08-14,"[""Week 1: Safety"", ""Week 2: Ops"", ""Week 3: Service"", ""Week 4: Marketing""]",Bold & Buff,Franchise Packet,"[""EIN"", ""Insurance"", ""Starter kit""]",fr-0089,"{""franchise_fee_usd"": 5000, ""royalty_pct"": 7, ""ad_fund_pct"": 1}"
"[{""title"": ""Guide"", ""url"": ""https://example.com/guide.pdf""}]","[""training"", ""onboarding"", ""pricing""]",2025-08-14,"[""Week 1: Safety"", ""Week 2: Ops"", ""Week 3: Service"", ""Week 4: Marketing""]",Bold & Buff,Franchise Packet,"[""EIN"", ""Insurance"", ""Starter kit""]",fr-0090,"{""franchise_fee_usd"": 5000, ""royalty_pct"": 8, ""ad_fund_pct"": 2}"
"[{""title"": ""Guide"", ""url"": ""https://example.com/guide.pdf""}]","[""training"", ""onboarding"", ""pricing""]",2025-08-14,"[""Week 1: Safety"", ""Week 2: Ops"", ""Week 3: Service"", ""Week 4: Marketing""]",Bold & Buff,Franchise Packet,"[""EIN"", ""Insurance"", ""Starter kit""]",fr-0091,"{""franchise_fee_usd"": 2500, ""royalty_pct"": 6, ""ad_fund_pct"": 2}"
"[{""title"": ""Guide"", ""url"": ""https://example.com/guide.pdf""}]","[""training"", ""onboarding"", ""pricing""]",2025-08-14,"[""Week 1: Safety"", ""Week 2: Ops"", ""Week 3: Service"", ""Week 4: Marketing""]",Bold & Buff,Franchise Packet,"[""EIN"", ""Insurance"", ""Starter kit""]",fr-0092,"{""franchise_fee_usd"": 2500, ""royalty_pct"": 7, ""ad_fund_pct"": 2}"
"[{""title"": ""Guide"", ""url"": ""https://example.com/guide.pdf""}]","[""training"", ""onboarding"", ""pricing""]",2025-08-14,"[""Week 1: Safety"", ""Week 2: Ops"", ""Week 3: Service"", ""Week 4: Marketing""]",Bold & Buff,Franchise Packet,"[""EIN"", ""Insurance"", ""Starter kit""]",fr-0093,"{""franchise_fee_usd"": 7500, ""royalty_pct"": 8, ""ad_fund_pct"": 1}"
"[{""title"": ""Guide"", ""url"": ""https://example.com/guide.pdf""}]","[""training"", ""onboarding"", ""pricing""]",2025-08-14,"[""Week 1: Safety"", ""Week 2: Ops"", ""Week 3: Service"", ""Week 4: Marketing""]",Bold & Buff,Franchise Packet,"[""EIN"", ""Insurance"", ""Starter kit""]",fr-0094,"{""franchise_fee_usd"": 5000, ""royalty_pct"": 8, ""ad_fund_pct"": 2}"
"[{""title"": ""Guide"", ""url"": ""https://example.com/guide.pdf""}]","[""training"", ""onboarding"", ""pricing""]",2025-08-14,"[""Week 1: Safety"", ""Week 2: Ops"", ""Week 3: Service"", ""Week 4: Marketing""]",Bold & Buff,Franchise Packet,"[""EIN"", ""Insurance"", ""Starter kit""]",fr-0095,"{""franchise_fee_usd"": 7500, ""royalty_pct"": 6, ""ad_fund_pct"": 2}"
"[{""title"": ""Guide"", ""url"": ""https://example.com/guide.pdf""}]","[""training"", ""onboarding"", ""pricing""]",2025-08-14,"[""Week 1: Safety"", ""Week 2: Ops"", ""Week 3: Service"", ""Week 4: Marketing""]",Bold & Buff,Franchise Packet,"[""EIN"", ""Insurance"", ""Starter kit""]",fr-0096,"{""franchise_fee_usd"": 7500, ""royalty_pct"": 8, ""ad_fund_pct"": 1}"
"[{""title"": ""Guide"", ""url"": ""https://example.com/guide.pdf""}]","[""training"", ""onboarding"", ""pricing""]",2025-08-14,"[""Week 1: Safety"", ""Week 2: Ops"", ""Week 3: Service"", ""Week 4: Marketing""]",Bold & Buff,Franchise Packet,"[""EIN"", ""Insurance"", ""Starter kit""]",fr-0097,"{""franchise_fee_usd"": 5000, ""royalty_pct"": 6, ""ad_fund_pct"": 1}"
"[{""title"": ""Guide"", ""url"": ""https://example.com/guide.pdf""}]","[""training"", ""onboarding"", ""pricing""]",2025-08-14,"[""Week 1: Safety"", ""Week 2: Ops"", ""Week 3: Service"", ""Week 4: Marketing""]",Bold & Buff,Franchise Packet,"[""EIN"", ""Insurance"", ""Starter kit""]",fr-0098,"{""franchise_fee_usd"": 2500, ""royalty_pct"": 7, ""ad_fund_pct"": 2}"
"[{""title"": ""Guide"", ""url"": ""https://example.com/guide.pdf""}]","[""training"", ""onboarding"", ""pricing""]",2025-08-14,"[""Week 1: Safety"", ""Week 2: Ops"", ""Week 3: Service"", ""Week 4: Marketing""]",Bold & Buff,Franchise Packet,"[""EIN"", ""Insurance"", ""Starter kit""]",fr-0099,"{""franchise_fee_usd"": 5000, ""royalty_pct"": 6, ""ad_fund_pct"": 2}"
"[{""title"": ""Guide"", ""url"": ""https://example.com/guide.pdf""}]","[""training"", ""onboarding"", ""pricing""]",2025-08-14,"[""Week 1: Safety"", ""Week 2: Ops"", ""Week 3: Service"", ""Week 4: Marketing""]",Bold & Buff,Franchise Packet,"[""EIN"", ""Insurance"", ""Starter kit""]",fr-0100,"{""franchise_fee_usd"": 5000, ""royalty_pct"": 8, ""ad_fund_pct"": 2}"
"[{""title"": ""Guide"", ""url"": ""https://example.com/guide.pdf""}]","[""training"", ""onboarding"", ""pricing""]",2025-08-14,"[""Week 1: Safety"", ""Week 2: Ops"", ""Week 3: Service"", ""Week 4: Marketing""]",Bold & Buff,Franchise Packet,"[""EIN"", ""Insurance"", ""Starter kit""]",fr-0101,"{""franchise_fee_usd"": 5000, ""royalty_pct"": 8, ""ad_fund_pct"": 1}"
"[{""title"": ""Guide"", ""url"": ""https://example.com/guide.pdf""}]","[""training"", ""onboarding"", ""pricing""]",2025-08-14,"[""Week 1: Safety"", ""Week 2: Ops"", ""Week 3: Service"", ""Week 4: Marketing""]",Bold & Buff,Franchise Packet,"[""EIN"", ""Insurance"", ""Starter kit""]",fr-0102,"{""franchise_fee_usd"": 7500, ""royalty_pct"": 6, ""ad_fund_pct"": 1}"
"[{""title"": ""Guide"", ""url"": ""https://example.com/guide.pdf""}]","[""training"", ""onboarding"", ""pricing""]",2025-08-14,"[""Week 1: Safety"", ""Week 2: Ops"", ""Week 3: Service"", ""Week 4: Marketing""]",Bold & Buff,Franchise Packet,"[""EIN"", ""Insurance"", ""Starter kit""]",fr-0103,"{""franchise_fee_usd"": 7500, ""royalty_pct"": 6, ""ad_fund_pct"": 2}"
"[{""title"": ""Guide"", ""url"": ""https://example.com/guide.pdf""}]","[""training"", ""onboarding"", ""pricing""]",2025-08-14,"[""Week 1: Safety"", ""Week 2: Ops"", ""Week 3: Service"", ""Week 4: Marketing""]",Bold & Buff,Franchise Packet,"[""EIN"", ""Insurance"", ""Starter kit""]",fr-0104,"{""franchise_fee_usd"": 5000, ""royalty_pct"": 6, ""ad_fund_pct"": 3}"
"[{""title"": ""Guide"", ""url"": ""https://example.com/guide.pdf""}]","[""training"", ""onboarding"", ""pricing""]",2025-08-14,"[""Week 1: Safety"", ""Week 2: Ops"", ""Week 3: Service"", ""Week 4: Marketing""]",Bold & Buff,Franchise Packet,"[""EIN"", ""Insurance"", ""Starter kit""]",fr-0105,"{""franchise_fee_usd"": 2500, ""royalty_pct"": 7, ""ad_fund_pct"": 3}"
"[{""title"": ""Guide"", ""url"": ""https://example.com/guide.pdf""}]","[""training"", ""onboarding"", ""pricing""]",2025-08-14,"[""Week 1: Safety"", ""Week 2: Ops"", ""Week 3: Service"", ""Week 4: Marketing""]",Bold & Buff,Franchise Packet,"[""EIN"", ""Insurance"", ""Starter kit""]",fr-0106,"{""franchise_fee_usd"": 5000, ""royalty_pct"": 6, ""ad_fund_pct"": 3}"
"[{""title"": ""Guide"", ""url"": ""https://example.com/guide.pdf""}]","[""training"", ""onboarding"", ""pricing""]",2025-08-14,"[""Week 1: Safety"", ""Week 2: Ops"", ""Week 3: Service"", ""Week 4: Marketing""]",Bold & Buff,Franchise Packet,"[""EIN"", ""Insurance"", ""Starter kit""]",fr-0107,"{""franchise_fee_usd"": 2500, ""royalty_pct"": 7, ""ad_fund_pct"": 3}"
"[{""title"": ""Guide"", ""url"": ""https://example.com/guide.pdf""}]","[""training"", ""onboarding"", ""pricing""]",2025-08-14,"[""Week 1: Safety"", ""Week 2: Ops"", ""Week 3: Service"", ""Week 4: Marketing""]",Bold & Buff,Franchise Packet,"[""EIN"", ""Insurance"", ""Starter kit""]",fr-0108,"{""franchise_fee_usd"": 7500, ""royalty_pct"": 6, ""ad_fund_pct"": 2}"
"[{""title"": ""Guide"", ""url"": ""https://example.com/guide.pdf""}]","[""training"", ""onboarding"", ""pricing""]",2025-08-14,"[""Week 1: Safety"", ""Week 2: Ops"", ""Week 3: Service"", ""Week 4: Marketing""]",Bold & Buff,Franchise Packet,"[""EIN"", ""Insurance"", ""Starter kit""]",fr-0109,"{""franchise_fee_usd"": 5000, ""royalty_pct"": 6, ""ad_fund_pct"": 3}"
"[{""title"": ""Guide"", ""url"": ""https://example.com/guide.pdf""}]","[""training"", ""onboarding"", ""pricing""]",2025-08-14,"[""Week 1: Safety"", ""Week 2: Ops"", ""Week 3: Service"", ""Week 4: Marketing""]",Bold & Buff,Franchise Packet,"[""EIN"", ""Insurance"", ""Starter kit""]",fr-0110,"{""franchise_fee_usd"": 5000, ""royalty_pct"": 8, ""ad_fund_pct"": 3}"
"[{""title"": ""Guide"", ""url"": ""https://example.com/guide.pdf""}]","[""training"", ""onboarding"", ""pricing""]",2025-08-14,"[""Week 1: Safety"", ""Week 2: Ops"", ""Week 3: Service"", ""Week 4: Marketing""]",Bold & Buff,Franchise Packet,"[""EIN"", ""Insurance"", ""Starter kit""]",fr-0111,"{""franchise_fee_usd"": 7500, ""royalty_pct"": 6, ""ad_fund_pct"": 1}"
"[{""title"": ""Guide"", ""url"": ""https://example.com/guide.pdf""}]","[""training"", ""onboarding"", ""pricing""]",2025-08-14,"[""Week 1: Safety"", ""Week 2: Ops"", ""Week 3: Service"", ""Week 4: Marketing""]",Bold & Buff,Franchise Packet,"[""EIN"", ""Insurance"", ""Starter kit""]",fr-0112,"{""franchise_fee_usd"": 5000, ""royalty_pct"": 8, ""ad_fund_pct"": 1}"
"[{""title"": ""Guide"", ""url"": ""https://example.com/guide.pdf""}]","[""training"", ""onboarding"", ""pricing""]",2025-08-14,"[""Week 1: Safety"", ""Week 2: Ops"", ""Week 3: Service"", ""Week 4: Marketing""]",Bold & Buff,Franchise Packet,"[""EIN"", ""Insurance"", ""Starter kit""]",fr-0113,"{""franchise_fee_usd"": 7500, ""royalty_pct"": 6, ""ad_fund_pct"": 1}"
"[{""title"": ""Guide"", ""url"": ""https://example.com/guide.pdf""}]","[""training"", ""onboarding"", ""pricing""]",2025-08-14,"[""Week 1: Safety"", ""Week 2: Ops"", ""Week 3: Service"", ""Week 4: Marketing""]",Bold & Buff,Franchise Packet,"[""EIN"", ""Insurance"", ""Starter kit""]",fr-0114,"{""franchise_fee_usd"": 5000, ""royalty_pct"": 6, ""ad_fund_pct"": 2}"
"[{""title"": ""Guide"", ""url"": ""https://example.com/guide.pdf""}]","[""training"", ""onboarding"", ""pricing""]",2025-08-14,"[""Week 1: Safety"", ""Week 2: Ops"", ""Week 3: Service"", ""Week 4: Marketing""]",Bold & Buff,Franchise Packet,"[""EIN"", ""Insurance"", ""Starter kit""]",fr-0115,"{""franchise_fee_usd"": 5000, ""royalty_pct"": 7, ""ad_fund_pct"": 3}"
"[{""title"": ""Guide"", ""url"": ""https://example.com/guide.pdf""}]","[""training"", ""onboarding"", ""pricing""]",2025-08-14,"[""Week 1: Safety"", ""Week 2: Ops"", ""Week 3: Service"", ""Week 4: Marketing""]",Bold & Buff,Franchise Packet,"[""EIN"", ""Insurance"", ""Starter kit""]",fr-0116,"{""franchise_fee_usd"": 2500, ""royalty_pct"": 7, ""ad_fund_pct"": 1}"
"[{""title"": ""Guide"", ""url"": ""https://example.com/guide.pdf""}]","[""training"", ""onboarding"", ""pricing""]",2025-08-14,"[""Week 1: Safety"", ""Week 2: Ops"", ""Week 3: Service"", ""Week 4: Marketing""]",Bold & Buff,Franchise Packet,"[""EIN"", ""Insurance"", ""Starter kit""]",fr-0117,"{""franchise_fee_usd"": 7500, ""royalty_pct"": 6, ""ad_fund_pct"": 2}"
"[{""title"": ""Guide"", ""url"": ""https://example.com/guide.pdf""}]","[""training"", ""onboarding"", ""pricing""]",2025-08-14,"[""Week 1: Safety"", ""Week 2: Ops"", ""Week 3: Service"", ""Week 4: Marketing""]",Bold & Buff,Franchise Packet,"[""EIN"", ""Insurance"", ""Starter kit""]",fr-0118,"{""franchise_fee_usd"": 5000, ""royalty_pct"": 8, ""ad_fund_pct"": 1}"
"[{""title"": ""Guide"", ""url"": ""https://example.com/guide.pdf""}]","[""training"", ""onboarding"", ""pricing""]",2025-08-14,"[""Week 1: Safety"", ""Week 2: Ops"", ""Week 3: Service"", ""Week 4: Marketing""]",Bold & Buff,Franchise Packet,"[""EIN"", ""Insurance"", ""Starter kit""]",fr-0119,"{""franchise_fee_usd"": 5000, ""royalty_pct"": 7, ""ad_fund_pct"": 1}"
"[{""title"": ""Guide"", ""url"": ""https://example.com/guide.pdf""}]","[""training"", ""onboarding"", ""pricing""]",2025-08-14,"[""Week 1: Safety"", ""Week 2: Ops"", ""Week 3: Service"", ""Week 4: Marketing""]",Bold & Buff,Franchise Packet,"[""EIN"", ""Insurance"", ""Starter kit""]",fr-0120,"{""franchise_fee_usd"": 5000, ""royalty_pct"": 7, ""ad_fund_pct"": 1}"
"[{""title"": ""Guide"", ""url"": ""https://example.com/guide.pdf""}]","[""training"", ""onboarding"", ""pricing""]",2025-08-14,"[""Week 1: Safety"", ""Week 2: Ops"", ""Week 3: Service"", ""Week 4: Marketing""]",Bold & Buff,Franchise Packet,"[""EIN"", ""Insurance"", ""Starter kit""]",fr-0121,"{""franchise_fee_usd"": 7500, ""royalty_pct"": 8, ""ad_fund_pct"": 3}"
"[{""title"": ""Guide"", ""url"": ""https://example.com/guide.pdf""}]","[""training"", ""onboarding"", ""pricing""]",2025-08-14,"[""Week 1: Safety"", ""Week 2: Ops"", ""Week 3: Service"", ""Week 4: Marketing""]",Bold & Buff,Franchise Packet,"[""EIN"", ""Insurance"", ""Starter kit""]",fr-0122,"{""franchise_fee_usd"": 2500, ""royalty_pct"": 7, ""ad_fund_pct"": 3}"
"[{""title"": ""Guide"", ""url"": ""https://example.com/guide.pdf""}]","[""training"", ""onboarding"", ""pricing""]",2025-08-14,"[""Week 1: Safety"", ""Week 2: Ops"", ""Week 3: Service"", ""Week 4: Marketing""]",Bold & Buff,Franchise Packet,"[""EIN"", ""Insurance"", ""Starter kit""]",fr-0123,"{""franchise_fee_usd"": 5000, ""royalty_pct"": 7, ""ad_fund_pct"": 3}"
"[{""title"": ""Guide"", ""url"": ""https://example.com/guide.pdf""}]","[""training"", ""onboarding"", ""pricing""]",2025-08-14,"[""Week 1: Safety"", ""Week 2: Ops"", ""Week 3: Service"", ""Week 4: Marketing""]",Bold & Buff,Franchise Packet,"[""EIN"", ""Insurance"", ""Starter kit""]",fr-0124,"{""franchise_fee_usd"": 2500, ""royalty_pct"": 8, ""ad_fund_pct"": 1}"
"[{""title"": ""Guide"", ""url"": ""https://example.com/guide.pdf""}]","[""training"", ""onboarding"", ""pricing""]",2025-08-14,"[""Week 1: Safety"", ""Week 2: Ops"", ""Week 3: Service"", ""Week 4: Marketing""]",Bold & Buff,Franchise Packet,"[""EIN"", ""Insurance"", ""Starter kit""]",fr-0125,"{""franchise_fee_usd"": 7500, ""royalty_pct"": 6, ""ad_fund_pct"": 1}"
"[{""title"": ""Guide"", ""url"": ""https://example.com/guide.pdf""}]","[""training"", ""onboarding"", ""pricing""]",2025-08-14,"[""Week 1: Safety"", ""Week 2: Ops"", ""Week 3: Service"", ""Week 4: Marketing""]",Bold & Buff,Franchise Packet,"[""EIN"", ""Insurance"", ""Starter kit""]",fr-0126,"{""franchise_fee_usd"": 5000, ""royalty_pct"": 8, ""ad_fund_pct"": 3}"
"[{""title"": ""Guide"", ""url"": ""https://example.com/guide.pdf""}]","[""training"", ""onboarding"", ""pricing""]",2025-08-14,"[""Week 1: Safety"", ""Week 2: Ops"", ""Week 3: Service"", ""Week 4: Marketing""]",Bold & Buff,Franchise Packet,"[""EIN"", ""Insurance"", ""Starter kit""]",fr-0127,"{""franchise_fee_usd"": 2500, ""royalty_pct"": 7, ""ad_fund_pct"": 3}"
"[{""title"": ""Guide"", ""url"": ""https://example.com/guide.pdf""}]","[""training"", ""onboarding"", ""pricing""]",2025-08-14,"[""Week 1: Safety"", ""Week 2: Ops"", ""Week 3: Service"", ""Week 4: Marketing""]",Bold & Buff,Franchise Packet,"[""EIN"", ""Insurance"", ""Starter kit""]",fr-0128,"{""franchise_fee_usd"": 7500, ""royalty_pct"": 8, ""ad_fund_pct"": 2}"
"[{""title"": ""Guide"", ""url"": ""https://example.com/guide.pdf""}]","[""training"", ""onboarding"", ""pricing""]",2025-08-14,"[""Week 1: Safety"", ""Week 2: Ops"", ""Week 3: Service"", ""Week 4: Marketing""]",Bold & Buff,Franchise Packet,"[""EIN"", ""Insurance"", ""Starter kit""]",fr-0129,"{""franchise_fee_usd"": 7500, ""royalty_pct"": 7, ""ad_fund_pct"": 1}"
"[{""title"": ""Guide"", ""url"": ""https://example.com/guide.pdf""}]","[""training"", ""onboarding"", ""pricing""]",2025-08-14,"[""Week 1: Safety"", ""Week 2: Ops"", ""Week 3: Service"", ""Week 4: Marketing""]",Bold & Buff,Franchise Packet,"[""EIN"", ""Insurance"", ""Starter kit""]",fr-0130,"{""franchise_fee_usd"": 2500, ""royalty_pct"": 6, ""ad_fund_pct"": 1}"
"[{""title"": ""Guide"", ""url"": ""https://example.com/guide.pdf""}]","[""training"", ""onboarding"", ""pricing""]",2025-08-14,"[""Week 1: Safety"", ""Week 2: Ops"", ""Week 3: Service"", ""Week 4: Marketing""]",Bold & Buff,Franchise Packet,"[""EIN"", ""Insurance"", ""Starter kit""]",fr-0131,"{""franchise_fee_usd"": 7500, ""royalty_pct"": 8, ""ad_fund_pct"": 1}"
"[{""title"": ""Guide"", ""url"": ""https://example.com/guide.pdf""}]","[""training"", ""onboarding"", ""pricing""]",2025-08-14,"[""Week 1: Safety"", ""Week 2: Ops"", ""Week 3: Service"", ""Week 4: Marketing""]",Bold & Buff,Franchise Packet,"[""EIN"", ""Insurance"", ""Starter kit""]",fr-0132,"{""franchise_fee_usd"": 7500, ""royalty_pct"": 8, ""ad_fund_pct"": 2}"
"[{""title"": ""Guide"", ""url"": ""https://example.com/guide.pdf""}]","[""training"", ""onboarding"", ""pricing""]",2025-08-14,"[""Week 1: Safety"", ""Week 2: Ops"", ""Week 3: Service"", ""Week 4: Marketing""]",Bold & Buff,Franchise Packet,"[""EIN"", ""Insurance"", ""Starter kit""]",fr-0133,"{""franchise_fee_usd"": 2500, ""royalty_pct"": 6, ""ad_fund_pct"": 3}"
"[{""title"": ""Guide"", ""url"": ""https://example.com/guide.pdf""}]","[""training"", ""onboarding"", ""pricing""]",2025-08-14,"[""Week 1: Safety"", ""Week 2: Ops"", ""Week 3: Service"", ""Week 4: Marketing""]",Bold & Buff,Franchise Packet,"[""EIN"", ""Insurance"", ""Starter kit""]",fr-0134,"{""franchise_fee_usd"": 5000, ""royalty_pct"": 8, ""ad_fund_pct"": 1}"
"[{""title"": ""Guide"", ""url"": ""https://example.com/guide.pdf""}]","[""training"", ""onboarding"", ""pricing""]",2025-08-14,"[""Week 1: Safety"", ""Week 2: Ops"", ""Week 3: Service"", ""Week 4: Marketing""]",Bold & Buff,Franchise Packet,"[""EIN"", ""Insurance"", ""Starter kit""]",fr-0135,"{""franchise_fee_usd"": 7500, ""royalty_pct"": 6, ""ad_fund_pct"": 3}"
"[{""title"": ""Guide"", ""url"": ""https://example.com/guide.pdf""}]","[""training"", ""onboarding"", ""pricing""]",2025-08-14,"[""Week 1: Safety"", ""Week 2: Ops"", ""Week 3: Service"", ""Week 4: Marketing""]",Bold & Buff,Franchise Packet,"[""EIN"", ""Insurance"", ""Starter kit""]",fr-0136,"{""franchise_fee_usd"": 5000, ""royalty_pct"": 7, ""ad_fund_pct"": 2}"
"[{""title"": ""Guide"", ""url"": ""https://example.com/guide.pdf""}]","[""training"", ""onboarding"", ""pricing""]",2025-08-14,"[""Week 1: Safety"", ""Week 2: Ops"", ""Week 3: Service"", ""Week 4: Marketing""]",Bold & Buff,Franchise Packet,"[""EIN"", ""Insurance"", ""Starter kit""]",fr-0137,"{""franchise_fee_usd"": 7500, ""royalty_pct"": 7, ""ad_fund_pct"": 1}"
"[{""title"": ""Guide"", ""url"": ""https://example.com/guide.pdf""}]","[""training"", ""onboarding"", ""pricing""]",2025-08-14,"[""Week 1: Safety"", ""Week 2: Ops"", ""Week 3: Service"", ""Week 4: Marketing""]",Bold & Buff,Franchise Packet,"[""EIN"", ""Insurance"", ""Starter kit""]",fr-0138,"{""franchise_fee_usd"": 7500, ""royalty_pct"": 8, ""ad_fund_pct"": 3}"
"[{""title"": ""Guide"", ""url"": ""https://example.com/guide.pdf""}]","[""training"", ""onboarding"", ""pricing""]",2025-08-14,"[""Week 1: Safety"", ""Week 2: Ops"", ""Week 3: Service"", ""Week 4: Marketing""]",Bold & Buff,Franchise Packet,"[""EIN"", ""Insurance"", ""Starter kit""]",fr-0139,"{""franchise_fee_usd"": 2500, ""royalty_pct"": 7, ""ad_fund_pct"": 2}"
"[{""title"": ""Guide"", ""url"": ""https://example.com/guide.pdf""}]","[""training"", ""onboarding"", ""pricing""]",2025-08-14,"[""Week 1: Safety"", ""Week 2: Ops"", ""Week 3: Service"", ""Week 4: Marketing""]",Bold & Buff,Franchise Packet,"[""EIN"", ""Insurance"", ""Starter kit""]",fr-0140,"{""franchise_fee_usd"": 5000, ""royalty_pct"": 7, ""ad_fund_pct"": 2}"
"[{""title"": ""Guide"", ""url"": ""https://example.com/guide.pdf""}]","[""training"", ""onboarding"", ""pricing""]",2025-08-14,"[""Week 1: Safety"", ""Week 2: Ops"", ""Week 3: Service"", ""Week 4: Marketing""]",Bold & Buff,Franchise Packet,"[""EIN"", ""Insurance"", ""Starter kit""]",fr-0141,"{""franchise_fee_usd"": 7500, ""royalty_pct"": 7, ""ad_fund_pct"": 1}"
"[{""title"": ""Guide"", ""url"": ""https://example.com/guide.pdf""}]","[""training"", ""onboarding"", ""pricing""]",2025-08-14,"[""Week 1: Safety"", ""Week 2: Ops"", ""Week 3: Service"", ""Week 4: Marketing""]",Bold & Buff,Franchise Packet,"[""EIN"", ""Insurance"", ""Starter kit""]",fr-0142,"{""franchise_fee_usd"": 2500, ""royalty_pct"": 8, ""ad_fund_pct"": 1}"
"[{""title"": ""Guide"", ""url"": ""https://example.com/guide.pdf""}]","[""training"", ""onboarding"", ""pricing""]",2025-08-14,"[""Week 1: Safety"", ""Week 2: Ops"", ""Week 3: Service"", ""Week 4: Marketing""]",Bold & Buff,Franchise Packet,"[""EIN"", ""Insurance"", ""Starter kit""]",fr-0143,"{""franchise_fee_usd"": 5000, ""royalty_pct"": 7, ""ad_fund_pct"": 2}"
"[{""title"": ""Guide"", ""url"": ""https://example.com/guide.pdf""}]","[""training"", ""onboarding"", ""pricing""]",2025-08-14,"[""Week 1: Safety"", ""Week 2: Ops"", ""Week 3: Service"", ""Week 4: Marketing""]",Bold & Buff,Franchise Packet,"[""EIN"", ""Insurance"", ""Starter kit""]",fr-0144,"{""franchise_fee_usd"": 2500, ""royalty_pct"": 7, ""ad_fund_pct"": 3}"
"[{""title"": ""Guide"", ""url"": ""https://example.com/guide.pdf""}]","[""training"", ""onboarding"", ""pricing""]",2025-08-14,"[""Week 1: Safety"", ""Week 2: Ops"", ""Week 3: Service"", ""Week 4: Marketing""]",Bold & Buff,Franchise Packet,"[""EIN"", ""Insurance"", ""Starter kit""]",fr-0145,"{""franchise_fee_usd"": 5000, ""royalty_pct"": 8, ""ad_fund_pct"": 2}"
"[{""title"": ""Guide"", ""url"": ""https://example.com/guide.pdf""}]","[""training"", ""onboarding"", ""pricing""]",2025-08-14,"[""Week 1: Safety"", ""Week 2: Ops"", ""Week 3: Service"", ""Week 4: Marketing""]",Bold & Buff,Franchise Packet,"[""EIN"", ""Insurance"", ""Starter kit""]",fr-0146,"{""franchise_fee_usd"": 2500, ""royalty_pct"": 7, ""ad_fund_pct"": 1}"
"[{""title"": ""Guide"", ""url"": ""https://example.com/guide.pdf""}]","[""training"", ""onboarding"", ""pricing""]",2025-08-14,"[""Week 1: Safety"", ""Week 2: Ops"", ""Week 3: Service"", ""Week 4: Marketing""]",Bold & Buff,Franchise Packet,"[""EIN"", ""Insurance"", ""Starter kit""]",fr-0147,"{""franchise_fee_usd"": 7500, ""royalty_pct"": 8, ""ad_fund_pct"": 3}"
"[{""title"": ""Guide"", ""url"": ""https://example.com/guide.pdf""}]","[""training"", ""onboarding"", ""pricing""]",2025-08-14,"[""Week 1: Safety"", ""Week 2: Ops"", ""Week 3: Service"", ""Week 4: Marketing""]",Bold & Buff,Franchise Packet,"[""EIN"", ""Insurance"", ""Starter kit""]",fr-0148,"{""franchise_fee_usd"": 5000, ""royalty_pct"": 6, ""ad_fund_pct"": 1}"
"[{""title"": ""Guide"", ""url"": ""https://example.com/guide.pdf""}]","[""training"", ""onboarding"", ""pricing""]",2025-08-14,"[""Week 1: Safety"", ""Week 2: Ops"", ""Week 3: Service"", ""Week 4: Marketing""]",Bold & Buff,Franchise Packet,"[""EIN"", ""Insurance"", ""Starter kit""]",fr-0149,"{""franchise_fee_usd"": 5000, ""royalty_pct"": 6, ""ad_fund_pct"": 2}"
"[{""title"": ""Guide"", ""url"": ""https://example.com/guide.pdf""}]","[""training"", ""onboarding"", ""pricing""]",2025-08-14,"[""Week 1: Safety"", ""Week 2: Ops"", ""Week 3: Service"", ""Week 4: Marketing""]",Bold & Buff,Franchise Packet,"[""EIN"", ""Insurance"", ""Starter kit""]",fr-0150,"{""franchise_fee_usd"": 7500, ""royalty_pct"": 8, ""ad_fund_pct"": 1}"
"[{""title"": ""Guide"", ""url"": ""https://example.com/guide.pdf""}]","[""training"", ""onboarding"", ""pricing""]",2025-08-14,"[""Week 1: Safety"", ""Week 2: Ops"", ""Week 3: Service"", ""Week 4: Marketing""]",Bold & Buff,Franchise Packet,"[""EIN"", ""Insurance"", ""Starter kit""]",fr-0151,"{""franchise_fee_usd"": 2500, ""royalty_pct"": 8, ""ad_fund_pct"": 2}"
"[{""title"": ""Guide"", ""url"": ""https://example.com/guide.pdf""}]","[""training"", ""onboarding"", ""pricing""]",2025-08-14,"[""Week 1: Safety"", ""Week 2: Ops"", ""Week 3: Service"", ""Week 4: Marketing""]",Bold & Buff,Franchise Packet,"[""EIN"", ""Insurance"", ""Starter kit""]",fr-0152,"{""franchise_fee_usd"": 2500, ""royalty_pct"": 6, ""ad_fund_pct"": 1}"
"[{""title"": ""Guide"", ""url"": ""https://example.com/guide.pdf""}]","[""training"", ""onboarding"", ""pricing""]",2025-08-14,"[""Week 1: Safety"", ""Week 2: Ops"", ""Week 3: Service"", ""Week 4: Marketing""]",Bold & Buff,Franchise Packet,"[""EIN"", ""Insurance"", ""Starter kit""]",fr-0153,"{""franchise_fee_usd"": 5000, ""royalty_pct"": 7, ""ad_fund_pct"": 2}"
"[{""title"": ""Guide"", ""url"": ""https://example.com/guide.pdf""}]","[""training"", ""onboarding"", ""pricing""]",2025-08-14,"[""Week 1: Safety"", ""Week 2: Ops"", ""Week 3: Service"", ""Week 4: Marketing""]",Bold & Buff,Franchise Packet,"[""EIN"", ""Insurance"", ""Starter kit""]",fr-0154,"{""franchise_fee_usd"": 7500, ""royalty_pct"": 8, ""ad_fund_pct"": 3}"
"[{""title"": ""Guide"", ""url"": ""https://example.com/guide.pdf""}]","[""training"", ""onboarding"", ""pricing""]",2025-08-14,"[""Week 1: Safety"", ""Week 2: Ops"", ""Week 3: Service"", ""Week 4: Marketing""]",Bold & Buff,Franchise Packet,"[""EIN"", ""Insurance"", ""Starter kit""]",fr-0155,"{""franchise_fee_usd"": 7500, ""royalty_pct"": 8, ""ad_fund_pct"": 3}"
"[{""title"": ""Guide"", ""url"": ""https://example.com/guide.pdf""}]","[""training"", ""onboarding"", ""pricing""]",2025-08-14,"[""Week 1: Safety"", ""Week 2: Ops"", ""Week 3: Service"", ""Week 4: Marketing""]",Bold & Buff,Franchise Packet,"[""EIN"", ""Insurance"", ""Starter kit""]",fr-0156,"{""franchise_fee_usd"": 7500, ""royalty_pct"": 8, ""ad_fund_pct"": 1}"
"[{""title"": ""Guide"", ""url"": ""https://example.com/guide.pdf""}]","[""training"", ""onboarding"", ""pricing""]",2025-08-14,"[""Week 1: Safety"", ""Week 2: Ops"", ""Week 3: Service"", ""Week 4: Marketing""]",Bold & Buff,Franchise Packet,"[""EIN"", ""Insurance"", ""Starter kit""]",fr-0157,"{""franchise_fee_usd"": 5000, ""royalty_pct"": 6, ""ad_fund_pct"": 3}"
"[{""title"": ""Guide"", ""url"": ""https://example.com/guide.pdf""}]","[""training"", ""onboarding"", ""pricing""]",2025-08-14,"[""Week 1: Safety"", ""Week 2: Ops"", ""Week 3: Service"", ""Week 4: Marketing""]",Bold & Buff,Franchise Packet,"[""EIN"", ""Insurance"", ""Starter kit""]",fr-0158,"{""franchise_fee_usd"": 2500, ""royalty_pct"": 7, ""ad_fund_pct"": 1}"
"[{""title"": ""Guide"", ""url"": ""https://example.com/guide.pdf""}]","[""training"", ""onboarding"", ""pricing""]",2025-08-14,"[""Week 1: Safety"", ""Week 2: Ops"", ""Week 3: Service"", ""Week 4: Marketing""]",Bold & Buff,Franchise Packet,"[""EIN"", ""Insurance"", ""Starter kit""]",fr-0159,"{""franchise_fee_usd"": 2500, ""royalty_pct"": 7, ""ad_fund_pct"": 3}"
"[{""title"": ""Guide"", ""url"": ""https://example.com/guide.pdf""}]","[""training"", ""onboarding"", ""pricing""]",2025-08-14,"[""Week 1: Safety"", ""Week 2: Ops"", ""Week 3: Service"", ""Week 4: Marketing""]",Bold & Buff,Franchise Packet,"[""EIN"", ""Insurance"", ""Starter kit""]",fr-0160,"{""franchise_fee_usd"": 5000, ""royalty_pct"": 6, ""ad_fund_pct"": 2}"
"[{""title"": ""Guide"", ""url"": ""https://example.com/guide.pdf""}]","[""training"", ""onboarding"", ""pricing""]",2025-08-14,"[""Week 1: Safety"", ""Week 2: Ops"", ""Week 3: Service"", ""Week 4: Marketing""]",Bold & Buff,Franchise Packet,"[""EIN"", ""Insurance"", ""Starter kit""]",fr-0161,"{""franchise_fee_usd"": 7500, ""royalty_pct"": 7, ""ad_fund_pct"": 1}"
"[{""title"": ""Guide"", ""url"": ""https://example.com/guide.pdf""}]","[""training"", ""onboarding"", ""pricing""]",2025-08-14,"[""Week 1: Safety"", ""Week 2: Ops"", ""Week 3: Service"", ""Week 4: Marketing""]",Bold & Buff,Franchise Packet,"[""EIN"", ""Insurance"", ""Starter kit""]",fr-0162,"{""franchise_fee_usd"": 2500, ""royalty_pct"": 6, ""ad_fund_pct"": 1}"
"[{""title"": ""Guide"", ""url"": ""https://example.com/guide.pdf""}]","[""training"", ""onboarding"", ""pricing""]",2025-08-14,"[""Week 1: Safety"", ""Week 2: Ops"", ""Week 3: Service"", ""Week 4: Marketing""]",Bold & Buff,Franchise Packet,"[""EIN"", ""Insurance"", ""Starter kit""]",fr-0163,"{""franchise_fee_usd"": 7500, ""royalty_pct"": 6, ""ad_fund_pct"": 2}"
"[{""title"": ""Guide"", ""url"": ""https://example.com/guide.pdf""}]","[""training"", ""onboarding"", ""pricing""]",2025-08-14,"[""Week 1: Safety"", ""Week 2: Ops"", ""Week 3: Service"", ""Week 4: Marketing""]",Bold & Buff,Franchise Packet,"[""EIN"", ""Insurance"", ""Starter kit""]",fr-0164,"{""franchise_fee_usd"": 2500, ""royalty_pct"": 7, ""ad_fund_pct"": 1}"
"[{""title"": ""Guide"", ""url"": ""https://example.com/guide.pdf""}]","[""training"", ""onboarding"", ""pricing""]",2025-08-14,"[""Week 1: Safety"", ""Week 2: Ops"", ""Week 3: Service"", ""Week 4: Marketing""]",Bold & Buff,Franchise Packet,"[""EIN"", ""Insurance"", ""Starter kit""]",fr-0165,"{""franchise_fee_usd"": 5000, ""royalty_pct"": 8, ""ad_fund_pct"": 1}"
"[{""title"": ""Guide"", ""url"": ""https://example.com/guide.pdf""}]","[""training"", ""onboarding"", ""pricing""]",2025-08-14,"[""Week 1: Safety"", ""Week 2: Ops"", ""Week 3: Service"", ""Week 4: Marketing""]",Bold & Buff,Franchise Packet,"[""EIN"", ""Insurance"", ""Starter kit""]",fr-0166,"{""franchise_fee_usd"": 7500, ""royalty_pct"": 6, ""ad_fund_pct"": 2}"
"[{""title"": ""Guide"", ""url"": ""https://example.com/guide.pdf""}]","[""training"", ""onboarding"", ""pricing""]",2025-08-14,"[""Week 1: Safety"", ""Week 2: Ops"", ""Week 3: Service"", ""Week 4: Marketing""]",Bold & Buff,Franchise Packet,"[""EIN"", ""Insurance"", ""Starter kit""]",fr-0167,"{""franchise_fee_usd"": 5000, ""royalty_pct"": 8, ""ad_fund_pct"": 3}"
"[{""title"": ""Guide"", ""url"": ""https://example.com/guide.pdf""}]","[""training"", ""onboarding"", ""pricing""]",2025-08-14,"[""Week 1: Safety"", ""Week 2: Ops"", ""Week 3: Service"", ""Week 4: Marketing""]",Bold & Buff,Franchise Packet,"[""EIN"", ""Insurance"", ""Starter kit""]",fr-0168,"{""franchise_fee_usd"": 7500, ""royalty_pct"": 8, ""ad_fund_pct"": 3}"
"[{""title"": ""Guide"", ""url"": ""https://example.com/guide.pdf""}]","[""training"", ""onboarding"", ""pricing""]",2025-08-14,"[""Week 1: Safety"", ""Week 2: Ops"", ""Week 3: Service"", ""Week 4: Marketing""]",Bold & Buff,Franchise Packet,"[""EIN"", ""Insurance"", ""Starter kit""]",fr-0169,"{""franchise_fee_usd"": 5000, ""royalty_pct"": 8, ""ad_fund_pct"": 3}"
"[{""title"": ""Guide"", ""url"": ""https://example.com/guide.pdf""}]","[""training"", ""onboarding"", ""pricing""]",2025-08-14,"[""Week 1: Safety"", ""Week 2: Ops"", ""Week 3: Service"", ""Week 4: Marketing""]",Bold & Buff,Franchise Packet,"[""EIN"", ""Insurance"", ""Starter kit""]",fr-0170,"{""franchise_fee_usd"": 7500, ""royalty_pct"": 6, ""ad_fund_pct"": 2}"
"[{""title"": ""Guide"", ""url"": ""https://example.com/guide.pdf""}]","[""training"", ""onboarding"", ""pricing""]",2025-08-14,"[""Week 1: Safety"", ""Week 2: Ops"", ""Week 3: Service"", ""Week 4: Marketing""]",Bold & Buff,Franchise Packet,"[""EIN"", ""Insurance"", ""Starter kit""]",fr-0171,"{""franchise_fee_usd"": 5000, ""royalty_pct"": 6, ""ad_fund_pct"": 3}"
"[{""title"": ""Guide"", ""url"": ""https://example.com/guide.pdf""}]","[""training"", ""onboarding"", ""pricing""]",2025-08-14,"[""Week 1: Safety"", ""Week 2: Ops"", ""Week 3: Service"", ""Week 4: Marketing""]",Bold & Buff,Franchise Packet,"[""EIN"", ""Insurance"", ""Starter kit""]",fr-0172,"{""franchise_fee_usd"": 7500, ""royalty_pct"": 7, ""ad_fund_pct"": 3}"
"[{""title"": ""Guide"", ""url"": ""https://example.com/guide.pdf""}]","[""training"", ""onboarding"", ""pricing""]",2025-08-14,"[""Week 1: Safety"", ""Week 2: Ops"", ""Week 3: Service"", ""Week 4: Marketing""]",Bold & Buff,Franchise Packet,"[""EIN"", ""Insurance"", ""Starter kit""]",fr-0173,"{""franchise_fee_usd"": 2500, ""royalty_pct"": 7, ""ad_fund_pct"": 2}"
"[{""title"": ""Guide"", ""url"": ""https://example.com/guide.pdf""}]","[""training"", ""onboarding"", ""pricing""]",2025-08-14,"[""Week 1: Safety"", ""Week 2: Ops"", ""Week 3: Service"", ""Week 4: Marketing""]",Bold & Buff,Franchise Packet,"[""EIN"", ""Insurance"", ""Starter kit""]",fr-0174,"{""franchise_fee_usd"": 2500, ""royalty_pct"": 7, ""ad_fund_pct"": 3}"
"[{""title"": ""Guide"", ""url"": ""https://example.com/guide.pdf""}]","[""training"", ""onboarding"", ""pricing""]",2025-08-14,"[""Week 1: Safety"", ""Week 2: Ops"", ""Week 3: Service"", ""Week 4: Marketing""]",Bold & Buff,Franchise Packet,"[""EIN"", ""Insurance"", ""Starter kit""]",fr-0175,"{""franchise_fee_usd"": 2500, ""royalty_pct"": 6, ""ad_fund_pct"": 1}"
"[{""title"": ""Guide"", ""url"": ""https://example.com/guide.pdf""}]","[""training"", ""onboarding"", ""pricing""]",2025-08-14,"[""Week 1: Safety"", ""Week 2: Ops"", ""Week 3: Service"", ""Week 4: Marketing""]",Bold & Buff,Franchise Packet,"[""EIN"", ""Insurance"", ""Starter kit""]",fr-0176,"{""franchise_fee_usd"": 2500, ""royalty_pct"": 7, ""ad_fund_pct"": 1}"
"[{""title"": ""Guide"", ""url"": ""https://example.com/guide.pdf""}]","[""training"", ""onboarding"", ""pricing""]",2025-08-14,"[""Week 1: Safety"", ""Week 2: Ops"", ""Week 3: Service"", ""Week 4: Marketing""]",Bold & Buff,Franchise Packet,"[""EIN"", ""Insurance"", ""Starter kit""]",fr-0177,"{""franchise_fee_usd"": 5000, ""royalty_pct"": 7, ""ad_fund_pct"": 1}"
"[{""title"": ""Guide"", ""url"": ""https://example.com/guide.pdf""}]","[""training"", ""onboarding"", ""pricing""]",2025-08-14,"[""Week 1: Safety"", ""Week 2: Ops"", ""Week 3: Service"", ""Week 4: Marketing""]",Bold & Buff,Franchise Packet,"[""EIN"", ""Insurance"", ""Starter kit""]",fr-0178,"{""franchise_fee_usd"": 5000, ""royalty_pct"": 6, ""ad_fund_pct"": 1}"
"[{""title"": ""Guide"", ""url"": ""https://example.com/guide.pdf""}]","[""training"", ""onboarding"", ""pricing""]",2025-08-14,"[""Week 1: Safety"", ""Week 2: Ops"", ""Week 3: Service"", ""Week 4: Marketing""]",Bold & Buff,Franchise Packet,"[""EIN"", ""Insurance"", ""Starter kit""]",fr-0179,"{""franchise_fee_usd"": 7500, ""royalty_pct"": 7, ""ad_fund_pct"": 1}"
"[{""title"": ""Guide"", ""url"": ""https://example.com/guide.pdf""}]","[""training"", ""onboarding"", ""pricing""]",2025-08-14,"[""Week 1: Safety"", ""Week 2: Ops"", ""Week 3: Service"", ""Week 4: Marketing""]",Bold & Buff,Franchise Packet,"[""EIN"", ""Insurance"", ""Starter kit""]",fr-0180,"{""franchise_fee_usd"": 2500, ""royalty_pct"": 7, ""ad_fund_pct"": 1}"
"[{""title"": ""Guide"", ""url"": ""https://example.com/guide.pdf""}]","[""training"", ""onboarding"", ""pricing""]",2025-08-14,"[""Week 1: Safety"", ""Week 2: Ops"", ""Week 3: Service"", ""Week 4: Marketing""]",Bold & Buff,Franchise Packet,"[""EIN"", ""Insurance"", ""Starter kit""]",fr-0181,"{""franchise_fee_usd"": 2500, ""royalty_pct"": 8, ""ad_fund_pct"": 2}"
"[{""title"": ""Guide"", ""url"": ""https://example.com/guide.pdf""}]","[""training"", ""onboarding"", ""pricing""]",2025-08-14,"[""Week 1: Safety"", ""Week 2: Ops"", ""Week 3: Service"", ""Week 4: Marketing""]",Bold & Buff,Franchise Packet,"[""EIN"", ""Insurance"", ""Starter kit""]",fr-0182,"{""franchise_fee_usd"": 2500, ""royalty_pct"": 7, ""ad_fund_pct"": 1}"
"[{""title"": ""Guide"", ""url"": ""https://example.com/guide.pdf""}]","[""training"", ""onboarding"", ""pricing""]",2025-08-14,"[""Week 1: Safety"", ""Week 2: Ops"", ""Week 3: Service"", ""Week 4: Marketing""]",Bold & Buff,Franchise Packet,"[""EIN"", ""Insurance"", ""Starter kit""]",fr-0183,"{""franchise_fee_usd"": 7500, ""royalty_pct"": 7, ""ad_fund_pct"": 2}"
"[{""title"": ""Guide"", ""url"": ""https://example.com/guide.pdf""}]","[""training"", ""onboarding"", ""pricing""]",2025-08-14,"[""Week 1: Safety"", ""Week 2: Ops"", ""Week 3: Service"", ""Week 4: Marketing""]",Bold & Buff,Franchise Packet,"[""EIN"", ""Insurance"", ""Starter kit""]",fr-0184,"{""franchise_fee_usd"": 2500, ""royalty_pct"": 6, ""ad_fund_pct"": 1}"
"[{""title"": ""Guide"", ""url"": ""https://example.com/guide.pdf""}]","[""training"", ""onboarding"", ""pricing""]",2025-08-14,"[""Week 1: Safety"", ""Week 2: Ops"", ""Week 3: Service"", ""Week 4: Marketing""]",Bold & Buff,Franchise Packet,"[""EIN"", ""Insurance"", ""Starter kit""]",fr-0185,"{""franchise_fee_usd"": 2500, ""royalty_pct"": 6, ""ad_fund_pct"": 2}"
"[{""title"": ""Guide"", ""url"": ""https://example.com/guide.pdf""}]","[""training"", ""onboarding"", ""pricing""]",2025-08-14,"[""Week 1: Safety"", ""Week 2: Ops"", ""Week 3: Service"", ""Week 4: Marketing""]",Bold & Buff,Franchise Packet,"[""EIN"", ""Insurance"", ""Starter kit""]",fr-0186,"{""franchise_fee_usd"": 5000, ""royalty_pct"": 6, ""ad_fund_pct"": 3}"
"[{""title"": ""Guide"", ""url"": ""https://example.com/guide.pdf""}]","[""training"", ""onboarding"", ""pricing""]",2025-08-14,"[""Week 1: Safety"", ""Week 2: Ops"", ""Week 3: Service"", ""Week 4: Marketing""]",Bold & Buff,Franchise Packet,"[""EIN"", ""Insurance"", ""Starter kit""]",fr-0187,"{""franchise_fee_usd"": 2500, ""royalty_pct"": 7, ""ad_fund_pct"": 3}"
"[{""title"": ""Guide"", ""url"": ""https://example.com/guide.pdf""}]","[""training"", ""onboarding"", ""pricing""]",2025-08-14,"[""Week 1: Safety"", ""Week 2: Ops"", ""Week 3: Service"", ""Week 4: Marketing""]",Bold & Buff,Franchise Packet,"[""EIN"", ""Insurance"", ""Starter kit""]",fr-0188,"{""franchise_fee_usd"": 7500, ""royalty_pct"": 7, ""ad_fund_pct"": 1}"
"[{""title"": ""Guide"", ""url"": ""https://example.com/guide.pdf""}]","[""training"", ""onboarding"", ""pricing""]",2025-08-14,"[""Week 1: Safety"", ""Week 2: Ops"", ""Week 3: Service"", ""Week 4: Marketing""]",Bold & Buff,Franchise Packet,"[""EIN"", ""Insurance"", ""Starter kit""]",fr-0189,"{""franchise_fee_usd"": 7500, ""royalty_pct"": 6, ""ad_fund_pct"": 1}"
"[{""title"": ""Guide"", ""url"": ""https://example.com/guide.pdf""}]","[""training"", ""onboarding"", ""pricing""]",2025-08-14,"[""Week 1: Safety"", ""Week 2: Ops"", ""Week 3: Service"", ""Week 4: Marketing""]",Bold & Buff,Franchise Packet,"[""EIN"", ""Insurance"", ""Starter kit""]",fr-0190,"{""franchise_fee_usd"": 2500, ""royalty_pct"": 8, ""ad_fund_pct"": 3}"
"[{""title"": ""Guide"", ""url"": ""https://example.com/guide.pdf""}]","[""training"", ""onboarding"", ""pricing""]",2025-08-14,"[""Week 1: Safety"", ""Week 2: Ops"", ""Week 3: Service"", ""Week 4: Marketing""]",Bold & Buff,Franchise Packet,"[""EIN"", ""Insurance"", ""Starter kit""]",fr-0191,"{""franchise_fee_usd"": 7500, ""royalty_pct"": 7, ""ad_fund_pct"": 1}"
"[{""title"": ""Guide"", ""url"": ""https://example.com/guide.pdf""}]","[""training"", ""onboarding"", ""pricing""]",2025-08-14,"[""Week 1: Safety"", ""Week 2: Ops"", ""Week 3: Service"", ""Week 4: Marketing""]",Bold & Buff,Franchise Packet,"[""EIN"", ""Insurance"", ""Starter kit""]",fr-0192,"{""franchise_fee_usd"": 2500, ""royalty_pct"": 8, ""ad_fund_pct"": 3}"
"[{""title"": ""Guide"", ""url"": ""https://example.com/guide.pdf""}]","[""training"", ""onboarding"", ""pricing""]",2025-08-14,"[""Week 1: Safety"", ""Week 2: Ops"", ""Week 3: Service"", ""Week 4: Marketing""]",Bold & Buff,Franchise Packet,"[""EIN"", ""Insurance"", ""Starter kit""]",fr-0193,"{""franchise_fee_usd"": 2500, ""royalty_pct"": 6, ""ad_fund_pct"": 1}"
"[{""title"": ""Guide"", ""url"": ""https://example.com/guide.pdf""}]","[""training"", ""onboarding"", ""pricing""]",2025-08-14,"[""Week 1: Safety"", ""Week 2: Ops"", ""Week 3: Service"", ""Week 4: Marketing""]",Bold & Buff,Franchise Packet,"[""EIN"", ""Insurance"", ""Starter kit""]",fr-0194,"{""franchise_fee_usd"": 5000, ""royalty_pct"": 6, ""ad_fund_pct"": 2}"
"[{""title"": ""Guide"", ""url"": ""https://example.com/guide.pdf""}]","[""training"", ""onboarding"", ""pricing""]",2025-08-14,"[""Week 1: Safety"", ""Week 2: Ops"", ""Week 3: Service"", ""Week 4: Marketing""]",Bold & Buff,Franchise Packet,"[""EIN"", ""Insurance"", ""Starter kit""]",fr-0195,"{""franchise_fee_usd"": 7500, ""royalty_pct"": 8, ""ad_fund_pct"": 3}"
"[{""title"": ""Guide"", ""url"": ""https://example.com/guide.pdf""}]","[""training"", ""onboarding"", ""pricing""]",2025-08-14,"[""Week 1: Safety"", ""Week 2: Ops"", ""Week 3: Service"", ""Week 4: Marketing""]",Bold & Buff,Franchise Packet,"[""EIN"", ""Insurance"", ""Starter kit""]",fr-0196,"{""franchise_fee_usd"": 5000, ""royalty_pct"": 8, ""ad_fund_pct"": 2}"
"[{""title"": ""Guide"", ""url"": ""https://example.com/guide.pdf""}]","[""training"", ""onboarding"", ""pricing""]",2025-08-14,"[""Week 1: Safety"", ""Week 2: Ops"", ""Week 3: Service"", ""Week 4: Marketing""]",Bold & Buff,Franchise Packet,"[""EIN"", ""Insurance"", ""Starter kit""]",fr-0197,"{""franchise_fee_usd"": 7500, ""royalty_pct"": 7, ""ad_fund_pct"": 1}"
"[{""title"": ""Guide"", ""url"": ""https://example.com/guide.pdf""}]","[""training"", ""onboarding"", ""pricing""]",2025-08-14,"[""Week 1: Safety"", ""Week 2: Ops"", ""Week 3: Service"", ""Week 4: Marketing""]",Bold & Buff,Franchise Packet,"[""EIN"", ""Insurance"", ""Starter kit""]",fr-0198,"{""franchise_fee_usd"": 5000, ""royalty_pct"": 6, ""ad_fund_pct"": 2}"
"[{""title"": ""Guide"", ""url"": ""https://example.com/guide.pdf""}]","[""training"", ""onboarding"", ""pricing""]",2025-08-14,"[""Week 1: Safety"", ""Week 2: Ops"", ""Week 3: Service"", ""Week 4: Marketing""]",Bold & Buff,Franchise Packet,"[""EIN"", ""Insurance"", ""Starter kit""]",fr-0199,"{""franchise_fee_usd"": 2500, ""royalty_pct"": 8, ""ad_fund_pct"": 2}"
"[{""title"": ""Guide"", ""url"": ""https://example.com/guide.pdf""}]","[""training"", ""onboarding"", ""pricing""]",2025-08-14,"[""Week 1: Safety"", ""Week 2: Ops"", ""Week 3: Service"", ""Week 4: Marketing""]",Bold & Buff,Franchise Packet,"[""EIN"", ""Insurance"", ""Starter kit""]",fr-0200,"{""franchise_fee_usd"": 5000, ""royalty_pct"": 7, ""ad_fund_pct"": 1}"
"[{""title"": ""Guide"", ""url"": ""https://example.com/guide.pdf""}]","[""training"", ""onboarding"", ""pricing""]",2025-08-14,"[""Week 1: Safety"", ""Week 2: Ops"", ""Week 3: Service"", ""Week 4: Marketing""]",Bold & Buff,Franchise Packet,"[""EIN"", ""Insurance"", ""Starter kit""]",fr-0201,"{""franchise_fee_usd"": 5000, ""royalty_pct"": 7, ""ad_fund_pct"": 3}"
"[{""title"": ""Guide"", ""url"": ""https://example.com/guide.pdf""}]","[""training"", ""onboarding"", ""pricing""]",2025-08-14,"[""Week 1: Safety"", ""Week 2: Ops"", ""Week 3: Service"", ""Week 4: Marketing""]",Bold & Buff,Franchise Packet,"[""EIN"", ""Insurance"", ""Starter kit""]",fr-0202,"{""franchise_fee_usd"": 2500, ""royalty_pct"": 7, ""ad_fund_pct"": 3}"
"[{""title"": ""Guide"", ""url"": ""https://example.com/guide.pdf""}]","[""training"", ""onboarding"", ""pricing""]",2025-08-14,"[""Week 1: Safety"", ""Week 2: Ops"", ""Week 3: Service"", ""Week 4: Marketing""]",Bold & Buff,Franchise Packet,"[""EIN"", ""Insurance"", ""Starter kit""]",fr-0203,"{""franchise_fee_usd"": 5000, ""royalty_pct"": 6, ""ad_fund_pct"": 1}"
"[{""title"": ""Guide"", ""url"": ""https://example.com/guide.pdf""}]","[""training"", ""onboarding"", ""pricing""]",2025-08-14,"[""Week 1: Safety"", ""Week 2: Ops"", ""Week 3: Service"", ""Week 4: Marketing""]",Bold & Buff,Franchise Packet,"[""EIN"", ""Insurance"", ""Starter kit""]",fr-0204,"{""franchise_fee_usd"": 7500, ""royalty_pct"": 8, ""ad_fund_pct"": 1}"
"[{""title"": ""Guide"", ""url"": ""https://example.com/guide.pdf""}]","[""training"", ""onboarding"", ""pricing""]",2025-08-14,"[""Week 1: Safety"", ""Week 2: Ops"", ""Week 3: Service"", ""Week 4: Marketing""]",Bold & Buff,Franchise Packet,"[""EIN"", ""Insurance"", ""Starter kit""]",fr-0205,"{""franchise_fee_usd"": 5000, ""royalty_pct"": 7, ""ad_fund_pct"": 3}"
"[{""title"": ""Guide"", ""url"": ""https://example.com/guide.pdf""}]","[""training"", ""onboarding"", ""pricing""]",2025-08-14,"[""Week 1: Safety"", ""Week 2: Ops"", ""Week 3: Service"", ""Week 4: Marketing""]",Bold & Buff,Franchise Packet,"[""EIN"", ""Insurance"", ""Starter kit""]",fr-0206,"{""franchise_fee_usd"": 2500, ""royalty_pct"": 7, ""ad_fund_pct"": 3}"
"[{""title"": ""Guide"", ""url"": ""https://example.com/guide.pdf""}]","[""training"", ""onboarding"", ""pricing""]",2025-08-14,"[""Week 1: Safety"", ""Week 2: Ops"", ""Week 3: Service"", ""Week 4: Marketing""]",Bold & Buff,Franchise Packet,"[""EIN"", ""Insurance"", ""Starter kit""]",fr-0207,"{""franchise_fee_usd"": 2500, ""royalty_pct"": 8, ""ad_fund_pct"": 2}"
"[{""title"": ""Guide"", ""url"": ""https://example.com/guide.pdf""}]","[""training"", ""onboarding"", ""pricing""]",2025-08-14,"[""Week 1: Safety"", ""Week 2: Ops"", ""Week 3: Service"", ""Week 4: Marketing""]",Bold & Buff,Franchise Packet,"[""EIN"", ""Insurance"", ""Starter kit""]",fr-0208,"{""franchise_fee_usd"": 2500, ""royalty_pct"": 6, ""ad_fund_pct"": 1}"
"[{""title"": ""Guide"", ""url"": ""https://example.com/guide.pdf""}]","[""training"", ""onboarding"", ""pricing""]",2025-08-14,"[""Week 1: Safety"", ""Week 2: Ops"", ""Week 3: Service"", ""Week 4: Marketing""]",Bold & Buff,Franchise Packet,"[""EIN"", ""Insurance"", ""Starter kit""]",fr-0209,"{""franchise_fee_usd"": 7500, ""royalty_pct"": 6, ""ad_fund_pct"": 3}"
"[{""title"": ""Guide"", ""url"": ""https://example.com/guide.pdf""}]","[""training"", ""onboarding"", ""pricing""]",2025-08-14,"[""Week 1: Safety"", ""Week 2: Ops"", ""Week 3: Service"", ""Week 4: Marketing""]",Bold & Buff,Franchise Packet,"[""EIN"", ""Insurance"", ""Starter kit""]",fr-0210,"{""franchise_fee_usd"": 5000, ""royalty_pct"": 6, ""ad_fund_pct"": 1}"
"[{""title"": ""Guide"", ""url"": ""https://example.com/guide.pdf""}]","[""training"", ""onboarding"", ""pricing""]",2025-08-14,"[""Week 1: Safety"", ""Week 2: Ops"", ""Week 3: Service"", ""Week 4: Marketing""]",Bold & Buff,Franchise Packet,"[""EIN"", ""Insurance"", ""Starter kit""]",fr-0211,"{""franchise_fee_usd"": 2500, ""royalty_pct"": 8, ""ad_fund_pct"": 1}"
"[{""title"": ""Guide"", ""url"": ""https://example.com/guide.pdf""}]","[""training"", ""onboarding"", ""pricing""]",2025-08-14,"[""Week 1: Safety"", ""Week 2: Ops"", ""Week 3: Service"", ""Week 4: Marketing""]",Bold & Buff,Franchise Packet,"[""EIN"", ""Insurance"", ""Starter kit""]",fr-0212,"{""franchise_fee_usd"": 5000, ""royalty_pct"": 7, ""ad_fund_pct"": 1}"
"[{""title"": ""Guide"", ""url"": ""https://example.com/guide.pdf""}]","[""training"", ""onboarding"", ""pricing""]",2025-08-14,"[""Week 1: Safety"", ""Week 2: Ops"", ""Week 3: Service"", ""Week 4: Marketing""]",Bold & Buff,Franchise Packet,"[""EIN"", ""Insurance"", ""Starter kit""]",fr-0213,"{""franchise_fee_usd"": 7500, ""royalty_pct"": 8, ""ad_fund_pct"": 3}"
"[{""title"": ""Guide"", ""url"": ""https://example.com/guide.pdf""}]","[""training"", ""onboarding"", ""pricing""]",2025-08-14,"[""Week 1: Safety"", ""Week 2: Ops"", ""Week 3: Service"", ""Week 4: Marketing""]",Bold & Buff,Franchise Packet,"[""EIN"", ""Insurance"", ""Starter kit""]",fr-0214,"{""franchise_fee_usd"": 2500, ""royalty_pct"": 7, ""ad_fund_pct"": 2}"
"[{""title"": ""Guide"", ""url"": ""https://example.com/guide.pdf""}]","[""training"", ""onboarding"", ""pricing""]",2025-08-14,"[""Week 1: Safety"", ""Week 2: Ops"", ""Week 3: Service"", ""Week 4: Marketing""]",Bold & Buff,Franchise Packet,"[""EIN"", ""Insurance"", ""Starter kit""]",fr-0215,"{""franchise_fee_usd"": 7500, ""royalty_pct"": 6, ""ad_fund_pct"": 1}"
"[{""title"": ""Guide"", ""url"": ""https://example.com/guide.pdf""}]","[""training"", ""onboarding"", ""pricing""]",2025-08-14,"[""Week 1: Safety"", ""Week 2: Ops"", ""Week 3: Service"", ""Week 4: Marketing""]",Bold & Buff,Franchise Packet,"[""EIN"", ""Insurance"", ""Starter kit""]",fr-0216,"{""franchise_fee_usd"": 7500, ""royalty_pct"": 6, ""ad_fund_pct"": 3}"
"[{""title"": ""Guide"", ""url"": ""https://example.com/guide.pdf""}]","[""training"", ""onboarding"", ""pricing""]",2025-08-14,"[""Week 1: Safety"", ""Week 2: Ops"", ""Week 3: Service"", ""Week 4: Marketing""]",Bold & Buff,Franchise Packet,"[""EIN"", ""Insurance"", ""Starter kit""]",fr-0217,"{""franchise_fee_usd"": 5000, ""royalty_pct"": 7, ""ad_fund_pct"": 2}"
"[{""title"": ""Guide"", ""url"": ""https://example.com/guide.pdf""}]","[""training"", ""onboarding"", ""pricing""]",2025-08-14,"[""Week 1: Safety"", ""Week 2: Ops"", ""Week 3: Service"", ""Week 4: Marketing""]",Bold & Buff,Franchise Packet,"[""EIN"", ""Insurance"", ""Starter kit""]",fr-0218,"{""franchise_fee_usd"": 7500, ""royalty_pct"": 6, ""ad_fund_pct"": 1}"
"[{""title"": ""Guide"", ""url"": ""https://example.com/guide.pdf""}]","[""training"", ""onboarding"", ""pricing""]",2025-08-14,"[""Week 1: Safety"", ""Week 2: Ops"", ""Week 3: Service"", ""Week 4: Marketing""]",Bold & Buff,Franchise Packet,"[""EIN"", ""Insurance"", ""Starter kit""]",fr-0219,"{""franchise_fee_usd"": 7500, ""royalty_pct"": 6, ""ad_fund_pct"": 1}"
"[{""title"": ""Guide"", ""url"": ""https://example.com/guide.pdf""}]","[""training"", ""onboarding"", ""pricing""]",2025-08-14,"[""Week 1: Safety"", ""Week 2: Ops"", ""Week 3: Service"", ""Week 4: Marketing""]",Bold & Buff,Franchise Packet,"[""EIN"", ""Insurance"", ""Starter kit""]",fr-0220,"{""franchise_fee_usd"": 7500, ""royalty_pct"": 7, ""ad_fund_pct"": 3}"
