escalation,tags,last_updated,priority,category,id
notify_admin,"[""moderation"", ""rules""]",2025-08-14,3,Host Approval Logic,host-0001
notify_admin,"[""moderation"", ""rules""]",2025-08-14,3,Host Approval Logic,host-0002
notify_admin,"[""moderation"", ""rules""]",2025-08-14,3,Host Approval Logic,host-0003
notify_admin,"[""moderation"", ""rules""]",2025-08-14,3,Host Approval Logic,host-0004
notify_admin,"[""moderation"", ""rules""]",2025-08-14,3,Host Approval Logic,host-0005
notify_admin,"[""moderation"", ""rules""]",2025-08-14,3,Host Approval Logic,host-0006
notify_admin,"[""moderation"", ""rules""]",2025-08-14,3,Host Approval Logic,host-0007
notify_admin,"[""moderation"", ""rules""]",2025-08-14,3,Host Approval Logic,host-0008
notify_admin,"[""moderation"", ""rules""]",2025-08-14,3,Host Approval Logic,host-0009
notify_admin,"[""moderation"", ""rules""]",2025-08-14,3,Host Approval Logic,host-0010
notify_admin,"[""moderation"", ""rules""]",2025-08-14,3,Host Approval Logic,host-0011
notify_admin,"[""moderation"", ""rules""]",2025-08-14,3,Host Approval Logic,host-0012
notify_admin,"[""moderation"", ""rules""]",2025-08-14,3,Host Approval Logic,host-0013
notify_admin,"[""moderation"", ""rules""]",2025-08-14,3,Host Approval Logic,host-0014
notify_admin,"[""moderation"", ""rules""]",2025-08-14,3,Host Approval Logic,host-0015
notify_admin,"[""moderation"", ""rules""]",2025-08-14,3,Host Approval Logic,host-0016
notify_admin,"[""moderation"", ""rules""]",2025-08-14,3,Host Approval Logic,host-0017
notify_admin,"[""moderation"", ""rules""]",2025-08-14,3,Host Approval Logic,host-0018
notify_admin,"[""moderation"", ""rules""]",2025-08-14,3,Host Approval Logic,host-0019
notify_admin,"[""moderation"", ""rules""]",2025-08-14,3,Host Approval Logic,host-0020
notify_admin,"[""moderation"", ""rules""]",2025-08-14,3,Host Approval Logic,host-0021
notify_admin,"[""moderation"", ""rules""]",2025-08-14,3,Host Approval Logic,host-0022
notify_admin,"[""moderation"", ""rules""]",2025-08-14,3,Host Approval Logic,host-0023
notify_admin,"[""moderation"", ""rules""]",2025-08-14,3,Host Approval Logic,host-0024
notify_admin,"[""moderation"", ""rules""]",2025-08-14,3,Host Approval Logic,host-0025
notify_admin,"[""moderation"", ""rules""]",2025-08-14,3,Host Approval Logic,host-0026
notify_admin,"[""moderation"", ""rules""]",2025-08-14,3,Host Approval Logic,host-0027
notify_admin,"[""moderation"", ""rules""]",2025-08-14,3,Host Approval Logic,host-0028
notify_admin,"[""moderation"", ""rules""]",2025-08-14,3,Host Approval Logic,host-0029
notify_admin,"[""moderation"", ""rules""]",2025-08-14,3,Host Approval Logic,host-0030
notify_admin,"[""moderation"", ""rules""]",2025-08-14,3,Host Approval Logic,host-0031
notify_admin,"[""moderation"", ""rules""]",2025-08-14,3,Host Approval Logic,host-0032
notify_admin,"[""moderation"", ""rules""]",2025-08-14,3,Host Approval Logic,host-0033
notify_admin,"[""moderation"", ""rules""]",2025-08-14,3,Host Approval Logic,host-0034
notify_admin,"[""moderation"", ""rules""]",2025-08-14,3,Host Approval Logic,host-0035
notify_admin,"[""moderation"", ""rules""]",2025-08-14,3,Host Approval Logic,host-0036
notify_admin,"[""moderation"", ""rules""]",2025-08-14,3,Host Approval Logic,host-0037
notify_admin,"[""moderation"", ""rules""]",2025-08-14,3,Host Approval Logic,host-0038
notify_admin,"[""moderation"", ""rules""]",2025-08-14,3,Host Approval Logic,host-0039
notify_admin,"[""moderation"", ""rules""]",2025-08-14,3,Host Approval Logic,host-0040
notify_admin,"[""moderation"", ""rules""]",2025-08-14,3,Host Approval Logic,host-0041
notify_admin,"[""moderation"", ""rules""]",2025-08-14,3,Host Approval Logic,host-0042
notify_admin,"[""moderation"", ""rules""]",2025-08-14,3,Host Approval Logic,host-0043
notify_admin,"[""moderation"", ""rules""]",2025-08-14,3,Host Approval Logic,host-0044
notify_admin,"[""moderation"", ""rules""]",2025-08-14,3,Host Approval Logic,host-0045
notify_admin,"[""moderation"", ""rules""]",2025-08-14,3,Host Approval Logic,host-0046
notify_admin,"[""moderation"", ""rules""]",2025-08-14,3,Host Approval Logic,host-0047
notify_admin,"[""moderation"", ""rules""]",2025-08-14,3,Host Approval Logic,host-0048
notify_admin,"[""moderation"", ""rules""]",2025-08-14,3,Host Approval Logic,host-0049
notify_admin,"[""moderation"", ""rules""]",2025-08-14,3,Host Approval Logic,host-0050
notify_admin,"[""moderation"", ""rules""]",2025-08-14,3,Host Approval Logic,host-0051
notify_admin,"[""moderation"", ""rules""]",2025-08-14,3,Host Approval Logic,host-0052
notify_admin,"[""moderation"", ""rules""]",2025-08-14,3,Host Approval Logic,host-0053
notify_admin,"[""moderation"", ""rules""]",2025-08-14,3,Host Approval Logic,host-0054
notify_admin,"[""moderation"", ""rules""]",2025-08-14,3,Host Approval Logic,host-0055
notify_admin,"[""moderation"", ""rules""]",2025-08-14,3,Host Approval Logic,host-0056
notify_admin,"[""moderation"", ""rules""]",2025-08-14,3,Host Approval Logic,host-0057
notify_admin,"[""moderation"", ""rules""]",2025-08-14,3,Host Approval Logic,host-0058
notify_admin,"[""moderation"", ""rules""]",2025-08-14,3,Host Approval Logic,host-0059
notify_admin,"[""moderation"", ""rules""]",2025-08-14,3,Host Approval Logic,host-0060
notify_admin,"[""moderation"", ""rules""]",2025-08-14,3,Host Approval Logic,host-0061
notify_admin,"[""moderation"", ""rules""]",2025-08-14,3,Host Approval Logic,host-0062
notify_admin,"[""moderation"", ""rules""]",2025-08-14,3,Host Approval Logic,host-0063
notify_admin,"[""moderation"", ""rules""]",2025-08-14,3,Host Approval Logic,host-0064
notify_admin,"[""moderation"", ""rules""]",2025-08-14,3,Host Approval Logic,host-0065
notify_admin,"[""moderation"", ""rules""]",2025-08-14,3,Host Approval Logic,host-0066
notify_admin,"[""moderation"", ""rules""]",2025-08-14,3,Host Approval Logic,host-0067
notify_admin,"[""moderation"", ""rules""]",2025-08-14,3,Host Approval Logic,host-0068
notify_admin,"[""moderation"", ""rules""]",2025-08-14,3,Host Approval Logic,host-0069
notify_admin,"[""moderation"", ""rules""]",2025-08-14,3,Host Approval Logic,host-0070
notify_admin,"[""moderation"", ""rules""]",2025-08-14,3,Host Approval Logic,host-0071
notify_admin,"[""moderation"", ""rules""]",2025-08-14,3,Host Approval Logic,host-0072
notify_admin,"[""moderation"", ""rules""]",2025-08-14,3,Host Approval Logic,host-0073
notify_admin,"[""moderation"", ""rules""]",2025-08-14,3,Host Approval Logic,host-0074
notify_admin,"[""moderation"", ""rules""]",2025-08-14,3,Host Approval Logic,host-0075
notify_admin,"[""moderation"", ""rules""]",2025-08-14,3,Host Approval Logic,host-0076
notify_admin,"[""moderation"", ""rules""]",2025-08-14,3,Host Approval Logic,host-0077
notify_admin,"[""moderation"", ""rules""]",2025-08-14,3,Host Approval Logic,host-0078
notify_admin,"[""moderation"", ""rules""]",2025-08-14,3,Host Approval Logic,host-0079
notify_admin,"[""moderation"", ""rules""]",2025-08-14,3,Host Approval Logic,host-0080
notify_admin,"[""moderation"", ""rules""]",2025-08-14,3,Host Approval Logic,host-0081
notify_admin,"[""moderation"", ""rules""]",2025-08-14,3,Host Approval Logic,host-0082
notify_admin,"[""moderation"", ""rules""]",2025-08-14,3,Host Approval Logic,host-0083
notify_admin,"[""moderation"", ""rules""]",2025-08-14,3,Host Approval Logic,host-0084
notify_admin,"[""moderation"", ""rules""]",2025-08-14,3,Host Approval Logic,host-0085
notify_admin,"[""moderation"", ""rules""]",2025-08-14,3,Host Approval Logic,host-0086
notify_admin,"[""moderation"", ""rules""]",2025-08-14,3,Host Approval Logic,host-0087
notify_admin,"[""moderation"", ""rules""]",2025-08-14,3,Host Approval Logic,host-0088
notify_admin,"[""moderation"", ""rules""]",2025-08-14,3,Host Approval Logic,host-0089
notify_admin,"[""moderation"", ""rules""]",2025-08-14,3,Host Approval Logic,host-0090
notify_admin,"[""moderation"", ""rules""]",2025-08-14,3,Host Approval Logic,host-0091
notify_admin,"[""moderation"", ""rules""]",2025-08-14,3,Host Approval Logic,host-0092
notify_admin,"[""moderation"", ""rules""]",2025-08-14,3,Host Approval Logic,host-0093
notify_admin,"[""moderation"", ""rules""]",2025-08-14,3,Host Approval Logic,host-0094
notify_admin,"[""moderation"", ""rules""]",2025-08-14,3,Host Approval Logic,host-0095
notify_admin,"[""moderation"", ""rules""]",2025-08-14,3,Host Approval Logic,host-0096
notify_admin,"[""moderation"", ""rules""]",2025-08-14,3,Host Approval Logic,host-0097
notify_admin,"[""moderation"", ""rules""]",2025-08-14,3,Host Approval Logic,host-0098
notify_admin,"[""moderation"", ""rules""]",2025-08-14,3,Host Approval Logic,host-0099
notify_admin,"[""moderation"", ""rules""]",2025-08-14,3,Host Approval Logic,host-0100
notify_admin,"[""moderation"", ""rules""]",2025-08-14,3,Host Approval Logic,host-0101
notify_admin,"[""moderation"", ""rules""]",2025-08-14,3,Host Approval Logic,host-0102
notify_admin,"[""moderation"", ""rules""]",2025-08-14,3,Host Approval Logic,host-0103
notify_admin,"[""moderation"", ""rules""]",2025-08-14,3,Host Approval Logic,host-0104
notify_admin,"[""moderation"", ""rules""]",2025-08-14,3,Host Approval Logic,host-0105
notify_admin,"[""moderation"", ""rules""]",2025-08-14,3,Host Approval Logic,host-0106
notify_admin,"[""moderation"", ""rules""]",2025-08-14,3,Host Approval Logic,host-0107
notify_admin,"[""moderation"", ""rules""]",2025-08-14,3,Host Approval Logic,host-0108
notify_admin,"[""moderation"", ""rules""]",2025-08-14,3,Host Approval Logic,host-0109
notify_admin,"[""moderation"", ""rules""]",2025-08-14,3,Host Approval Logic,host-0110
notify_admin,"[""moderation"", ""rules""]",2025-08-14,3,Host Approval Logic,host-0111
notify_admin,"[""moderation"", ""rules""]",2025-08-14,3,Host Approval Logic,host-0112
notify_admin,"[""moderation"", ""rules""]",2025-08-14,3,Host Approval Logic,host-0113
notify_admin,"[""moderation"", ""rules""]",2025-08-14,3,Host Approval Logic,host-0114
notify_admin,"[""moderation"", ""rules""]",2025-08-14,3,Host Approval Logic,host-0115
notify_admin,"[""moderation"", ""rules""]",2025-08-14,3,Host Approval Logic,host-0116
notify_admin,"[""moderation"", ""rules""]",2025-08-14,3,Host Approval Logic,host-0117
notify_admin,"[""moderation"", ""rules""]",2025-08-14,3,Host Approval Logic,host-0118
notify_admin,"[""moderation"", ""rules""]",2025-08-14,3,Host Approval Logic,host-0119
notify_admin,"[""moderation"", ""rules""]",2025-08-14,3,Host Approval Logic,host-0120
notify_admin,"[""moderation"", ""rules""]",2025-08-14,3,Host Approval Logic,host-0121
notify_admin,"[""moderation"", ""rules""]",2025-08-14,3,Host Approval Logic,host-0122
notify_admin,"[""moderation"", ""rules""]",2025-08-14,3,Host Approval Logic,host-0123
notify_admin,"[""moderation"", ""rules""]",2025-08-14,3,Host Approval Logic,host-0124
notify_admin,"[""moderation"", ""rules""]",2025-08-14,3,Host Approval Logic,host-0125
notify_admin,"[""moderation"", ""rules""]",2025-08-14,3,Host Approval Logic,host-0126
notify_admin,"[""moderation"", ""rules""]",2025-08-14,3,Host Approval Logic,host-0127
notify_admin,"[""moderation"", ""rules""]",2025-08-14,3,Host Approval Logic,host-0128
notify_admin,"[""moderation"", ""rules""]",2025-08-14,3,Host Approval Logic,host-0129
notify_admin,"[""moderation"", ""rules""]",2025-08-14,3,Host Approval Logic,host-0130
notify_admin,"[""moderation"", ""rules""]",2025-08-14,3,Host Approval Logic,host-0131
notify_admin,"[""moderation"", ""rules""]",2025-08-14,3,Host Approval Logic,host-0132
notify_admin,"[""moderation"", ""rules""]",2025-08-14,3,Host Approval Logic,host-0133
notify_admin,"[""moderation"", ""rules""]",2025-08-14,3,Host Approval Logic,host-0134
notify_admin,"[""moderation"", ""rules""]",2025-08-14,3,Host Approval Logic,host-0135
notify_admin,"[""moderation"", ""rules""]",2025-08-14,3,Host Approval Logic,host-0136
notify_admin,"[""moderation"", ""rules""]",2025-08-14,3,Host Approval Logic,host-0137
notify_admin,"[""moderation"", ""rules""]",2025-08-14,3,Host Approval Logic,host-0138
notify_admin,"[""moderation"", ""rules""]",2025-08-14,3,Host Approval Logic,host-0139
notify_admin,"[""moderation"", ""rules""]",2025-08-14,3,Host Approval Logic,host-0140
notify_admin,"[""moderation"", ""rules""]",2025-08-14,3,Host Approval Logic,host-0141
notify_admin,"[""moderation"", ""rules""]",2025-08-14,3,Host Approval Logic,host-0142
notify_admin,"[""moderation"", ""rules""]",2025-08-14,3,Host Approval Logic,host-0143
notify_admin,"[""moderation"", ""rules""]",2025-08-14,3,Host Approval Logic,host-0144
notify_admin,"[""moderation"", ""rules""]",2025-08-14,3,Host Approval Logic,host-0145
notify_admin,"[""moderation"", ""rules""]",2025-08-14,3,Host Approval Logic,host-0146
notify_admin,"[""moderation"", ""rules""]",2025-08-14,3,Host Approval Logic,host-0147
notify_admin,"[""moderation"", ""rules""]",2025-08-14,3,Host Approval Logic,host-0148
notify_admin,"[""moderation"", ""rules""]",2025-08-14,3,Host Approval Logic,host-0149
notify_admin,"[""moderation"", ""rules""]",2025-08-14,3,Host Approval Logic,host-0150
notify_admin,"[""moderation"", ""rules""]",2025-08-14,3,Host Approval Logic,host-0151
notify_admin,"[""moderation"", ""rules""]",2025-08-14,3,Host Approval Logic,host-0152
notify_admin,"[""moderation"", ""rules""]",2025-08-14,3,Host Approval Logic,host-0153
notify_admin,"[""moderation"", ""rules""]",2025-08-14,3,Host Approval Logic,host-0154
notify_admin,"[""moderation"", ""rules""]",2025-08-14,3,Host Approval Logic,host-0155
notify_admin,"[""moderation"", ""rules""]",2025-08-14,3,Host Approval Logic,host-0156
notify_admin,"[""moderation"", ""rules""]",2025-08-14,3,Host Approval Logic,host-0157
notify_admin,"[""moderation"", ""rules""]",2025-08-14,3,Host Approval Logic,host-0158
notify_admin,"[""moderation"", ""rules""]",2025-08-14,3,Host Approval Logic,host-0159
notify_admin,"[""moderation"", ""rules""]",2025-08-14,3,Host Approval Logic,host-0160
notify_admin,"[""moderation"", ""rules""]",2025-08-14,3,Host Approval Logic,host-0161
notify_admin,"[""moderation"", ""rules""]",2025-08-14,3,Host Approval Logic,host-0162
notify_admin,"[""moderation"", ""rules""]",2025-08-14,3,Host Approval Logic,host-0163
notify_admin,"[""moderation"", ""rules""]",2025-08-14,3,Host Approval Logic,host-0164
notify_admin,"[""moderation"", ""rules""]",2025-08-14,3,Host Approval Logic,host-0165
notify_admin,"[""moderation"", ""rules""]",2025-08-14,3,Host Approval Logic,host-0166
notify_admin,"[""moderation"", ""rules""]",2025-08-14,3,Host Approval Logic,host-0167
notify_admin,"[""moderation"", ""rules""]",2025-08-14,3,Host Approval Logic,host-0168
notify_admin,"[""moderation"", ""rules""]",2025-08-14,3,Host Approval Logic,host-0169
notify_admin,"[""moderation"", ""rules""]",2025-08-14,3,Host Approval Logic,host-0170
notify_admin,"[""moderation"", ""rules""]",2025-08-14,3,Host Approval Logic,host-0171
notify_admin,"[""moderation"", ""rules""]",2025-08-14,3,Host Approval Logic,host-0172
notify_admin,"[""moderation"", ""rules""]",2025-08-14,3,Host Approval Logic,host-0173
notify_admin,"[""moderation"", ""rules""]",2025-08-14,3,Host Approval Logic,host-0174
notify_admin,"[""moderation"", ""rules""]",2025-08-14,3,Host Approval Logic,host-0175
notify_admin,"[""moderation"", ""rules""]",2025-08-14,3,Host Approval Logic,host-0176
notify_admin,"[""moderation"", ""rules""]",2025-08-14,3,Host Approval Logic,host-0177
notify_admin,"[""moderation"", ""rules""]",2025-08-14,3,Host Approval Logic,host-0178
notify_admin,"[""moderation"", ""rules""]",2025-08-14,3,Host Approval Logic,host-0179
notify_admin,"[""moderation"", ""rules""]",2025-08-14,3,Host Approval Logic,host-0180
notify_admin,"[""moderation"", ""rules""]",2025-08-14,3,Host Approval Logic,host-0181
notify_admin,"[""moderation"", ""rules""]",2025-08-14,3,Host Approval Logic,host-0182
notify_admin,"[""moderation"", ""rules""]",2025-08-14,3,Host Approval Logic,host-0183
notify_admin,"[""moderation"", ""rules""]",2025-08-14,3,Host Approval Logic,host-0184
notify_admin,"[""moderation"", ""rules""]",2025-08-14,3,Host Approval Logic,host-0185
notify_admin,"[""moderation"", ""rules""]",2025-08-14,3,Host Approval Logic,host-0186
notify_admin,"[""moderation"", ""rules""]",2025-08-14,3,Host Approval Logic,host-0187
notify_admin,"[""moderation"", ""rules""]",2025-08-14,3,Host Approval Logic,host-0188
notify_admin,"[""moderation"", ""rules""]",2025-08-14,3,Host Approval Logic,host-0189
notify_admin,"[""moderation"", ""rules""]",2025-08-14,3,Host Approval Logic,host-0190
notify_admin,"[""moderation"", ""rules""]",2025-08-14,3,Host Approval Logic,host-0191
notify_admin,"[""moderation"", ""rules""]",2025-08-14,3,Host Approval Logic,host-0192
notify_admin,"[""moderation"", ""rules""]",2025-08-14,3,Host Approval Logic,host-0193
notify_admin,"[""moderation"", ""rules""]",2025-08-14,3,Host Approval Logic,host-0194
notify_admin,"[""moderation"", ""rules""]",2025-08-14,3,Host Approval Logic,host-0195
notify_admin,"[""moderation"", ""rules""]",2025-08-14,3,Host Approval Logic,host-0196
notify_admin,"[""moderation"", ""rules""]",2025-08-14,3,Host Approval Logic,host-0197
notify_admin,"[""moderation"", ""rules""]",2025-08-14,3,Host Approval Logic,host-0198
notify_admin,"[""moderation"", ""rules""]",2025-08-14,3,Host Approval Logic,host-0199
notify_admin,"[""moderation"", ""rules""]",2025-08-14,3,Host Approval Logic,host-0200
notify_admin,"[""moderation"", ""rules""]",2025-08-14,3,Host Approval Logic,host-0201
notify_admin,"[""moderation"", ""rules""]",2025-08-14,3,Host Approval Logic,host-0202
notify_admin,"[""moderation"", ""rules""]",2025-08-14,3,Host Approval Logic,host-0203
notify_admin,"[""moderation"", ""rules""]",2025-08-14,3,Host Approval Logic,host-0204
notify_admin,"[""moderation"", ""rules""]",2025-08-14,3,Host Approval Logic,host-0205
notify_admin,"[""moderation"", ""rules""]",2025-08-14,3,Host Approval Logic,host-0206
notify_admin,"[""moderation"", ""rules""]",2025-08-14,3,Host Approval Logic,host-0207
notify_admin,"[""moderation"", ""rules""]",2025-08-14,3,Host Approval Logic,host-0208
notify_admin,"[""moderation"", ""rules""]",2025-08-14,3,Host Approval Logic,host-0209
notify_admin,"[""moderation"", ""rules""]",2025-08-14,3,Host Approval Logic,host-0210
notify_admin,"[""moderation"", ""rules""]",2025-08-14,3,Host Approval Logic,host-0211
notify_admin,"[""moderation"", ""rules""]",2025-08-14,3,Host Approval Logic,host-0212
notify_admin,"[""moderation"", ""rules""]",2025-08-14,3,Host Approval Logic,host-0213
notify_admin,"[""moderation"", ""rules""]",2025-08-14,3,Host Approval Logic,host-0214
notify_admin,"[""moderation"", ""rules""]",2025-08-14,3,Host Approval Logic,host-0215
notify_admin,"[""moderation"", ""rules""]",2025-08-14,3,Host Approval Logic,host-0216
notify_admin,"[""moderation"", ""rules""]",2025-08-14,3,Host Approval Logic,host-0217
notify_admin,"[""moderation"", ""rules""]",2025-08-14,3,Host Approval Logic,host-0218
notify_admin,"[""moderation"", ""rules""]",2025-08-14,3,Host Approval Logic,host-0219
notify_admin,"[""moderation"", ""rules""]",2025-08-14,3,Host Approval Logic,host-0220
