html_snippet,tags,last_updated,category,id,block_name
<section class='hero'><h2>Title</h2></section>,"[""wordpress"", ""block""]",2025-08-14,HTML/WordPress Block,wp-0001,hero-1
<section class='hero'><h2>Title</h2></section>,"[""wordpress"", ""block""]",2025-08-14,HTML/WordPress Block,wp-0002,hero-2
<section class='hero'><h2>Title</h2></section>,"[""wordpress"", ""block""]",2025-08-14,HTML/WordPress Block,wp-0003,hero-3
<section class='hero'><h2>Title</h2></section>,"[""wordpress"", ""block""]",2025-08-14,HTML/WordPress Block,wp-0004,hero-4
<section class='hero'><h2>Title</h2></section>,"[""wordpress"", ""block""]",2025-08-14,HTML/WordPress Block,wp-0005,hero-5
<section class='hero'><h2>Title</h2></section>,"[""wordpress"", ""block""]",2025-08-14,HTML/WordPress Block,wp-0006,hero-6
<section class='hero'><h2>Title</h2></section>,"[""wordpress"", ""block""]",2025-08-14,HTML/WordPress Block,wp-0007,hero-7
<section class='hero'><h2>Title</h2></section>,"[""wordpress"", ""block""]",2025-08-14,HTML/WordPress Block,wp-0008,hero-8
<section class='hero'><h2>Title</h2></section>,"[""wordpress"", ""block""]",2025-08-14,HTML/WordPress Block,wp-0009,hero-9
<section class='hero'><h2>Title</h2></section>,"[""wordpress"", ""block""]",2025-08-14,HTML/WordPress Block,wp-0010,hero-10
<section class='hero'><h2>Title</h2></section>,"[""wordpress"", ""block""]",2025-08-14,HTML/WordPress Block,wp-0011,hero-11
<section class='hero'><h2>Title</h2></section>,"[""wordpress"", ""block""]",2025-08-14,HTML/WordPress Block,wp-0012,hero-12
<section class='hero'><h2>Title</h2></section>,"[""wordpress"", ""block""]",2025-08-14,HTML/WordPress Block,wp-0013,hero-13
<section class='hero'><h2>Title</h2></section>,"[""wordpress"", ""block""]",2025-08-14,HTML/WordPress Block,wp-0014,hero-14
<section class='hero'><h2>Title</h2></section>,"[""wordpress"", ""block""]",2025-08-14,HTML/WordPress Block,wp-0015,hero-15
<section class='hero'><h2>Title</h2></section>,"[""wordpress"", ""block""]",2025-08-14,HTML/WordPress Block,wp-0016,hero-16
<section class='hero'><h2>Title</h2></section>,"[""wordpress"", ""block""]",2025-08-14,HTML/WordPress Block,wp-0017,hero-17
<section class='hero'><h2>Title</h2></section>,"[""wordpress"", ""block""]",2025-08-14,HTML/WordPress Block,wp-0018,hero-18
<section class='hero'><h2>Title</h2></section>,"[""wordpress"", ""block""]",2025-08-14,HTML/WordPress Block,wp-0019,hero-19
<section class='hero'><h2>Title</h2></section>,"[""wordpress"", ""block""]",2025-08-14,HTML/WordPress Block,wp-0020,hero-20
<section class='hero'><h2>Title</h2></section>,"[""wordpress"", ""block""]",2025-08-14,HTML/WordPress Block,wp-0021,hero-21
<section class='hero'><h2>Title</h2></section>,"[""wordpress"", ""block""]",2025-08-14,HTML/WordPress Block,wp-0022,hero-22
<section class='hero'><h2>Title</h2></section>,"[""wordpress"", ""block""]",2025-08-14,HTML/WordPress Block,wp-0023,hero-23
<section class='hero'><h2>Title</h2></section>,"[""wordpress"", ""block""]",2025-08-14,HTML/WordPress Block,wp-0024,hero-24
<section class='hero'><h2>Title</h2></section>,"[""wordpress"", ""block""]",2025-08-14,HTML/WordPress Block,wp-0025,hero-25
<section class='hero'><h2>Title</h2></section>,"[""wordpress"", ""block""]",2025-08-14,HTML/WordPress Block,wp-0026,hero-26
<section class='hero'><h2>Title</h2></section>,"[""wordpress"", ""block""]",2025-08-14,HTML/WordPress Block,wp-0027,hero-27
<section class='hero'><h2>Title</h2></section>,"[""wordpress"", ""block""]",2025-08-14,HTML/WordPress Block,wp-0028,hero-28
<section class='hero'><h2>Title</h2></section>,"[""wordpress"", ""block""]",2025-08-14,HTML/WordPress Block,wp-0029,hero-29
<section class='hero'><h2>Title</h2></section>,"[""wordpress"", ""block""]",2025-08-14,HTML/WordPress Block,wp-0030,hero-30
<section class='hero'><h2>Title</h2></section>,"[""wordpress"", ""block""]",2025-08-14,HTML/WordPress Block,wp-0031,hero-31
<section class='hero'><h2>Title</h2></section>,"[""wordpress"", ""block""]",2025-08-14,HTML/WordPress Block,wp-0032,hero-32
<section class='hero'><h2>Title</h2></section>,"[""wordpress"", ""block""]",2025-08-14,HTML/WordPress Block,wp-0033,hero-33
<section class='hero'><h2>Title</h2></section>,"[""wordpress"", ""block""]",2025-08-14,HTML/WordPress Block,wp-0034,hero-34
<section class='hero'><h2>Title</h2></section>,"[""wordpress"", ""block""]",2025-08-14,HTML/WordPress Block,wp-0035,hero-35
<section class='hero'><h2>Title</h2></section>,"[""wordpress"", ""block""]",2025-08-14,HTML/WordPress Block,wp-0036,hero-36
<section class='hero'><h2>Title</h2></section>,"[""wordpress"", ""block""]",2025-08-14,HTML/WordPress Block,wp-0037,hero-37
<section class='hero'><h2>Title</h2></section>,"[""wordpress"", ""block""]",2025-08-14,HTML/WordPress Block,wp-0038,hero-38
<section class='hero'><h2>Title</h2></section>,"[""wordpress"", ""block""]",2025-08-14,HTML/WordPress Block,wp-0039,hero-39
<section class='hero'><h2>Title</h2></section>,"[""wordpress"", ""block""]",2025-08-14,HTML/WordPress Block,wp-0040,hero-40
<section class='hero'><h2>Title</h2></section>,"[""wordpress"", ""block""]",2025-08-14,HTML/WordPress Block,wp-0041,hero-41
<section class='hero'><h2>Title</h2></section>,"[""wordpress"", ""block""]",2025-08-14,HTML/WordPress Block,wp-0042,hero-42
<section class='hero'><h2>Title</h2></section>,"[""wordpress"", ""block""]",2025-08-14,HTML/WordPress Block,wp-0043,hero-43
<section class='hero'><h2>Title</h2></section>,"[""wordpress"", ""block""]",2025-08-14,HTML/WordPress Block,wp-0044,hero-44
<section class='hero'><h2>Title</h2></section>,"[""wordpress"", ""block""]",2025-08-14,HTML/WordPress Block,wp-0045,hero-45
<section class='hero'><h2>Title</h2></section>,"[""wordpress"", ""block""]",2025-08-14,HTML/WordPress Block,wp-0046,hero-46
<section class='hero'><h2>Title</h2></section>,"[""wordpress"", ""block""]",2025-08-14,HTML/WordPress Block,wp-0047,hero-47
<section class='hero'><h2>Title</h2></section>,"[""wordpress"", ""block""]",2025-08-14,HTML/WordPress Block,wp-0048,hero-48
<section class='hero'><h2>Title</h2></section>,"[""wordpress"", ""block""]",2025-08-14,HTML/WordPress Block,wp-0049,hero-49
<section class='hero'><h2>Title</h2></section>,"[""wordpress"", ""block""]",2025-08-14,HTML/WordPress Block,wp-0050,hero-50
<section class='hero'><h2>Title</h2></section>,"[""wordpress"", ""block""]",2025-08-14,HTML/WordPress Block,wp-0051,hero-51
<section class='hero'><h2>Title</h2></section>,"[""wordpress"", ""block""]",2025-08-14,HTML/WordPress Block,wp-0052,hero-52
<section class='hero'><h2>Title</h2></section>,"[""wordpress"", ""block""]",2025-08-14,HTML/WordPress Block,wp-0053,hero-53
<section class='hero'><h2>Title</h2></section>,"[""wordpress"", ""block""]",2025-08-14,HTML/WordPress Block,wp-0054,hero-54
<section class='hero'><h2>Title</h2></section>,"[""wordpress"", ""block""]",2025-08-14,HTML/WordPress Block,wp-0055,hero-55
<section class='hero'><h2>Title</h2></section>,"[""wordpress"", ""block""]",2025-08-14,HTML/WordPress Block,wp-0056,hero-56
<section class='hero'><h2>Title</h2></section>,"[""wordpress"", ""block""]",2025-08-14,HTML/WordPress Block,wp-0057,hero-57
<section class='hero'><h2>Title</h2></section>,"[""wordpress"", ""block""]",2025-08-14,HTML/WordPress Block,wp-0058,hero-58
<section class='hero'><h2>Title</h2></section>,"[""wordpress"", ""block""]",2025-08-14,HTML/WordPress Block,wp-0059,hero-59
<section class='hero'><h2>Title</h2></section>,"[""wordpress"", ""block""]",2025-08-14,HTML/WordPress Block,wp-0060,hero-60
<section class='hero'><h2>Title</h2></section>,"[""wordpress"", ""block""]",2025-08-14,HTML/WordPress Block,wp-0061,hero-61
<section class='hero'><h2>Title</h2></section>,"[""wordpress"", ""block""]",2025-08-14,HTML/WordPress Block,wp-0062,hero-62
<section class='hero'><h2>Title</h2></section>,"[""wordpress"", ""block""]",2025-08-14,HTML/WordPress Block,wp-0063,hero-63
<section class='hero'><h2>Title</h2></section>,"[""wordpress"", ""block""]",2025-08-14,HTML/WordPress Block,wp-0064,hero-64
<section class='hero'><h2>Title</h2></section>,"[""wordpress"", ""block""]",2025-08-14,HTML/WordPress Block,wp-0065,hero-65
<section class='hero'><h2>Title</h2></section>,"[""wordpress"", ""block""]",2025-08-14,HTML/WordPress Block,wp-0066,hero-66
<section class='hero'><h2>Title</h2></section>,"[""wordpress"", ""block""]",2025-08-14,HTML/WordPress Block,wp-0067,hero-67
<section class='hero'><h2>Title</h2></section>,"[""wordpress"", ""block""]",2025-08-14,HTML/WordPress Block,wp-0068,hero-68
<section class='hero'><h2>Title</h2></section>,"[""wordpress"", ""block""]",2025-08-14,HTML/WordPress Block,wp-0069,hero-69
<section class='hero'><h2>Title</h2></section>,"[""wordpress"", ""block""]",2025-08-14,HTML/WordPress Block,wp-0070,hero-70
<section class='hero'><h2>Title</h2></section>,"[""wordpress"", ""block""]",2025-08-14,HTML/WordPress Block,wp-0071,hero-71
<section class='hero'><h2>Title</h2></section>,"[""wordpress"", ""block""]",2025-08-14,HTML/WordPress Block,wp-0072,hero-72
<section class='hero'><h2>Title</h2></section>,"[""wordpress"", ""block""]",2025-08-14,HTML/WordPress Block,wp-0073,hero-73
<section class='hero'><h2>Title</h2></section>,"[""wordpress"", ""block""]",2025-08-14,HTML/WordPress Block,wp-0074,hero-74
<section class='hero'><h2>Title</h2></section>,"[""wordpress"", ""block""]",2025-08-14,HTML/WordPress Block,wp-0075,hero-75
<section class='hero'><h2>Title</h2></section>,"[""wordpress"", ""block""]",2025-08-14,HTML/WordPress Block,wp-0076,hero-76
<section class='hero'><h2>Title</h2></section>,"[""wordpress"", ""block""]",2025-08-14,HTML/WordPress Block,wp-0077,hero-77
<section class='hero'><h2>Title</h2></section>,"[""wordpress"", ""block""]",2025-08-14,HTML/WordPress Block,wp-0078,hero-78
<section class='hero'><h2>Title</h2></section>,"[""wordpress"", ""block""]",2025-08-14,HTML/WordPress Block,wp-0079,hero-79
<section class='hero'><h2>Title</h2></section>,"[""wordpress"", ""block""]",2025-08-14,HTML/WordPress Block,wp-0080,hero-80
<section class='hero'><h2>Title</h2></section>,"[""wordpress"", ""block""]",2025-08-14,HTML/WordPress Block,wp-0081,hero-81
<section class='hero'><h2>Title</h2></section>,"[""wordpress"", ""block""]",2025-08-14,HTML/WordPress Block,wp-0082,hero-82
<section class='hero'><h2>Title</h2></section>,"[""wordpress"", ""block""]",2025-08-14,HTML/WordPress Block,wp-0083,hero-83
<section class='hero'><h2>Title</h2></section>,"[""wordpress"", ""block""]",2025-08-14,HTML/WordPress Block,wp-0084,hero-84
<section class='hero'><h2>Title</h2></section>,"[""wordpress"", ""block""]",2025-08-14,HTML/WordPress Block,wp-0085,hero-85
<section class='hero'><h2>Title</h2></section>,"[""wordpress"", ""block""]",2025-08-14,HTML/WordPress Block,wp-0086,hero-86
<section class='hero'><h2>Title</h2></section>,"[""wordpress"", ""block""]",2025-08-14,HTML/WordPress Block,wp-0087,hero-87
<section class='hero'><h2>Title</h2></section>,"[""wordpress"", ""block""]",2025-08-14,HTML/WordPress Block,wp-0088,hero-88
<section class='hero'><h2>Title</h2></section>,"[""wordpress"", ""block""]",2025-08-14,HTML/WordPress Block,wp-0089,hero-89
<section class='hero'><h2>Title</h2></section>,"[""wordpress"", ""block""]",2025-08-14,HTML/WordPress Block,wp-0090,hero-90
<section class='hero'><h2>Title</h2></section>,"[""wordpress"", ""block""]",2025-08-14,HTML/WordPress Block,wp-0091,hero-91
<section class='hero'><h2>Title</h2></section>,"[""wordpress"", ""block""]",2025-08-14,HTML/WordPress Block,wp-0092,hero-92
<section class='hero'><h2>Title</h2></section>,"[""wordpress"", ""block""]",2025-08-14,HTML/WordPress Block,wp-0093,hero-93
<section class='hero'><h2>Title</h2></section>,"[""wordpress"", ""block""]",2025-08-14,HTML/WordPress Block,wp-0094,hero-94
<section class='hero'><h2>Title</h2></section>,"[""wordpress"", ""block""]",2025-08-14,HTML/WordPress Block,wp-0095,hero-95
<section class='hero'><h2>Title</h2></section>,"[""wordpress"", ""block""]",2025-08-14,HTML/WordPress Block,wp-0096,hero-96
<section class='hero'><h2>Title</h2></section>,"[""wordpress"", ""block""]",2025-08-14,HTML/WordPress Block,wp-0097,hero-97
<section class='hero'><h2>Title</h2></section>,"[""wordpress"", ""block""]",2025-08-14,HTML/WordPress Block,wp-0098,hero-98
<section class='hero'><h2>Title</h2></section>,"[""wordpress"", ""block""]",2025-08-14,HTML/WordPress Block,wp-0099,hero-99
<section class='hero'><h2>Title</h2></section>,"[""wordpress"", ""block""]",2025-08-14,HTML/WordPress Block,wp-0100,hero-100
<section class='hero'><h2>Title</h2></section>,"[""wordpress"", ""block""]",2025-08-14,HTML/WordPress Block,wp-0101,hero-101
<section class='hero'><h2>Title</h2></section>,"[""wordpress"", ""block""]",2025-08-14,HTML/WordPress Block,wp-0102,hero-102
<section class='hero'><h2>Title</h2></section>,"[""wordpress"", ""block""]",2025-08-14,HTML/WordPress Block,wp-0103,hero-103
<section class='hero'><h2>Title</h2></section>,"[""wordpress"", ""block""]",2025-08-14,HTML/WordPress Block,wp-0104,hero-104
<section class='hero'><h2>Title</h2></section>,"[""wordpress"", ""block""]",2025-08-14,HTML/WordPress Block,wp-0105,hero-105
<section class='hero'><h2>Title</h2></section>,"[""wordpress"", ""block""]",2025-08-14,HTML/WordPress Block,wp-0106,hero-106
<section class='hero'><h2>Title</h2></section>,"[""wordpress"", ""block""]",2025-08-14,HTML/WordPress Block,wp-0107,hero-107
<section class='hero'><h2>Title</h2></section>,"[""wordpress"", ""block""]",2025-08-14,HTML/WordPress Block,wp-0108,hero-108
<section class='hero'><h2>Title</h2></section>,"[""wordpress"", ""block""]",2025-08-14,HTML/WordPress Block,wp-0109,hero-109
<section class='hero'><h2>Title</h2></section>,"[""wordpress"", ""block""]",2025-08-14,HTML/WordPress Block,wp-0110,hero-110
<section class='hero'><h2>Title</h2></section>,"[""wordpress"", ""block""]",2025-08-14,HTML/WordPress Block,wp-0111,hero-111
<section class='hero'><h2>Title</h2></section>,"[""wordpress"", ""block""]",2025-08-14,HTML/WordPress Block,wp-0112,hero-112
<section class='hero'><h2>Title</h2></section>,"[""wordpress"", ""block""]",2025-08-14,HTML/WordPress Block,wp-0113,hero-113
<section class='hero'><h2>Title</h2></section>,"[""wordpress"", ""block""]",2025-08-14,HTML/WordPress Block,wp-0114,hero-114
<section class='hero'><h2>Title</h2></section>,"[""wordpress"", ""block""]",2025-08-14,HTML/WordPress Block,wp-0115,hero-115
<section class='hero'><h2>Title</h2></section>,"[""wordpress"", ""block""]",2025-08-14,HTML/WordPress Block,wp-0116,hero-116
<section class='hero'><h2>Title</h2></section>,"[""wordpress"", ""block""]",2025-08-14,HTML/WordPress Block,wp-0117,hero-117
<section class='hero'><h2>Title</h2></section>,"[""wordpress"", ""block""]",2025-08-14,HTML/WordPress Block,wp-0118,hero-118
<section class='hero'><h2>Title</h2></section>,"[""wordpress"", ""block""]",2025-08-14,HTML/WordPress Block,wp-0119,hero-119
<section class='hero'><h2>Title</h2></section>,"[""wordpress"", ""block""]",2025-08-14,HTML/WordPress Block,wp-0120,hero-120
<section class='hero'><h2>Title</h2></section>,"[""wordpress"", ""block""]",2025-08-14,HTML/WordPress Block,wp-0121,hero-121
<section class='hero'><h2>Title</h2></section>,"[""wordpress"", ""block""]",2025-08-14,HTML/WordPress Block,wp-0122,hero-122
<section class='hero'><h2>Title</h2></section>,"[""wordpress"", ""block""]",2025-08-14,HTML/WordPress Block,wp-0123,hero-123
<section class='hero'><h2>Title</h2></section>,"[""wordpress"", ""block""]",2025-08-14,HTML/WordPress Block,wp-0124,hero-124
<section class='hero'><h2>Title</h2></section>,"[""wordpress"", ""block""]",2025-08-14,HTML/WordPress Block,wp-0125,hero-125
<section class='hero'><h2>Title</h2></section>,"[""wordpress"", ""block""]",2025-08-14,HTML/WordPress Block,wp-0126,hero-126
<section class='hero'><h2>Title</h2></section>,"[""wordpress"", ""block""]",2025-08-14,HTML/WordPress Block,wp-0127,hero-127
<section class='hero'><h2>Title</h2></section>,"[""wordpress"", ""block""]",2025-08-14,HTML/WordPress Block,wp-0128,hero-128
<section class='hero'><h2>Title</h2></section>,"[""wordpress"", ""block""]",2025-08-14,HTML/WordPress Block,wp-0129,hero-129
<section class='hero'><h2>Title</h2></section>,"[""wordpress"", ""block""]",2025-08-14,HTML/WordPress Block,wp-0130,hero-130
<section class='hero'><h2>Title</h2></section>,"[""wordpress"", ""block""]",2025-08-14,HTML/WordPress Block,wp-0131,hero-131
<section class='hero'><h2>Title</h2></section>,"[""wordpress"", ""block""]",2025-08-14,HTML/WordPress Block,wp-0132,hero-132
<section class='hero'><h2>Title</h2></section>,"[""wordpress"", ""block""]",2025-08-14,HTML/WordPress Block,wp-0133,hero-133
<section class='hero'><h2>Title</h2></section>,"[""wordpress"", ""block""]",2025-08-14,HTML/WordPress Block,wp-0134,hero-134
<section class='hero'><h2>Title</h2></section>,"[""wordpress"", ""block""]",2025-08-14,HTML/WordPress Block,wp-0135,hero-135
<section class='hero'><h2>Title</h2></section>,"[""wordpress"", ""block""]",2025-08-14,HTML/WordPress Block,wp-0136,hero-136
<section class='hero'><h2>Title</h2></section>,"[""wordpress"", ""block""]",2025-08-14,HTML/WordPress Block,wp-0137,hero-137
<section class='hero'><h2>Title</h2></section>,"[""wordpress"", ""block""]",2025-08-14,HTML/WordPress Block,wp-0138,hero-138
<section class='hero'><h2>Title</h2></section>,"[""wordpress"", ""block""]",2025-08-14,HTML/WordPress Block,wp-0139,hero-139
<section class='hero'><h2>Title</h2></section>,"[""wordpress"", ""block""]",2025-08-14,HTML/WordPress Block,wp-0140,hero-140
<section class='hero'><h2>Title</h2></section>,"[""wordpress"", ""block""]",2025-08-14,HTML/WordPress Block,wp-0141,hero-141
<section class='hero'><h2>Title</h2></section>,"[""wordpress"", ""block""]",2025-08-14,HTML/WordPress Block,wp-0142,hero-142
<section class='hero'><h2>Title</h2></section>,"[""wordpress"", ""block""]",2025-08-14,HTML/WordPress Block,wp-0143,hero-143
<section class='hero'><h2>Title</h2></section>,"[""wordpress"", ""block""]",2025-08-14,HTML/WordPress Block,wp-0144,hero-144
<section class='hero'><h2>Title</h2></section>,"[""wordpress"", ""block""]",2025-08-14,HTML/WordPress Block,wp-0145,hero-145
<section class='hero'><h2>Title</h2></section>,"[""wordpress"", ""block""]",2025-08-14,HTML/WordPress Block,wp-0146,hero-146
<section class='hero'><h2>Title</h2></section>,"[""wordpress"", ""block""]",2025-08-14,HTML/WordPress Block,wp-0147,hero-147
<section class='hero'><h2>Title</h2></section>,"[""wordpress"", ""block""]",2025-08-14,HTML/WordPress Block,wp-0148,hero-148
<section class='hero'><h2>Title</h2></section>,"[""wordpress"", ""block""]",2025-08-14,HTML/WordPress Block,wp-0149,hero-149
<section class='hero'><h2>Title</h2></section>,"[""wordpress"", ""block""]",2025-08-14,HTML/WordPress Block,wp-0150,hero-150
<section class='hero'><h2>Title</h2></section>,"[""wordpress"", ""block""]",2025-08-14,HTML/WordPress Block,wp-0151,hero-151
<section class='hero'><h2>Title</h2></section>,"[""wordpress"", ""block""]",2025-08-14,HTML/WordPress Block,wp-0152,hero-152
<section class='hero'><h2>Title</h2></section>,"[""wordpress"", ""block""]",2025-08-14,HTML/WordPress Block,wp-0153,hero-153
<section class='hero'><h2>Title</h2></section>,"[""wordpress"", ""block""]",2025-08-14,HTML/WordPress Block,wp-0154,hero-154
<section class='hero'><h2>Title</h2></section>,"[""wordpress"", ""block""]",2025-08-14,HTML/WordPress Block,wp-0155,hero-155
<section class='hero'><h2>Title</h2></section>,"[""wordpress"", ""block""]",2025-08-14,HTML/WordPress Block,wp-0156,hero-156
<section class='hero'><h2>Title</h2></section>,"[""wordpress"", ""block""]",2025-08-14,HTML/WordPress Block,wp-0157,hero-157
<section class='hero'><h2>Title</h2></section>,"[""wordpress"", ""block""]",2025-08-14,HTML/WordPress Block,wp-0158,hero-158
<section class='hero'><h2>Title</h2></section>,"[""wordpress"", ""block""]",2025-08-14,HTML/WordPress Block,wp-0159,hero-159
<section class='hero'><h2>Title</h2></section>,"[""wordpress"", ""block""]",2025-08-14,HTML/WordPress Block,wp-0160,hero-160
<section class='hero'><h2>Title</h2></section>,"[""wordpress"", ""block""]",2025-08-14,HTML/WordPress Block,wp-0161,hero-161
<section class='hero'><h2>Title</h2></section>,"[""wordpress"", ""block""]",2025-08-14,HTML/WordPress Block,wp-0162,hero-162
<section class='hero'><h2>Title</h2></section>,"[""wordpress"", ""block""]",2025-08-14,HTML/WordPress Block,wp-0163,hero-163
<section class='hero'><h2>Title</h2></section>,"[""wordpress"", ""block""]",2025-08-14,HTML/WordPress Block,wp-0164,hero-164
<section class='hero'><h2>Title</h2></section>,"[""wordpress"", ""block""]",2025-08-14,HTML/WordPress Block,wp-0165,hero-165
<section class='hero'><h2>Title</h2></section>,"[""wordpress"", ""block""]",2025-08-14,HTML/WordPress Block,wp-0166,hero-166
<section class='hero'><h2>Title</h2></section>,"[""wordpress"", ""block""]",2025-08-14,HTML/WordPress Block,wp-0167,hero-167
<section class='hero'><h2>Title</h2></section>,"[""wordpress"", ""block""]",2025-08-14,HTML/WordPress Block,wp-0168,hero-168
<section class='hero'><h2>Title</h2></section>,"[""wordpress"", ""block""]",2025-08-14,HTML/WordPress Block,wp-0169,hero-169
<section class='hero'><h2>Title</h2></section>,"[""wordpress"", ""block""]",2025-08-14,HTML/WordPress Block,wp-0170,hero-170
<section class='hero'><h2>Title</h2></section>,"[""wordpress"", ""block""]",2025-08-14,HTML/WordPress Block,wp-0171,hero-171
<section class='hero'><h2>Title</h2></section>,"[""wordpress"", ""block""]",2025-08-14,HTML/WordPress Block,wp-0172,hero-172
<section class='hero'><h2>Title</h2></section>,"[""wordpress"", ""block""]",2025-08-14,HTML/WordPress Block,wp-0173,hero-173
<section class='hero'><h2>Title</h2></section>,"[""wordpress"", ""block""]",2025-08-14,HTML/WordPress Block,wp-0174,hero-174
<section class='hero'><h2>Title</h2></section>,"[""wordpress"", ""block""]",2025-08-14,HTML/WordPress Block,wp-0175,hero-175
<section class='hero'><h2>Title</h2></section>,"[""wordpress"", ""block""]",2025-08-14,HTML/WordPress Block,wp-0176,hero-176
<section class='hero'><h2>Title</h2></section>,"[""wordpress"", ""block""]",2025-08-14,HTML/WordPress Block,wp-0177,hero-177
<section class='hero'><h2>Title</h2></section>,"[""wordpress"", ""block""]",2025-08-14,HTML/WordPress Block,wp-0178,hero-178
<section class='hero'><h2>Title</h2></section>,"[""wordpress"", ""block""]",2025-08-14,HTML/WordPress Block,wp-0179,hero-179
<section class='hero'><h2>Title</h2></section>,"[""wordpress"", ""block""]",2025-08-14,HTML/WordPress Block,wp-0180,hero-180
<section class='hero'><h2>Title</h2></section>,"[""wordpress"", ""block""]",2025-08-14,HTML/WordPress Block,wp-0181,hero-181
<section class='hero'><h2>Title</h2></section>,"[""wordpress"", ""block""]",2025-08-14,HTML/WordPress Block,wp-0182,hero-182
<section class='hero'><h2>Title</h2></section>,"[""wordpress"", ""block""]",2025-08-14,HTML/WordPress Block,wp-0183,hero-183
<section class='hero'><h2>Title</h2></section>,"[""wordpress"", ""block""]",2025-08-14,HTML/WordPress Block,wp-0184,hero-184
<section class='hero'><h2>Title</h2></section>,"[""wordpress"", ""block""]",2025-08-14,HTML/WordPress Block,wp-0185,hero-185
<section class='hero'><h2>Title</h2></section>,"[""wordpress"", ""block""]",2025-08-14,HTML/WordPress Block,wp-0186,hero-186
<section class='hero'><h2>Title</h2></section>,"[""wordpress"", ""block""]",2025-08-14,HTML/WordPress Block,wp-0187,hero-187
<section class='hero'><h2>Title</h2></section>,"[""wordpress"", ""block""]",2025-08-14,HTML/WordPress Block,wp-0188,hero-188
<section class='hero'><h2>Title</h2></section>,"[""wordpress"", ""block""]",2025-08-14,HTML/WordPress Block,wp-0189,hero-189
<section class='hero'><h2>Title</h2></section>,"[""wordpress"", ""block""]",2025-08-14,HTML/WordPress Block,wp-0190,hero-190
<section class='hero'><h2>Title</h2></section>,"[""wordpress"", ""block""]",2025-08-14,HTML/WordPress Block,wp-0191,hero-191
<section class='hero'><h2>Title</h2></section>,"[""wordpress"", ""block""]",2025-08-14,HTML/WordPress Block,wp-0192,hero-192
<section class='hero'><h2>Title</h2></section>,"[""wordpress"", ""block""]",2025-08-14,HTML/WordPress Block,wp-0193,hero-193
<section class='hero'><h2>Title</h2></section>,"[""wordpress"", ""block""]",2025-08-14,HTML/WordPress Block,wp-0194,hero-194
<section class='hero'><h2>Title</h2></section>,"[""wordpress"", ""block""]",2025-08-14,HTML/WordPress Block,wp-0195,hero-195
<section class='hero'><h2>Title</h2></section>,"[""wordpress"", ""block""]",2025-08-14,HTML/WordPress Block,wp-0196,hero-196
<section class='hero'><h2>Title</h2></section>,"[""wordpress"", ""block""]",2025-08-14,HTML/WordPress Block,wp-0197,hero-197
<section class='hero'><h2>Title</h2></section>,"[""wordpress"", ""block""]",2025-08-14,HTML/WordPress Block,wp-0198,hero-198
<section class='hero'><h2>Title</h2></section>,"[""wordpress"", ""block""]",2025-08-14,HTML/WordPress Block,wp-0199,hero-199
<section class='hero'><h2>Title</h2></section>,"[""wordpress"", ""block""]",2025-08-14,HTML/WordPress Block,wp-0200,hero-200
<section class='hero'><h2>Title</h2></section>,"[""wordpress"", ""block""]",2025-08-14,HTML/WordPress Block,wp-0201,hero-201
<section class='hero'><h2>Title</h2></section>,"[""wordpress"", ""block""]",2025-08-14,HTML/WordPress Block,wp-0202,hero-202
<section class='hero'><h2>Title</h2></section>,"[""wordpress"", ""block""]",2025-08-14,HTML/WordPress Block,wp-0203,hero-203
<section class='hero'><h2>Title</h2></section>,"[""wordpress"", ""block""]",2025-08-14,HTML/WordPress Block,wp-0204,hero-204
<section class='hero'><h2>Title</h2></section>,"[""wordpress"", ""block""]",2025-08-14,HTML/WordPress Block,wp-0205,hero-205
<section class='hero'><h2>Title</h2></section>,"[""wordpress"", ""block""]",2025-08-14,HTML/WordPress Block,wp-0206,hero-206
<section class='hero'><h2>Title</h2></section>,"[""wordpress"", ""block""]",2025-08-14,HTML/WordPress Block,wp-0207,hero-207
<section class='hero'><h2>Title</h2></section>,"[""wordpress"", ""block""]",2025-08-14,HTML/WordPress Block,wp-0208,hero-208
<section class='hero'><h2>Title</h2></section>,"[""wordpress"", ""block""]",2025-08-14,HTML/WordPress Block,wp-0209,hero-209
<section class='hero'><h2>Title</h2></section>,"[""wordpress"", ""block""]",2025-08-14,HTML/WordPress Block,wp-0210,hero-210
<section class='hero'><h2>Title</h2></section>,"[""wordpress"", ""block""]",2025-08-14,HTML/WordPress Block,wp-0211,hero-211
<section class='hero'><h2>Title</h2></section>,"[""wordpress"", ""block""]",2025-08-14,HTML/WordPress Block,wp-0212,hero-212
<section class='hero'><h2>Title</h2></section>,"[""wordpress"", ""block""]",2025-08-14,HTML/WordPress Block,wp-0213,hero-213
<section class='hero'><h2>Title</h2></section>,"[""wordpress"", ""block""]",2025-08-14,HTML/WordPress Block,wp-0214,hero-214
<section class='hero'><h2>Title</h2></section>,"[""wordpress"", ""block""]",2025-08-14,HTML/WordPress Block,wp-0215,hero-215
<section class='hero'><h2>Title</h2></section>,"[""wordpress"", ""block""]",2025-08-14,HTML/WordPress Block,wp-0216,hero-216
<section class='hero'><h2>Title</h2></section>,"[""wordpress"", ""block""]",2025-08-14,HTML/WordPress Block,wp-0217,hero-217
<section class='hero'><h2>Title</h2></section>,"[""wordpress"", ""block""]",2025-08-14,HTML/WordPress Block,wp-0218,hero-218
<section class='hero'><h2>Title</h2></section>,"[""wordpress"", ""block""]",2025-08-14,HTML/WordPress Block,wp-0219,hero-219
<section class='hero'><h2>Title</h2></section>,"[""wordpress"", ""block""]",2025-08-14,HTML/WordPress Block,wp-0220,hero-220
