title,tags,last_updated,revenue_model,category,id
AI‑Powered Sponsorship Hub,"[""roadmap""]",2025-08-14,subscription,Idea Bank,idea-0001
AI‑Powered Sponsorship Hub,"[""roadmap""]",2025-08-14,subscription,Idea Bank,idea-0002
AI‑Powered Sponsorship Hub,"[""roadmap""]",2025-08-14,subscription,Idea Bank,idea-0003
AI‑Powered Sponsorship Hub,"[""roadmap""]",2025-08-14,subscription,Idea Bank,idea-0004
AI‑Powered Sponsorship Hub,"[""roadmap""]",2025-08-14,subscription,Idea Bank,idea-0005
AI‑Powered Sponsorship Hub,"[""roadmap""]",2025-08-14,subscription,Idea Bank,idea-0006
AI‑Powered Sponsorship Hub,"[""roadmap""]",2025-08-14,subscription,Idea Bank,idea-0007
AI‑Powered Sponsorship Hub,"[""roadmap""]",2025-08-14,subscription,Idea Bank,idea-0008
AI‑Powered Sponsorship Hub,"[""roadmap""]",2025-08-14,subscription,Idea Bank,idea-0009
AI‑Powered Sponsorship Hub,"[""roadmap""]",2025-08-14,subscription,Idea Bank,idea-0010
AI‑Powered Sponsorship Hub,"[""roadmap""]",2025-08-14,subscription,Idea Bank,idea-0011
AI‑Powered Sponsorship Hub,"[""roadmap""]",2025-08-14,subscription,Idea Bank,idea-0012
AI‑Powered Sponsorship Hub,"[""roadmap""]",2025-08-14,subscription,Idea Bank,idea-0013
AI‑Powered Sponsorship Hub,"[""roadmap""]",2025-08-14,subscription,Idea Bank,idea-0014
AI‑Powered Sponsorship Hub,"[""roadmap""]",2025-08-14,subscription,Idea Bank,idea-0015
AI‑Powered Sponsorship Hub,"[""roadmap""]",2025-08-14,subscription,Idea Bank,idea-0016
AI‑Powered Sponsorship Hub,"[""roadmap""]",2025-08-14,subscription,Idea Bank,idea-0017
AI‑Powered Sponsorship Hub,"[""roadmap""]",2025-08-14,subscription,Idea Bank,idea-0018
AI‑Powered Sponsorship Hub,"[""roadmap""]",2025-08-14,subscription,Idea Bank,idea-0019
AI‑Powered Sponsorship Hub,"[""roadmap""]",2025-08-14,subscription,Idea Bank,idea-0020
AI‑Powered Sponsorship Hub,"[""roadmap""]",2025-08-14,subscription,Idea Bank,idea-0021
AI‑Powered Sponsorship Hub,"[""roadmap""]",2025-08-14,subscription,Idea Bank,idea-0022
AI‑Powered Sponsorship Hub,"[""roadmap""]",2025-08-14,subscription,Idea Bank,idea-0023
AI‑Powered Sponsorship Hub,"[""roadmap""]",2025-08-14,subscription,Idea Bank,idea-0024
AI‑Powered Sponsorship Hub,"[""roadmap""]",2025-08-14,subscription,Idea Bank,idea-0025
AI‑Powered Sponsorship Hub,"[""roadmap""]",2025-08-14,subscription,Idea Bank,idea-0026
AI‑Powered Sponsorship Hub,"[""roadmap""]",2025-08-14,subscription,Idea Bank,idea-0027
AI‑Powered Sponsorship Hub,"[""roadmap""]",2025-08-14,subscription,Idea Bank,idea-0028
AI‑Powered Sponsorship Hub,"[""roadmap""]",2025-08-14,subscription,Idea Bank,idea-0029
AI‑Powered Sponsorship Hub,"[""roadmap""]",2025-08-14,subscription,Idea Bank,idea-0030
AI‑Powered Sponsorship Hub,"[""roadmap""]",2025-08-14,subscription,Idea Bank,idea-0031
AI‑Powered Sponsorship Hub,"[""roadmap""]",2025-08-14,subscription,Idea Bank,idea-0032
AI‑Powered Sponsorship Hub,"[""roadmap""]",2025-08-14,subscription,Idea Bank,idea-0033
AI‑Powered Sponsorship Hub,"[""roadmap""]",2025-08-14,subscription,Idea Bank,idea-0034
AI‑Powered Sponsorship Hub,"[""roadmap""]",2025-08-14,subscription,Idea Bank,idea-0035
AI‑Powered Sponsorship Hub,"[""roadmap""]",2025-08-14,subscription,Idea Bank,idea-0036
AI‑Powered Sponsorship Hub,"[""roadmap""]",2025-08-14,subscription,Idea Bank,idea-0037
AI‑Powered Sponsorship Hub,"[""roadmap""]",2025-08-14,subscription,Idea Bank,idea-0038
AI‑Powered Sponsorship Hub,"[""roadmap""]",2025-08-14,subscription,Idea Bank,idea-0039
AI‑Powered Sponsorship Hub,"[""roadmap""]",2025-08-14,subscription,Idea Bank,idea-0040
AI‑Powered Sponsorship Hub,"[""roadmap""]",2025-08-14,subscription,Idea Bank,idea-0041
AI‑Powered Sponsorship Hub,"[""roadmap""]",2025-08-14,subscription,Idea Bank,idea-0042
AI‑Powered Sponsorship Hub,"[""roadmap""]",2025-08-14,subscription,Idea Bank,idea-0043
AI‑Powered Sponsorship Hub,"[""roadmap""]",2025-08-14,subscription,Idea Bank,idea-0044
AI‑Powered Sponsorship Hub,"[""roadmap""]",2025-08-14,subscription,Idea Bank,idea-0045
AI‑Powered Sponsorship Hub,"[""roadmap""]",2025-08-14,subscription,Idea Bank,idea-0046
AI‑Powered Sponsorship Hub,"[""roadmap""]",2025-08-14,subscription,Idea Bank,idea-0047
AI‑Powered Sponsorship Hub,"[""roadmap""]",2025-08-14,subscription,Idea Bank,idea-0048
AI‑Powered Sponsorship Hub,"[""roadmap""]",2025-08-14,subscription,Idea Bank,idea-0049
AI‑Powered Sponsorship Hub,"[""roadmap""]",2025-08-14,subscription,Idea Bank,idea-0050
AI‑Powered Sponsorship Hub,"[""roadmap""]",2025-08-14,subscription,Idea Bank,idea-0051
AI‑Powered Sponsorship Hub,"[""roadmap""]",2025-08-14,subscription,Idea Bank,idea-0052
AI‑Powered Sponsorship Hub,"[""roadmap""]",2025-08-14,subscription,Idea Bank,idea-0053
AI‑Powered Sponsorship Hub,"[""roadmap""]",2025-08-14,subscription,Idea Bank,idea-0054
AI‑Powered Sponsorship Hub,"[""roadmap""]",2025-08-14,subscription,Idea Bank,idea-0055
AI‑Powered Sponsorship Hub,"[""roadmap""]",2025-08-14,subscription,Idea Bank,idea-0056
AI‑Powered Sponsorship Hub,"[""roadmap""]",2025-08-14,subscription,Idea Bank,idea-0057
AI‑Powered Sponsorship Hub,"[""roadmap""]",2025-08-14,subscription,Idea Bank,idea-0058
AI‑Powered Sponsorship Hub,"[""roadmap""]",2025-08-14,subscription,Idea Bank,idea-0059
AI‑Powered Sponsorship Hub,"[""roadmap""]",2025-08-14,subscription,Idea Bank,idea-0060
AI‑Powered Sponsorship Hub,"[""roadmap""]",2025-08-14,subscription,Idea Bank,idea-0061
AI‑Powered Sponsorship Hub,"[""roadmap""]",2025-08-14,subscription,Idea Bank,idea-0062
AI‑Powered Sponsorship Hub,"[""roadmap""]",2025-08-14,subscription,Idea Bank,idea-0063
AI‑Powered Sponsorship Hub,"[""roadmap""]",2025-08-14,subscription,Idea Bank,idea-0064
AI‑Powered Sponsorship Hub,"[""roadmap""]",2025-08-14,subscription,Idea Bank,idea-0065
AI‑Powered Sponsorship Hub,"[""roadmap""]",2025-08-14,subscription,Idea Bank,idea-0066
AI‑Powered Sponsorship Hub,"[""roadmap""]",2025-08-14,subscription,Idea Bank,idea-0067
AI‑Powered Sponsorship Hub,"[""roadmap""]",2025-08-14,subscription,Idea Bank,idea-0068
AI‑Powered Sponsorship Hub,"[""roadmap""]",2025-08-14,subscription,Idea Bank,idea-0069
AI‑Powered Sponsorship Hub,"[""roadmap""]",2025-08-14,subscription,Idea Bank,idea-0070
AI‑Powered Sponsorship Hub,"[""roadmap""]",2025-08-14,subscription,Idea Bank,idea-0071
AI‑Powered Sponsorship Hub,"[""roadmap""]",2025-08-14,subscription,Idea Bank,idea-0072
AI‑Powered Sponsorship Hub,"[""roadmap""]",2025-08-14,subscription,Idea Bank,idea-0073
AI‑Powered Sponsorship Hub,"[""roadmap""]",2025-08-14,subscription,Idea Bank,idea-0074
AI‑Powered Sponsorship Hub,"[""roadmap""]",2025-08-14,subscription,Idea Bank,idea-0075
AI‑Powered Sponsorship Hub,"[""roadmap""]",2025-08-14,subscription,Idea Bank,idea-0076
AI‑Powered Sponsorship Hub,"[""roadmap""]",2025-08-14,subscription,Idea Bank,idea-0077
AI‑Powered Sponsorship Hub,"[""roadmap""]",2025-08-14,subscription,Idea Bank,idea-0078
AI‑Powered Sponsorship Hub,"[""roadmap""]",2025-08-14,subscription,Idea Bank,idea-0079
AI‑Powered Sponsorship Hub,"[""roadmap""]",2025-08-14,subscription,Idea Bank,idea-0080
AI‑Powered Sponsorship Hub,"[""roadmap""]",2025-08-14,subscription,Idea Bank,idea-0081
AI‑Powered Sponsorship Hub,"[""roadmap""]",2025-08-14,subscription,Idea Bank,idea-0082
AI‑Powered Sponsorship Hub,"[""roadmap""]",2025-08-14,subscription,Idea Bank,idea-0083
AI‑Powered Sponsorship Hub,"[""roadmap""]",2025-08-14,subscription,Idea Bank,idea-0084
AI‑Powered Sponsorship Hub,"[""roadmap""]",2025-08-14,subscription,Idea Bank,idea-0085
AI‑Powered Sponsorship Hub,"[""roadmap""]",2025-08-14,subscription,Idea Bank,idea-0086
AI‑Powered Sponsorship Hub,"[""roadmap""]",2025-08-14,subscription,Idea Bank,idea-0087
AI‑Powered Sponsorship Hub,"[""roadmap""]",2025-08-14,subscription,Idea Bank,idea-0088
AI‑Powered Sponsorship Hub,"[""roadmap""]",2025-08-14,subscription,Idea Bank,idea-0089
AI‑Powered Sponsorship Hub,"[""roadmap""]",2025-08-14,subscription,Idea Bank,idea-0090
AI‑Powered Sponsorship Hub,"[""roadmap""]",2025-08-14,subscription,Idea Bank,idea-0091
AI‑Powered Sponsorship Hub,"[""roadmap""]",2025-08-14,subscription,Idea Bank,idea-0092
AI‑Powered Sponsorship Hub,"[""roadmap""]",2025-08-14,subscription,Idea Bank,idea-0093
AI‑Powered Sponsorship Hub,"[""roadmap""]",2025-08-14,subscription,Idea Bank,idea-0094
AI‑Powered Sponsorship Hub,"[""roadmap""]",2025-08-14,subscription,Idea Bank,idea-0095
AI‑Powered Sponsorship Hub,"[""roadmap""]",2025-08-14,subscription,Idea Bank,idea-0096
AI‑Powered Sponsorship Hub,"[""roadmap""]",2025-08-14,subscription,Idea Bank,idea-0097
AI‑Powered Sponsorship Hub,"[""roadmap""]",2025-08-14,subscription,Idea Bank,idea-0098
AI‑Powered Sponsorship Hub,"[""roadmap""]",2025-08-14,subscription,Idea Bank,idea-0099
AI‑Powered Sponsorship Hub,"[""roadmap""]",2025-08-14,subscription,Idea Bank,idea-0100
AI‑Powered Sponsorship Hub,"[""roadmap""]",2025-08-14,subscription,Idea Bank,idea-0101
AI‑Powered Sponsorship Hub,"[""roadmap""]",2025-08-14,subscription,Idea Bank,idea-0102
AI‑Powered Sponsorship Hub,"[""roadmap""]",2025-08-14,subscription,Idea Bank,idea-0103
AI‑Powered Sponsorship Hub,"[""roadmap""]",2025-08-14,subscription,Idea Bank,idea-0104
AI‑Powered Sponsorship Hub,"[""roadmap""]",2025-08-14,subscription,Idea Bank,idea-0105
AI‑Powered Sponsorship Hub,"[""roadmap""]",2025-08-14,subscription,Idea Bank,idea-0106
AI‑Powered Sponsorship Hub,"[""roadmap""]",2025-08-14,subscription,Idea Bank,idea-0107
AI‑Powered Sponsorship Hub,"[""roadmap""]",2025-08-14,subscription,Idea Bank,idea-0108
AI‑Powered Sponsorship Hub,"[""roadmap""]",2025-08-14,subscription,Idea Bank,idea-0109
AI‑Powered Sponsorship Hub,"[""roadmap""]",2025-08-14,subscription,Idea Bank,idea-0110
AI‑Powered Sponsorship Hub,"[""roadmap""]",2025-08-14,subscription,Idea Bank,idea-0111
AI‑Powered Sponsorship Hub,"[""roadmap""]",2025-08-14,subscription,Idea Bank,idea-0112
AI‑Powered Sponsorship Hub,"[""roadmap""]",2025-08-14,subscription,Idea Bank,idea-0113
AI‑Powered Sponsorship Hub,"[""roadmap""]",2025-08-14,subscription,Idea Bank,idea-0114
AI‑Powered Sponsorship Hub,"[""roadmap""]",2025-08-14,subscription,Idea Bank,idea-0115
AI‑Powered Sponsorship Hub,"[""roadmap""]",2025-08-14,subscription,Idea Bank,idea-0116
AI‑Powered Sponsorship Hub,"[""roadmap""]",2025-08-14,subscription,Idea Bank,idea-0117
AI‑Powered Sponsorship Hub,"[""roadmap""]",2025-08-14,subscription,Idea Bank,idea-0118
AI‑Powered Sponsorship Hub,"[""roadmap""]",2025-08-14,subscription,Idea Bank,idea-0119
AI‑Powered Sponsorship Hub,"[""roadmap""]",2025-08-14,subscription,Idea Bank,idea-0120
AI‑Powered Sponsorship Hub,"[""roadmap""]",2025-08-14,subscription,Idea Bank,idea-0121
AI‑Powered Sponsorship Hub,"[""roadmap""]",2025-08-14,subscription,Idea Bank,idea-0122
AI‑Powered Sponsorship Hub,"[""roadmap""]",2025-08-14,subscription,Idea Bank,idea-0123
AI‑Powered Sponsorship Hub,"[""roadmap""]",2025-08-14,subscription,Idea Bank,idea-0124
AI‑Powered Sponsorship Hub,"[""roadmap""]",2025-08-14,subscription,Idea Bank,idea-0125
AI‑Powered Sponsorship Hub,"[""roadmap""]",2025-08-14,subscription,Idea Bank,idea-0126
AI‑Powered Sponsorship Hub,"[""roadmap""]",2025-08-14,subscription,Idea Bank,idea-0127
AI‑Powered Sponsorship Hub,"[""roadmap""]",2025-08-14,subscription,Idea Bank,idea-0128
AI‑Powered Sponsorship Hub,"[""roadmap""]",2025-08-14,subscription,Idea Bank,idea-0129
AI‑Powered Sponsorship Hub,"[""roadmap""]",2025-08-14,subscription,Idea Bank,idea-0130
AI‑Powered Sponsorship Hub,"[""roadmap""]",2025-08-14,subscription,Idea Bank,idea-0131
AI‑Powered Sponsorship Hub,"[""roadmap""]",2025-08-14,subscription,Idea Bank,idea-0132
AI‑Powered Sponsorship Hub,"[""roadmap""]",2025-08-14,subscription,Idea Bank,idea-0133
AI‑Powered Sponsorship Hub,"[""roadmap""]",2025-08-14,subscription,Idea Bank,idea-0134
AI‑Powered Sponsorship Hub,"[""roadmap""]",2025-08-14,subscription,Idea Bank,idea-0135
AI‑Powered Sponsorship Hub,"[""roadmap""]",2025-08-14,subscription,Idea Bank,idea-0136
AI‑Powered Sponsorship Hub,"[""roadmap""]",2025-08-14,subscription,Idea Bank,idea-0137
AI‑Powered Sponsorship Hub,"[""roadmap""]",2025-08-14,subscription,Idea Bank,idea-0138
AI‑Powered Sponsorship Hub,"[""roadmap""]",2025-08-14,subscription,Idea Bank,idea-0139
AI‑Powered Sponsorship Hub,"[""roadmap""]",2025-08-14,subscription,Idea Bank,idea-0140
AI‑Powered Sponsorship Hub,"[""roadmap""]",2025-08-14,subscription,Idea Bank,idea-0141
AI‑Powered Sponsorship Hub,"[""roadmap""]",2025-08-14,subscription,Idea Bank,idea-0142
AI‑Powered Sponsorship Hub,"[""roadmap""]",2025-08-14,subscription,Idea Bank,idea-0143
AI‑Powered Sponsorship Hub,"[""roadmap""]",2025-08-14,subscription,Idea Bank,idea-0144
AI‑Powered Sponsorship Hub,"[""roadmap""]",2025-08-14,subscription,Idea Bank,idea-0145
AI‑Powered Sponsorship Hub,"[""roadmap""]",2025-08-14,subscription,Idea Bank,idea-0146
AI‑Powered Sponsorship Hub,"[""roadmap""]",2025-08-14,subscription,Idea Bank,idea-0147
AI‑Powered Sponsorship Hub,"[""roadmap""]",2025-08-14,subscription,Idea Bank,idea-0148
AI‑Powered Sponsorship Hub,"[""roadmap""]",2025-08-14,subscription,Idea Bank,idea-0149
AI‑Powered Sponsorship Hub,"[""roadmap""]",2025-08-14,subscription,Idea Bank,idea-0150
AI‑Powered Sponsorship Hub,"[""roadmap""]",2025-08-14,subscription,Idea Bank,idea-0151
AI‑Powered Sponsorship Hub,"[""roadmap""]",2025-08-14,subscription,Idea Bank,idea-0152
AI‑Powered Sponsorship Hub,"[""roadmap""]",2025-08-14,subscription,Idea Bank,idea-0153
AI‑Powered Sponsorship Hub,"[""roadmap""]",2025-08-14,subscription,Idea Bank,idea-0154
AI‑Powered Sponsorship Hub,"[""roadmap""]",2025-08-14,subscription,Idea Bank,idea-0155
AI‑Powered Sponsorship Hub,"[""roadmap""]",2025-08-14,subscription,Idea Bank,idea-0156
AI‑Powered Sponsorship Hub,"[""roadmap""]",2025-08-14,subscription,Idea Bank,idea-0157
AI‑Powered Sponsorship Hub,"[""roadmap""]",2025-08-14,subscription,Idea Bank,idea-0158
AI‑Powered Sponsorship Hub,"[""roadmap""]",2025-08-14,subscription,Idea Bank,idea-0159
AI‑Powered Sponsorship Hub,"[""roadmap""]",2025-08-14,subscription,Idea Bank,idea-0160
AI‑Powered Sponsorship Hub,"[""roadmap""]",2025-08-14,subscription,Idea Bank,idea-0161
AI‑Powered Sponsorship Hub,"[""roadmap""]",2025-08-14,subscription,Idea Bank,idea-0162
AI‑Powered Sponsorship Hub,"[""roadmap""]",2025-08-14,subscription,Idea Bank,idea-0163
AI‑Powered Sponsorship Hub,"[""roadmap""]",2025-08-14,subscription,Idea Bank,idea-0164
AI‑Powered Sponsorship Hub,"[""roadmap""]",2025-08-14,subscription,Idea Bank,idea-0165
AI‑Powered Sponsorship Hub,"[""roadmap""]",2025-08-14,subscription,Idea Bank,idea-0166
AI‑Powered Sponsorship Hub,"[""roadmap""]",2025-08-14,subscription,Idea Bank,idea-0167
AI‑Powered Sponsorship Hub,"[""roadmap""]",2025-08-14,subscription,Idea Bank,idea-0168
AI‑Powered Sponsorship Hub,"[""roadmap""]",2025-08-14,subscription,Idea Bank,idea-0169
AI‑Powered Sponsorship Hub,"[""roadmap""]",2025-08-14,subscription,Idea Bank,idea-0170
AI‑Powered Sponsorship Hub,"[""roadmap""]",2025-08-14,subscription,Idea Bank,idea-0171
AI‑Powered Sponsorship Hub,"[""roadmap""]",2025-08-14,subscription,Idea Bank,idea-0172
AI‑Powered Sponsorship Hub,"[""roadmap""]",2025-08-14,subscription,Idea Bank,idea-0173
AI‑Powered Sponsorship Hub,"[""roadmap""]",2025-08-14,subscription,Idea Bank,idea-0174
AI‑Powered Sponsorship Hub,"[""roadmap""]",2025-08-14,subscription,Idea Bank,idea-0175
AI‑Powered Sponsorship Hub,"[""roadmap""]",2025-08-14,subscription,Idea Bank,idea-0176
AI‑Powered Sponsorship Hub,"[""roadmap""]",2025-08-14,subscription,Idea Bank,idea-0177
AI‑Powered Sponsorship Hub,"[""roadmap""]",2025-08-14,subscription,Idea Bank,idea-0178
AI‑Powered Sponsorship Hub,"[""roadmap""]",2025-08-14,subscription,Idea Bank,idea-0179
AI‑Powered Sponsorship Hub,"[""roadmap""]",2025-08-14,subscription,Idea Bank,idea-0180
AI‑Powered Sponsorship Hub,"[""roadmap""]",2025-08-14,subscription,Idea Bank,idea-0181
AI‑Powered Sponsorship Hub,"[""roadmap""]",2025-08-14,subscription,Idea Bank,idea-0182
AI‑Powered Sponsorship Hub,"[""roadmap""]",2025-08-14,subscription,Idea Bank,idea-0183
AI‑Powered Sponsorship Hub,"[""roadmap""]",2025-08-14,subscription,Idea Bank,idea-0184
AI‑Powered Sponsorship Hub,"[""roadmap""]",2025-08-14,subscription,Idea Bank,idea-0185
AI‑Powered Sponsorship Hub,"[""roadmap""]",2025-08-14,subscription,Idea Bank,idea-0186
AI‑Powered Sponsorship Hub,"[""roadmap""]",2025-08-14,subscription,Idea Bank,idea-0187
AI‑Powered Sponsorship Hub,"[""roadmap""]",2025-08-14,subscription,Idea Bank,idea-0188
AI‑Powered Sponsorship Hub,"[""roadmap""]",2025-08-14,subscription,Idea Bank,idea-0189
AI‑Powered Sponsorship Hub,"[""roadmap""]",2025-08-14,subscription,Idea Bank,idea-0190
AI‑Powered Sponsorship Hub,"[""roadmap""]",2025-08-14,subscription,Idea Bank,idea-0191
AI‑Powered Sponsorship Hub,"[""roadmap""]",2025-08-14,subscription,Idea Bank,idea-0192
AI‑Powered Sponsorship Hub,"[""roadmap""]",2025-08-14,subscription,Idea Bank,idea-0193
AI‑Powered Sponsorship Hub,"[""roadmap""]",2025-08-14,subscription,Idea Bank,idea-0194
AI‑Powered Sponsorship Hub,"[""roadmap""]",2025-08-14,subscription,Idea Bank,idea-0195
AI‑Powered Sponsorship Hub,"[""roadmap""]",2025-08-14,subscription,Idea Bank,idea-0196
AI‑Powered Sponsorship Hub,"[""roadmap""]",2025-08-14,subscription,Idea Bank,idea-0197
AI‑Powered Sponsorship Hub,"[""roadmap""]",2025-08-14,subscription,Idea Bank,idea-0198
AI‑Powered Sponsorship Hub,"[""roadmap""]",2025-08-14,subscription,Idea Bank,idea-0199
AI‑Powered Sponsorship Hub,"[""roadmap""]",2025-08-14,subscription,Idea Bank,idea-0200
AI‑Powered Sponsorship Hub,"[""roadmap""]",2025-08-14,subscription,Idea Bank,idea-0201
AI‑Powered Sponsorship Hub,"[""roadmap""]",2025-08-14,subscription,Idea Bank,idea-0202
AI‑Powered Sponsorship Hub,"[""roadmap""]",2025-08-14,subscription,Idea Bank,idea-0203
AI‑Powered Sponsorship Hub,"[""roadmap""]",2025-08-14,subscription,Idea Bank,idea-0204
AI‑Powered Sponsorship Hub,"[""roadmap""]",2025-08-14,subscription,Idea Bank,idea-0205
AI‑Powered Sponsorship Hub,"[""roadmap""]",2025-08-14,subscription,Idea Bank,idea-0206
AI‑Powered Sponsorship Hub,"[""roadmap""]",2025-08-14,subscription,Idea Bank,idea-0207
AI‑Powered Sponsorship Hub,"[""roadmap""]",2025-08-14,subscription,Idea Bank,idea-0208
AI‑Powered Sponsorship Hub,"[""roadmap""]",2025-08-14,subscription,Idea Bank,idea-0209
AI‑Powered Sponsorship Hub,"[""roadmap""]",2025-08-14,subscription,Idea Bank,idea-0210
AI‑Powered Sponsorship Hub,"[""roadmap""]",2025-08-14,subscription,Idea Bank,idea-0211
AI‑Powered Sponsorship Hub,"[""roadmap""]",2025-08-14,subscription,Idea Bank,idea-0212
AI‑Powered Sponsorship Hub,"[""roadmap""]",2025-08-14,subscription,Idea Bank,idea-0213
AI‑Powered Sponsorship Hub,"[""roadmap""]",2025-08-14,subscription,Idea Bank,idea-0214
AI‑Powered Sponsorship Hub,"[""roadmap""]",2025-08-14,subscription,Idea Bank,idea-0215
AI‑Powered Sponsorship Hub,"[""roadmap""]",2025-08-14,subscription,Idea Bank,idea-0216
AI‑Powered Sponsorship Hub,"[""roadmap""]",2025-08-14,subscription,Idea Bank,idea-0217
AI‑Powered Sponsorship Hub,"[""roadmap""]",2025-08-14,subscription,Idea Bank,idea-0218
AI‑Powered Sponsorship Hub,"[""roadmap""]",2025-08-14,subscription,Idea Bank,idea-0219
AI‑Powered Sponsorship Hub,"[""roadmap""]",2025-08-14,subscription,Idea Bank,idea-0220
AI‑Powered Sponsorship Hub,"[""roadmap""]",2025-08-14,subscription,Idea Bank,idea-0221
AI‑Powered Sponsorship Hub,"[""roadmap""]",2025-08-14,subscription,Idea Bank,idea-0222
AI‑Powered Sponsorship Hub,"[""roadmap""]",2025-08-14,subscription,Idea Bank,idea-0223
AI‑Powered Sponsorship Hub,"[""roadmap""]",2025-08-14,subscription,Idea Bank,idea-0224
AI‑Powered Sponsorship Hub,"[""roadmap""]",2025-08-14,subscription,Idea Bank,idea-0225
AI‑Powered Sponsorship Hub,"[""roadmap""]",2025-08-14,subscription,Idea Bank,idea-0226
AI‑Powered Sponsorship Hub,"[""roadmap""]",2025-08-14,subscription,Idea Bank,idea-0227
AI‑Powered Sponsorship Hub,"[""roadmap""]",2025-08-14,subscription,Idea Bank,idea-0228
AI‑Powered Sponsorship Hub,"[""roadmap""]",2025-08-14,subscription,Idea Bank,idea-0229
AI‑Powered Sponsorship Hub,"[""roadmap""]",2025-08-14,subscription,Idea Bank,idea-0230
AI‑Powered Sponsorship Hub,"[""roadmap""]",2025-08-14,subscription,Idea Bank,idea-0231
AI‑Powered Sponsorship Hub,"[""roadmap""]",2025-08-14,subscription,Idea Bank,idea-0232
AI‑Powered Sponsorship Hub,"[""roadmap""]",2025-08-14,subscription,Idea Bank,idea-0233
AI‑Powered Sponsorship Hub,"[""roadmap""]",2025-08-14,subscription,Idea Bank,idea-0234
AI‑Powered Sponsorship Hub,"[""roadmap""]",2025-08-14,subscription,Idea Bank,idea-0235
AI‑Powered Sponsorship Hub,"[""roadmap""]",2025-08-14,subscription,Idea Bank,idea-0236
AI‑Powered Sponsorship Hub,"[""roadmap""]",2025-08-14,subscription,Idea Bank,idea-0237
AI‑Powered Sponsorship Hub,"[""roadmap""]",2025-08-14,subscription,Idea Bank,idea-0238
AI‑Powered Sponsorship Hub,"[""roadmap""]",2025-08-14,subscription,Idea Bank,idea-0239
AI‑Powered Sponsorship Hub,"[""roadmap""]",2025-08-14,subscription,Idea Bank,idea-0240
