type,tags,last_updated,template_text,category,id
NDA,"[""legal"", ""template""]",2025-08-14,Agreement between {Party A} and {Party B}. Terms apply.,Legal Templates,legal-0001
NDA,"[""legal"", ""template""]",2025-08-14,Agreement between {Party A} and {Party B}. Terms apply.,Legal Templates,legal-0002
NDA,"[""legal"", ""template""]",2025-08-14,Agreement between {Party A} and {Party B}. Terms apply.,Legal Templates,legal-0003
NDA,"[""legal"", ""template""]",2025-08-14,Agreement between {Party A} and {Party B}. Terms apply.,Legal Templates,legal-0004
NDA,"[""legal"", ""template""]",2025-08-14,Agreement between {Party A} and {Party B}. Terms apply.,Legal Templates,legal-0005
NDA,"[""legal"", ""template""]",2025-08-14,Agreement between {Party A} and {Party B}. Terms apply.,Legal Templates,legal-0006
NDA,"[""legal"", ""template""]",2025-08-14,Agreement between {Party A} and {Party B}. Terms apply.,Legal Templates,legal-0007
NDA,"[""legal"", ""template""]",2025-08-14,Agreement between {Party A} and {Party B}. Terms apply.,Legal Templates,legal-0008
NDA,"[""legal"", ""template""]",2025-08-14,Agreement between {Party A} and {Party B}. Terms apply.,Legal Templates,legal-0009
NDA,"[""legal"", ""template""]",2025-08-14,Agreement between {Party A} and {Party B}. Terms apply.,Legal Templates,legal-0010
NDA,"[""legal"", ""template""]",2025-08-14,Agreement between {Party A} and {Party B}. Terms apply.,Legal Templates,legal-0011
NDA,"[""legal"", ""template""]",2025-08-14,Agreement between {Party A} and {Party B}. Terms apply.,Legal Templates,legal-0012
NDA,"[""legal"", ""template""]",2025-08-14,Agreement between {Party A} and {Party B}. Terms apply.,Legal Templates,legal-0013
NDA,"[""legal"", ""template""]",2025-08-14,Agreement between {Party A} and {Party B}. Terms apply.,Legal Templates,legal-0014
NDA,"[""legal"", ""template""]",2025-08-14,Agreement between {Party A} and {Party B}. Terms apply.,Legal Templates,legal-0015
NDA,"[""legal"", ""template""]",2025-08-14,Agreement between {Party A} and {Party B}. Terms apply.,Legal Templates,legal-0016
NDA,"[""legal"", ""template""]",2025-08-14,Agreement between {Party A} and {Party B}. Terms apply.,Legal Templates,legal-0017
NDA,"[""legal"", ""template""]",2025-08-14,Agreement between {Party A} and {Party B}. Terms apply.,Legal Templates,legal-0018
NDA,"[""legal"", ""template""]",2025-08-14,Agreement between {Party A} and {Party B}. Terms apply.,Legal Templates,legal-0019
NDA,"[""legal"", ""template""]",2025-08-14,Agreement between {Party A} and {Party B}. Terms apply.,Legal Templates,legal-0020
NDA,"[""legal"", ""template""]",2025-08-14,Agreement between {Party A} and {Party B}. Terms apply.,Legal Templates,legal-0021
NDA,"[""legal"", ""template""]",2025-08-14,Agreement between {Party A} and {Party B}. Terms apply.,Legal Templates,legal-0022
NDA,"[""legal"", ""template""]",2025-08-14,Agreement between {Party A} and {Party B}. Terms apply.,Legal Templates,legal-0023
NDA,"[""legal"", ""template""]",2025-08-14,Agreement between {Party A} and {Party B}. Terms apply.,Legal Templates,legal-0024
NDA,"[""legal"", ""template""]",2025-08-14,Agreement between {Party A} and {Party B}. Terms apply.,Legal Templates,legal-0025
NDA,"[""legal"", ""template""]",2025-08-14,Agreement between {Party A} and {Party B}. Terms apply.,Legal Templates,legal-0026
NDA,"[""legal"", ""template""]",2025-08-14,Agreement between {Party A} and {Party B}. Terms apply.,Legal Templates,legal-0027
NDA,"[""legal"", ""template""]",2025-08-14,Agreement between {Party A} and {Party B}. Terms apply.,Legal Templates,legal-0028
NDA,"[""legal"", ""template""]",2025-08-14,Agreement between {Party A} and {Party B}. Terms apply.,Legal Templates,legal-0029
NDA,"[""legal"", ""template""]",2025-08-14,Agreement between {Party A} and {Party B}. Terms apply.,Legal Templates,legal-0030
NDA,"[""legal"", ""template""]",2025-08-14,Agreement between {Party A} and {Party B}. Terms apply.,Legal Templates,legal-0031
NDA,"[""legal"", ""template""]",2025-08-14,Agreement between {Party A} and {Party B}. Terms apply.,Legal Templates,legal-0032
NDA,"[""legal"", ""template""]",2025-08-14,Agreement between {Party A} and {Party B}. Terms apply.,Legal Templates,legal-0033
NDA,"[""legal"", ""template""]",2025-08-14,Agreement between {Party A} and {Party B}. Terms apply.,Legal Templates,legal-0034
NDA,"[""legal"", ""template""]",2025-08-14,Agreement between {Party A} and {Party B}. Terms apply.,Legal Templates,legal-0035
NDA,"[""legal"", ""template""]",2025-08-14,Agreement between {Party A} and {Party B}. Terms apply.,Legal Templates,legal-0036
NDA,"[""legal"", ""template""]",2025-08-14,Agreement between {Party A} and {Party B}. Terms apply.,Legal Templates,legal-0037
NDA,"[""legal"", ""template""]",2025-08-14,Agreement between {Party A} and {Party B}. Terms apply.,Legal Templates,legal-0038
NDA,"[""legal"", ""template""]",2025-08-14,Agreement between {Party A} and {Party B}. Terms apply.,Legal Templates,legal-0039
NDA,"[""legal"", ""template""]",2025-08-14,Agreement between {Party A} and {Party B}. Terms apply.,Legal Templates,legal-0040
NDA,"[""legal"", ""template""]",2025-08-14,Agreement between {Party A} and {Party B}. Terms apply.,Legal Templates,legal-0041
NDA,"[""legal"", ""template""]",2025-08-14,Agreement between {Party A} and {Party B}. Terms apply.,Legal Templates,legal-0042
NDA,"[""legal"", ""template""]",2025-08-14,Agreement between {Party A} and {Party B}. Terms apply.,Legal Templates,legal-0043
NDA,"[""legal"", ""template""]",2025-08-14,Agreement between {Party A} and {Party B}. Terms apply.,Legal Templates,legal-0044
NDA,"[""legal"", ""template""]",2025-08-14,Agreement between {Party A} and {Party B}. Terms apply.,Legal Templates,legal-0045
NDA,"[""legal"", ""template""]",2025-08-14,Agreement between {Party A} and {Party B}. Terms apply.,Legal Templates,legal-0046
NDA,"[""legal"", ""template""]",2025-08-14,Agreement between {Party A} and {Party B}. Terms apply.,Legal Templates,legal-0047
NDA,"[""legal"", ""template""]",2025-08-14,Agreement between {Party A} and {Party B}. Terms apply.,Legal Templates,legal-0048
NDA,"[""legal"", ""template""]",2025-08-14,Agreement between {Party A} and {Party B}. Terms apply.,Legal Templates,legal-0049
NDA,"[""legal"", ""template""]",2025-08-14,Agreement between {Party A} and {Party B}. Terms apply.,Legal Templates,legal-0050
NDA,"[""legal"", ""template""]",2025-08-14,Agreement between {Party A} and {Party B}. Terms apply.,Legal Templates,legal-0051
NDA,"[""legal"", ""template""]",2025-08-14,Agreement between {Party A} and {Party B}. Terms apply.,Legal Templates,legal-0052
NDA,"[""legal"", ""template""]",2025-08-14,Agreement between {Party A} and {Party B}. Terms apply.,Legal Templates,legal-0053
NDA,"[""legal"", ""template""]",2025-08-14,Agreement between {Party A} and {Party B}. Terms apply.,Legal Templates,legal-0054
NDA,"[""legal"", ""template""]",2025-08-14,Agreement between {Party A} and {Party B}. Terms apply.,Legal Templates,legal-0055
NDA,"[""legal"", ""template""]",2025-08-14,Agreement between {Party A} and {Party B}. Terms apply.,Legal Templates,legal-0056
NDA,"[""legal"", ""template""]",2025-08-14,Agreement between {Party A} and {Party B}. Terms apply.,Legal Templates,legal-0057
NDA,"[""legal"", ""template""]",2025-08-14,Agreement between {Party A} and {Party B}. Terms apply.,Legal Templates,legal-0058
NDA,"[""legal"", ""template""]",2025-08-14,Agreement between {Party A} and {Party B}. Terms apply.,Legal Templates,legal-0059
NDA,"[""legal"", ""template""]",2025-08-14,Agreement between {Party A} and {Party B}. Terms apply.,Legal Templates,legal-0060
NDA,"[""legal"", ""template""]",2025-08-14,Agreement between {Party A} and {Party B}. Terms apply.,Legal Templates,legal-0061
NDA,"[""legal"", ""template""]",2025-08-14,Agreement between {Party A} and {Party B}. Terms apply.,Legal Templates,legal-0062
NDA,"[""legal"", ""template""]",2025-08-14,Agreement between {Party A} and {Party B}. Terms apply.,Legal Templates,legal-0063
NDA,"[""legal"", ""template""]",2025-08-14,Agreement between {Party A} and {Party B}. Terms apply.,Legal Templates,legal-0064
NDA,"[""legal"", ""template""]",2025-08-14,Agreement between {Party A} and {Party B}. Terms apply.,Legal Templates,legal-0065
NDA,"[""legal"", ""template""]",2025-08-14,Agreement between {Party A} and {Party B}. Terms apply.,Legal Templates,legal-0066
NDA,"[""legal"", ""template""]",2025-08-14,Agreement between {Party A} and {Party B}. Terms apply.,Legal Templates,legal-0067
NDA,"[""legal"", ""template""]",2025-08-14,Agreement between {Party A} and {Party B}. Terms apply.,Legal Templates,legal-0068
NDA,"[""legal"", ""template""]",2025-08-14,Agreement between {Party A} and {Party B}. Terms apply.,Legal Templates,legal-0069
NDA,"[""legal"", ""template""]",2025-08-14,Agreement between {Party A} and {Party B}. Terms apply.,Legal Templates,legal-0070
NDA,"[""legal"", ""template""]",2025-08-14,Agreement between {Party A} and {Party B}. Terms apply.,Legal Templates,legal-0071
NDA,"[""legal"", ""template""]",2025-08-14,Agreement between {Party A} and {Party B}. Terms apply.,Legal Templates,legal-0072
NDA,"[""legal"", ""template""]",2025-08-14,Agreement between {Party A} and {Party B}. Terms apply.,Legal Templates,legal-0073
NDA,"[""legal"", ""template""]",2025-08-14,Agreement between {Party A} and {Party B}. Terms apply.,Legal Templates,legal-0074
NDA,"[""legal"", ""template""]",2025-08-14,Agreement between {Party A} and {Party B}. Terms apply.,Legal Templates,legal-0075
NDA,"[""legal"", ""template""]",2025-08-14,Agreement between {Party A} and {Party B}. Terms apply.,Legal Templates,legal-0076
NDA,"[""legal"", ""template""]",2025-08-14,Agreement between {Party A} and {Party B}. Terms apply.,Legal Templates,legal-0077
NDA,"[""legal"", ""template""]",2025-08-14,Agreement between {Party A} and {Party B}. Terms apply.,Legal Templates,legal-0078
NDA,"[""legal"", ""template""]",2025-08-14,Agreement between {Party A} and {Party B}. Terms apply.,Legal Templates,legal-0079
NDA,"[""legal"", ""template""]",2025-08-14,Agreement between {Party A} and {Party B}. Terms apply.,Legal Templates,legal-0080
NDA,"[""legal"", ""template""]",2025-08-14,Agreement between {Party A} and {Party B}. Terms apply.,Legal Templates,legal-0081
NDA,"[""legal"", ""template""]",2025-08-14,Agreement between {Party A} and {Party B}. Terms apply.,Legal Templates,legal-0082
NDA,"[""legal"", ""template""]",2025-08-14,Agreement between {Party A} and {Party B}. Terms apply.,Legal Templates,legal-0083
NDA,"[""legal"", ""template""]",2025-08-14,Agreement between {Party A} and {Party B}. Terms apply.,Legal Templates,legal-0084
NDA,"[""legal"", ""template""]",2025-08-14,Agreement between {Party A} and {Party B}. Terms apply.,Legal Templates,legal-0085
NDA,"[""legal"", ""template""]",2025-08-14,Agreement between {Party A} and {Party B}. Terms apply.,Legal Templates,legal-0086
NDA,"[""legal"", ""template""]",2025-08-14,Agreement between {Party A} and {Party B}. Terms apply.,Legal Templates,legal-0087
NDA,"[""legal"", ""template""]",2025-08-14,Agreement between {Party A} and {Party B}. Terms apply.,Legal Templates,legal-0088
NDA,"[""legal"", ""template""]",2025-08-14,Agreement between {Party A} and {Party B}. Terms apply.,Legal Templates,legal-0089
NDA,"[""legal"", ""template""]",2025-08-14,Agreement between {Party A} and {Party B}. Terms apply.,Legal Templates,legal-0090
NDA,"[""legal"", ""template""]",2025-08-14,Agreement between {Party A} and {Party B}. Terms apply.,Legal Templates,legal-0091
NDA,"[""legal"", ""template""]",2025-08-14,Agreement between {Party A} and {Party B}. Terms apply.,Legal Templates,legal-0092
NDA,"[""legal"", ""template""]",2025-08-14,Agreement between {Party A} and {Party B}. Terms apply.,Legal Templates,legal-0093
NDA,"[""legal"", ""template""]",2025-08-14,Agreement between {Party A} and {Party B}. Terms apply.,Legal Templates,legal-0094
NDA,"[""legal"", ""template""]",2025-08-14,Agreement between {Party A} and {Party B}. Terms apply.,Legal Templates,legal-0095
NDA,"[""legal"", ""template""]",2025-08-14,Agreement between {Party A} and {Party B}. Terms apply.,Legal Templates,legal-0096
NDA,"[""legal"", ""template""]",2025-08-14,Agreement between {Party A} and {Party B}. Terms apply.,Legal Templates,legal-0097
NDA,"[""legal"", ""template""]",2025-08-14,Agreement between {Party A} and {Party B}. Terms apply.,Legal Templates,legal-0098
NDA,"[""legal"", ""template""]",2025-08-14,Agreement between {Party A} and {Party B}. Terms apply.,Legal Templates,legal-0099
NDA,"[""legal"", ""template""]",2025-08-14,Agreement between {Party A} and {Party B}. Terms apply.,Legal Templates,legal-0100
NDA,"[""legal"", ""template""]",2025-08-14,Agreement between {Party A} and {Party B}. Terms apply.,Legal Templates,legal-0101
NDA,"[""legal"", ""template""]",2025-08-14,Agreement between {Party A} and {Party B}. Terms apply.,Legal Templates,legal-0102
NDA,"[""legal"", ""template""]",2025-08-14,Agreement between {Party A} and {Party B}. Terms apply.,Legal Templates,legal-0103
NDA,"[""legal"", ""template""]",2025-08-14,Agreement between {Party A} and {Party B}. Terms apply.,Legal Templates,legal-0104
NDA,"[""legal"", ""template""]",2025-08-14,Agreement between {Party A} and {Party B}. Terms apply.,Legal Templates,legal-0105
NDA,"[""legal"", ""template""]",2025-08-14,Agreement between {Party A} and {Party B}. Terms apply.,Legal Templates,legal-0106
NDA,"[""legal"", ""template""]",2025-08-14,Agreement between {Party A} and {Party B}. Terms apply.,Legal Templates,legal-0107
NDA,"[""legal"", ""template""]",2025-08-14,Agreement between {Party A} and {Party B}. Terms apply.,Legal Templates,legal-0108
NDA,"[""legal"", ""template""]",2025-08-14,Agreement between {Party A} and {Party B}. Terms apply.,Legal Templates,legal-0109
NDA,"[""legal"", ""template""]",2025-08-14,Agreement between {Party A} and {Party B}. Terms apply.,Legal Templates,legal-0110
NDA,"[""legal"", ""template""]",2025-08-14,Agreement between {Party A} and {Party B}. Terms apply.,Legal Templates,legal-0111
NDA,"[""legal"", ""template""]",2025-08-14,Agreement between {Party A} and {Party B}. Terms apply.,Legal Templates,legal-0112
NDA,"[""legal"", ""template""]",2025-08-14,Agreement between {Party A} and {Party B}. Terms apply.,Legal Templates,legal-0113
NDA,"[""legal"", ""template""]",2025-08-14,Agreement between {Party A} and {Party B}. Terms apply.,Legal Templates,legal-0114
NDA,"[""legal"", ""template""]",2025-08-14,Agreement between {Party A} and {Party B}. Terms apply.,Legal Templates,legal-0115
NDA,"[""legal"", ""template""]",2025-08-14,Agreement between {Party A} and {Party B}. Terms apply.,Legal Templates,legal-0116
NDA,"[""legal"", ""template""]",2025-08-14,Agreement between {Party A} and {Party B}. Terms apply.,Legal Templates,legal-0117
NDA,"[""legal"", ""template""]",2025-08-14,Agreement between {Party A} and {Party B}. Terms apply.,Legal Templates,legal-0118
NDA,"[""legal"", ""template""]",2025-08-14,Agreement between {Party A} and {Party B}. Terms apply.,Legal Templates,legal-0119
NDA,"[""legal"", ""template""]",2025-08-14,Agreement between {Party A} and {Party B}. Terms apply.,Legal Templates,legal-0120
NDA,"[""legal"", ""template""]",2025-08-14,Agreement between {Party A} and {Party B}. Terms apply.,Legal Templates,legal-0121
NDA,"[""legal"", ""template""]",2025-08-14,Agreement between {Party A} and {Party B}. Terms apply.,Legal Templates,legal-0122
NDA,"[""legal"", ""template""]",2025-08-14,Agreement between {Party A} and {Party B}. Terms apply.,Legal Templates,legal-0123
NDA,"[""legal"", ""template""]",2025-08-14,Agreement between {Party A} and {Party B}. Terms apply.,Legal Templates,legal-0124
NDA,"[""legal"", ""template""]",2025-08-14,Agreement between {Party A} and {Party B}. Terms apply.,Legal Templates,legal-0125
NDA,"[""legal"", ""template""]",2025-08-14,Agreement between {Party A} and {Party B}. Terms apply.,Legal Templates,legal-0126
NDA,"[""legal"", ""template""]",2025-08-14,Agreement between {Party A} and {Party B}. Terms apply.,Legal Templates,legal-0127
NDA,"[""legal"", ""template""]",2025-08-14,Agreement between {Party A} and {Party B}. Terms apply.,Legal Templates,legal-0128
NDA,"[""legal"", ""template""]",2025-08-14,Agreement between {Party A} and {Party B}. Terms apply.,Legal Templates,legal-0129
NDA,"[""legal"", ""template""]",2025-08-14,Agreement between {Party A} and {Party B}. Terms apply.,Legal Templates,legal-0130
NDA,"[""legal"", ""template""]",2025-08-14,Agreement between {Party A} and {Party B}. Terms apply.,Legal Templates,legal-0131
NDA,"[""legal"", ""template""]",2025-08-14,Agreement between {Party A} and {Party B}. Terms apply.,Legal Templates,legal-0132
NDA,"[""legal"", ""template""]",2025-08-14,Agreement between {Party A} and {Party B}. Terms apply.,Legal Templates,legal-0133
NDA,"[""legal"", ""template""]",2025-08-14,Agreement between {Party A} and {Party B}. Terms apply.,Legal Templates,legal-0134
NDA,"[""legal"", ""template""]",2025-08-14,Agreement between {Party A} and {Party B}. Terms apply.,Legal Templates,legal-0135
NDA,"[""legal"", ""template""]",2025-08-14,Agreement between {Party A} and {Party B}. Terms apply.,Legal Templates,legal-0136
NDA,"[""legal"", ""template""]",2025-08-14,Agreement between {Party A} and {Party B}. Terms apply.,Legal Templates,legal-0137
NDA,"[""legal"", ""template""]",2025-08-14,Agreement between {Party A} and {Party B}. Terms apply.,Legal Templates,legal-0138
NDA,"[""legal"", ""template""]",2025-08-14,Agreement between {Party A} and {Party B}. Terms apply.,Legal Templates,legal-0139
NDA,"[""legal"", ""template""]",2025-08-14,Agreement between {Party A} and {Party B}. Terms apply.,Legal Templates,legal-0140
NDA,"[""legal"", ""template""]",2025-08-14,Agreement between {Party A} and {Party B}. Terms apply.,Legal Templates,legal-0141
NDA,"[""legal"", ""template""]",2025-08-14,Agreement between {Party A} and {Party B}. Terms apply.,Legal Templates,legal-0142
NDA,"[""legal"", ""template""]",2025-08-14,Agreement between {Party A} and {Party B}. Terms apply.,Legal Templates,legal-0143
NDA,"[""legal"", ""template""]",2025-08-14,Agreement between {Party A} and {Party B}. Terms apply.,Legal Templates,legal-0144
NDA,"[""legal"", ""template""]",2025-08-14,Agreement between {Party A} and {Party B}. Terms apply.,Legal Templates,legal-0145
NDA,"[""legal"", ""template""]",2025-08-14,Agreement between {Party A} and {Party B}. Terms apply.,Legal Templates,legal-0146
NDA,"[""legal"", ""template""]",2025-08-14,Agreement between {Party A} and {Party B}. Terms apply.,Legal Templates,legal-0147
NDA,"[""legal"", ""template""]",2025-08-14,Agreement between {Party A} and {Party B}. Terms apply.,Legal Templates,legal-0148
NDA,"[""legal"", ""template""]",2025-08-14,Agreement between {Party A} and {Party B}. Terms apply.,Legal Templates,legal-0149
NDA,"[""legal"", ""template""]",2025-08-14,Agreement between {Party A} and {Party B}. Terms apply.,Legal Templates,legal-0150
NDA,"[""legal"", ""template""]",2025-08-14,Agreement between {Party A} and {Party B}. Terms apply.,Legal Templates,legal-0151
NDA,"[""legal"", ""template""]",2025-08-14,Agreement between {Party A} and {Party B}. Terms apply.,Legal Templates,legal-0152
NDA,"[""legal"", ""template""]",2025-08-14,Agreement between {Party A} and {Party B}. Terms apply.,Legal Templates,legal-0153
NDA,"[""legal"", ""template""]",2025-08-14,Agreement between {Party A} and {Party B}. Terms apply.,Legal Templates,legal-0154
NDA,"[""legal"", ""template""]",2025-08-14,Agreement between {Party A} and {Party B}. Terms apply.,Legal Templates,legal-0155
NDA,"[""legal"", ""template""]",2025-08-14,Agreement between {Party A} and {Party B}. Terms apply.,Legal Templates,legal-0156
NDA,"[""legal"", ""template""]",2025-08-14,Agreement between {Party A} and {Party B}. Terms apply.,Legal Templates,legal-0157
NDA,"[""legal"", ""template""]",2025-08-14,Agreement between {Party A} and {Party B}. Terms apply.,Legal Templates,legal-0158
NDA,"[""legal"", ""template""]",2025-08-14,Agreement between {Party A} and {Party B}. Terms apply.,Legal Templates,legal-0159
NDA,"[""legal"", ""template""]",2025-08-14,Agreement between {Party A} and {Party B}. Terms apply.,Legal Templates,legal-0160
NDA,"[""legal"", ""template""]",2025-08-14,Agreement between {Party A} and {Party B}. Terms apply.,Legal Templates,legal-0161
NDA,"[""legal"", ""template""]",2025-08-14,Agreement between {Party A} and {Party B}. Terms apply.,Legal Templates,legal-0162
NDA,"[""legal"", ""template""]",2025-08-14,Agreement between {Party A} and {Party B}. Terms apply.,Legal Templates,legal-0163
NDA,"[""legal"", ""template""]",2025-08-14,Agreement between {Party A} and {Party B}. Terms apply.,Legal Templates,legal-0164
NDA,"[""legal"", ""template""]",2025-08-14,Agreement between {Party A} and {Party B}. Terms apply.,Legal Templates,legal-0165
NDA,"[""legal"", ""template""]",2025-08-14,Agreement between {Party A} and {Party B}. Terms apply.,Legal Templates,legal-0166
NDA,"[""legal"", ""template""]",2025-08-14,Agreement between {Party A} and {Party B}. Terms apply.,Legal Templates,legal-0167
NDA,"[""legal"", ""template""]",2025-08-14,Agreement between {Party A} and {Party B}. Terms apply.,Legal Templates,legal-0168
NDA,"[""legal"", ""template""]",2025-08-14,Agreement between {Party A} and {Party B}. Terms apply.,Legal Templates,legal-0169
NDA,"[""legal"", ""template""]",2025-08-14,Agreement between {Party A} and {Party B}. Terms apply.,Legal Templates,legal-0170
NDA,"[""legal"", ""template""]",2025-08-14,Agreement between {Party A} and {Party B}. Terms apply.,Legal Templates,legal-0171
NDA,"[""legal"", ""template""]",2025-08-14,Agreement between {Party A} and {Party B}. Terms apply.,Legal Templates,legal-0172
NDA,"[""legal"", ""template""]",2025-08-14,Agreement between {Party A} and {Party B}. Terms apply.,Legal Templates,legal-0173
NDA,"[""legal"", ""template""]",2025-08-14,Agreement between {Party A} and {Party B}. Terms apply.,Legal Templates,legal-0174
NDA,"[""legal"", ""template""]",2025-08-14,Agreement between {Party A} and {Party B}. Terms apply.,Legal Templates,legal-0175
NDA,"[""legal"", ""template""]",2025-08-14,Agreement between {Party A} and {Party B}. Terms apply.,Legal Templates,legal-0176
NDA,"[""legal"", ""template""]",2025-08-14,Agreement between {Party A} and {Party B}. Terms apply.,Legal Templates,legal-0177
NDA,"[""legal"", ""template""]",2025-08-14,Agreement between {Party A} and {Party B}. Terms apply.,Legal Templates,legal-0178
NDA,"[""legal"", ""template""]",2025-08-14,Agreement between {Party A} and {Party B}. Terms apply.,Legal Templates,legal-0179
NDA,"[""legal"", ""template""]",2025-08-14,Agreement between {Party A} and {Party B}. Terms apply.,Legal Templates,legal-0180
NDA,"[""legal"", ""template""]",2025-08-14,Agreement between {Party A} and {Party B}. Terms apply.,Legal Templates,legal-0181
NDA,"[""legal"", ""template""]",2025-08-14,Agreement between {Party A} and {Party B}. Terms apply.,Legal Templates,legal-0182
NDA,"[""legal"", ""template""]",2025-08-14,Agreement between {Party A} and {Party B}. Terms apply.,Legal Templates,legal-0183
NDA,"[""legal"", ""template""]",2025-08-14,Agreement between {Party A} and {Party B}. Terms apply.,Legal Templates,legal-0184
NDA,"[""legal"", ""template""]",2025-08-14,Agreement between {Party A} and {Party B}. Terms apply.,Legal Templates,legal-0185
NDA,"[""legal"", ""template""]",2025-08-14,Agreement between {Party A} and {Party B}. Terms apply.,Legal Templates,legal-0186
NDA,"[""legal"", ""template""]",2025-08-14,Agreement between {Party A} and {Party B}. Terms apply.,Legal Templates,legal-0187
NDA,"[""legal"", ""template""]",2025-08-14,Agreement between {Party A} and {Party B}. Terms apply.,Legal Templates,legal-0188
NDA,"[""legal"", ""template""]",2025-08-14,Agreement between {Party A} and {Party B}. Terms apply.,Legal Templates,legal-0189
NDA,"[""legal"", ""template""]",2025-08-14,Agreement between {Party A} and {Party B}. Terms apply.,Legal Templates,legal-0190
NDA,"[""legal"", ""template""]",2025-08-14,Agreement between {Party A} and {Party B}. Terms apply.,Legal Templates,legal-0191
NDA,"[""legal"", ""template""]",2025-08-14,Agreement between {Party A} and {Party B}. Terms apply.,Legal Templates,legal-0192
NDA,"[""legal"", ""template""]",2025-08-14,Agreement between {Party A} and {Party B}. Terms apply.,Legal Templates,legal-0193
NDA,"[""legal"", ""template""]",2025-08-14,Agreement between {Party A} and {Party B}. Terms apply.,Legal Templates,legal-0194
NDA,"[""legal"", ""template""]",2025-08-14,Agreement between {Party A} and {Party B}. Terms apply.,Legal Templates,legal-0195
NDA,"[""legal"", ""template""]",2025-08-14,Agreement between {Party A} and {Party B}. Terms apply.,Legal Templates,legal-0196
NDA,"[""legal"", ""template""]",2025-08-14,Agreement between {Party A} and {Party B}. Terms apply.,Legal Templates,legal-0197
NDA,"[""legal"", ""template""]",2025-08-14,Agreement between {Party A} and {Party B}. Terms apply.,Legal Templates,legal-0198
NDA,"[""legal"", ""template""]",2025-08-14,Agreement between {Party A} and {Party B}. Terms apply.,Legal Templates,legal-0199
NDA,"[""legal"", ""template""]",2025-08-14,Agreement between {Party A} and {Party B}. Terms apply.,Legal Templates,legal-0200
NDA,"[""legal"", ""template""]",2025-08-14,Agreement between {Party A} and {Party B}. Terms apply.,Legal Templates,legal-0201
NDA,"[""legal"", ""template""]",2025-08-14,Agreement between {Party A} and {Party B}. Terms apply.,Legal Templates,legal-0202
NDA,"[""legal"", ""template""]",2025-08-14,Agreement between {Party A} and {Party B}. Terms apply.,Legal Templates,legal-0203
NDA,"[""legal"", ""template""]",2025-08-14,Agreement between {Party A} and {Party B}. Terms apply.,Legal Templates,legal-0204
NDA,"[""legal"", ""template""]",2025-08-14,Agreement between {Party A} and {Party B}. Terms apply.,Legal Templates,legal-0205
NDA,"[""legal"", ""template""]",2025-08-14,Agreement between {Party A} and {Party B}. Terms apply.,Legal Templates,legal-0206
NDA,"[""legal"", ""template""]",2025-08-14,Agreement between {Party A} and {Party B}. Terms apply.,Legal Templates,legal-0207
NDA,"[""legal"", ""template""]",2025-08-14,Agreement between {Party A} and {Party B}. Terms apply.,Legal Templates,legal-0208
NDA,"[""legal"", ""template""]",2025-08-14,Agreement between {Party A} and {Party B}. Terms apply.,Legal Templates,legal-0209
NDA,"[""legal"", ""template""]",2025-08-14,Agreement between {Party A} and {Party B}. Terms apply.,Legal Templates,legal-0210
NDA,"[""legal"", ""template""]",2025-08-14,Agreement between {Party A} and {Party B}. Terms apply.,Legal Templates,legal-0211
NDA,"[""legal"", ""template""]",2025-08-14,Agreement between {Party A} and {Party B}. Terms apply.,Legal Templates,legal-0212
NDA,"[""legal"", ""template""]",2025-08-14,Agreement between {Party A} and {Party B}. Terms apply.,Legal Templates,legal-0213
NDA,"[""legal"", ""template""]",2025-08-14,Agreement between {Party A} and {Party B}. Terms apply.,Legal Templates,legal-0214
NDA,"[""legal"", ""template""]",2025-08-14,Agreement between {Party A} and {Party B}. Terms apply.,Legal Templates,legal-0215
NDA,"[""legal"", ""template""]",2025-08-14,Agreement between {Party A} and {Party B}. Terms apply.,Legal Templates,legal-0216
NDA,"[""legal"", ""template""]",2025-08-14,Agreement between {Party A} and {Party B}. Terms apply.,Legal Templates,legal-0217
NDA,"[""legal"", ""template""]",2025-08-14,Agreement between {Party A} and {Party B}. Terms apply.,Legal Templates,legal-0218
NDA,"[""legal"", ""template""]",2025-08-14,Agreement between {Party A} and {Party B}. Terms apply.,Legal Templates,legal-0219
NDA,"[""legal"", ""template""]",2025-08-14,Agreement between {Party A} and {Party B}. Terms apply.,Legal Templates,legal-0220
