pricing_table,tags,last_updated,region,category,venture,id
"{""entry"": 49, ""standard"": 129, ""premium"": 249, ""currency"": ""USD""}","[""pricing""]",2025-08-14,NEPA,Market Research,Corevexa Labs,mr-0001
"{""entry"": 49, ""standard"": 129, ""premium"": 249, ""currency"": ""USD""}","[""pricing""]",2025-08-14,NEPA,Market Research,Corevexa Labs,mr-0002
"{""entry"": 49, ""standard"": 129, ""premium"": 249, ""currency"": ""USD""}","[""pricing""]",2025-08-14,NEPA,Market Research,Corevexa Labs,mr-0003
"{""entry"": 49, ""standard"": 129, ""premium"": 249, ""currency"": ""USD""}","[""pricing""]",2025-08-14,NEPA,Market Research,Corevexa Labs,mr-0004
"{""entry"": 49, ""standard"": 129, ""premium"": 249, ""currency"": ""USD""}","[""pricing""]",2025-08-14,NEPA,Market Research,Corevexa Labs,mr-0005
"{""entry"": 49, ""standard"": 129, ""premium"": 249, ""currency"": ""USD""}","[""pricing""]",2025-08-14,NEPA,Market Research,Corevexa Labs,mr-0006
"{""entry"": 49, ""standard"": 129, ""premium"": 249, ""currency"": ""USD""}","[""pricing""]",2025-08-14,NEPA,Market Research,Corevexa Labs,mr-0007
"{""entry"": 49, ""standard"": 129, ""premium"": 249, ""currency"": ""USD""}","[""pricing""]",2025-08-14,NEPA,Market Research,Corevexa Labs,mr-0008
"{""entry"": 49, ""standard"": 129, ""premium"": 249, ""currency"": ""USD""}","[""pricing""]",2025-08-14,NEPA,Market Research,Corevexa Labs,mr-0009
"{""entry"": 49, ""standard"": 129, ""premium"": 249, ""currency"": ""USD""}","[""pricing""]",2025-08-14,NEPA,Market Research,Corevexa Labs,mr-0010
"{""entry"": 49, ""standard"": 129, ""premium"": 249, ""currency"": ""USD""}","[""pricing""]",2025-08-14,NEPA,Market Research,Corevexa Labs,mr-0011
"{""entry"": 49, ""standard"": 129, ""premium"": 249, ""currency"": ""USD""}","[""pricing""]",2025-08-14,NEPA,Market Research,Corevexa Labs,mr-0012
"{""entry"": 49, ""standard"": 129, ""premium"": 249, ""currency"": ""USD""}","[""pricing""]",2025-08-14,NEPA,Market Research,Corevexa Labs,mr-0013
"{""entry"": 49, ""standard"": 129, ""premium"": 249, ""currency"": ""USD""}","[""pricing""]",2025-08-14,NEPA,Market Research,Corevexa Labs,mr-0014
"{""entry"": 49, ""standard"": 129, ""premium"": 249, ""currency"": ""USD""}","[""pricing""]",2025-08-14,NEPA,Market Research,Corevexa Labs,mr-0015
"{""entry"": 49, ""standard"": 129, ""premium"": 249, ""currency"": ""USD""}","[""pricing""]",2025-08-14,NEPA,Market Research,Corevexa Labs,mr-0016
"{""entry"": 49, ""standard"": 129, ""premium"": 249, ""currency"": ""USD""}","[""pricing""]",2025-08-14,NEPA,Market Research,Corevexa Labs,mr-0017
"{""entry"": 49, ""standard"": 129, ""premium"": 249, ""currency"": ""USD""}","[""pricing""]",2025-08-14,NEPA,Market Research,Corevexa Labs,mr-0018
"{""entry"": 49, ""standard"": 129, ""premium"": 249, ""currency"": ""USD""}","[""pricing""]",2025-08-14,NEPA,Market Research,Corevexa Labs,mr-0019
"{""entry"": 49, ""standard"": 129, ""premium"": 249, ""currency"": ""USD""}","[""pricing""]",2025-08-14,NEPA,Market Research,Corevexa Labs,mr-0020
"{""entry"": 49, ""standard"": 129, ""premium"": 249, ""currency"": ""USD""}","[""pricing""]",2025-08-14,NEPA,Market Research,Corevexa Labs,mr-0021
"{""entry"": 49, ""standard"": 129, ""premium"": 249, ""currency"": ""USD""}","[""pricing""]",2025-08-14,NEPA,Market Research,Corevexa Labs,mr-0022
"{""entry"": 49, ""standard"": 129, ""premium"": 249, ""currency"": ""USD""}","[""pricing""]",2025-08-14,NEPA,Market Research,Corevexa Labs,mr-0023
"{""entry"": 49, ""standard"": 129, ""premium"": 249, ""currency"": ""USD""}","[""pricing""]",2025-08-14,NEPA,Market Research,Corevexa Labs,mr-0024
"{""entry"": 49, ""standard"": 129, ""premium"": 249, ""currency"": ""USD""}","[""pricing""]",2025-08-14,NEPA,Market Research,Corevexa Labs,mr-0025
"{""entry"": 49, ""standard"": 129, ""premium"": 249, ""currency"": ""USD""}","[""pricing""]",2025-08-14,NEPA,Market Research,Corevexa Labs,mr-0026
"{""entry"": 49, ""standard"": 129, ""premium"": 249, ""currency"": ""USD""}","[""pricing""]",2025-08-14,NEPA,Market Research,Corevexa Labs,mr-0027
"{""entry"": 49, ""standard"": 129, ""premium"": 249, ""currency"": ""USD""}","[""pricing""]",2025-08-14,NEPA,Market Research,Corevexa Labs,mr-0028
"{""entry"": 49, ""standard"": 129, ""premium"": 249, ""currency"": ""USD""}","[""pricing""]",2025-08-14,NEPA,Market Research,Corevexa Labs,mr-0029
"{""entry"": 49, ""standard"": 129, ""premium"": 249, ""currency"": ""USD""}","[""pricing""]",2025-08-14,NEPA,Market Research,Corevexa Labs,mr-0030
"{""entry"": 49, ""standard"": 129, ""premium"": 249, ""currency"": ""USD""}","[""pricing""]",2025-08-14,NEPA,Market Research,Corevexa Labs,mr-0031
"{""entry"": 49, ""standard"": 129, ""premium"": 249, ""currency"": ""USD""}","[""pricing""]",2025-08-14,NEPA,Market Research,Corevexa Labs,mr-0032
"{""entry"": 49, ""standard"": 129, ""premium"": 249, ""currency"": ""USD""}","[""pricing""]",2025-08-14,NEPA,Market Research,Corevexa Labs,mr-0033
"{""entry"": 49, ""standard"": 129, ""premium"": 249, ""currency"": ""USD""}","[""pricing""]",2025-08-14,NEPA,Market Research,Corevexa Labs,mr-0034
"{""entry"": 49, ""standard"": 129, ""premium"": 249, ""currency"": ""USD""}","[""pricing""]",2025-08-14,NEPA,Market Research,Corevexa Labs,mr-0035
"{""entry"": 49, ""standard"": 129, ""premium"": 249, ""currency"": ""USD""}","[""pricing""]",2025-08-14,NEPA,Market Research,Corevexa Labs,mr-0036
"{""entry"": 49, ""standard"": 129, ""premium"": 249, ""currency"": ""USD""}","[""pricing""]",2025-08-14,NEPA,Market Research,Corevexa Labs,mr-0037
"{""entry"": 49, ""standard"": 129, ""premium"": 249, ""currency"": ""USD""}","[""pricing""]",2025-08-14,NEPA,Market Research,Corevexa Labs,mr-0038
"{""entry"": 49, ""standard"": 129, ""premium"": 249, ""currency"": ""USD""}","[""pricing""]",2025-08-14,NEPA,Market Research,Corevexa Labs,mr-0039
"{""entry"": 49, ""standard"": 129, ""premium"": 249, ""currency"": ""USD""}","[""pricing""]",2025-08-14,NEPA,Market Research,Corevexa Labs,mr-0040
"{""entry"": 49, ""standard"": 129, ""premium"": 249, ""currency"": ""USD""}","[""pricing""]",2025-08-14,NEPA,Market Research,Corevexa Labs,mr-0041
"{""entry"": 49, ""standard"": 129, ""premium"": 249, ""currency"": ""USD""}","[""pricing""]",2025-08-14,NEPA,Market Research,Corevexa Labs,mr-0042
"{""entry"": 49, ""standard"": 129, ""premium"": 249, ""currency"": ""USD""}","[""pricing""]",2025-08-14,NEPA,Market Research,Corevexa Labs,mr-0043
"{""entry"": 49, ""standard"": 129, ""premium"": 249, ""currency"": ""USD""}","[""pricing""]",2025-08-14,NEPA,Market Research,Corevexa Labs,mr-0044
"{""entry"": 49, ""standard"": 129, ""premium"": 249, ""currency"": ""USD""}","[""pricing""]",2025-08-14,NEPA,Market Research,Corevexa Labs,mr-0045
"{""entry"": 49, ""standard"": 129, ""premium"": 249, ""currency"": ""USD""}","[""pricing""]",2025-08-14,NEPA,Market Research,Corevexa Labs,mr-0046
"{""entry"": 49, ""standard"": 129, ""premium"": 249, ""currency"": ""USD""}","[""pricing""]",2025-08-14,NEPA,Market Research,Corevexa Labs,mr-0047
"{""entry"": 49, ""standard"": 129, ""premium"": 249, ""currency"": ""USD""}","[""pricing""]",2025-08-14,NEPA,Market Research,Corevexa Labs,mr-0048
"{""entry"": 49, ""standard"": 129, ""premium"": 249, ""currency"": ""USD""}","[""pricing""]",2025-08-14,NEPA,Market Research,Corevexa Labs,mr-0049
"{""entry"": 49, ""standard"": 129, ""premium"": 249, ""currency"": ""USD""}","[""pricing""]",2025-08-14,NEPA,Market Research,Corevexa Labs,mr-0050
"{""entry"": 49, ""standard"": 129, ""premium"": 249, ""currency"": ""USD""}","[""pricing""]",2025-08-14,NEPA,Market Research,Corevexa Labs,mr-0051
"{""entry"": 49, ""standard"": 129, ""premium"": 249, ""currency"": ""USD""}","[""pricing""]",2025-08-14,NEPA,Market Research,Corevexa Labs,mr-0052
"{""entry"": 49, ""standard"": 129, ""premium"": 249, ""currency"": ""USD""}","[""pricing""]",2025-08-14,NEPA,Market Research,Corevexa Labs,mr-0053
"{""entry"": 49, ""standard"": 129, ""premium"": 249, ""currency"": ""USD""}","[""pricing""]",2025-08-14,NEPA,Market Research,Corevexa Labs,mr-0054
"{""entry"": 49, ""standard"": 129, ""premium"": 249, ""currency"": ""USD""}","[""pricing""]",2025-08-14,NEPA,Market Research,Corevexa Labs,mr-0055
"{""entry"": 49, ""standard"": 129, ""premium"": 249, ""currency"": ""USD""}","[""pricing""]",2025-08-14,NEPA,Market Research,Corevexa Labs,mr-0056
"{""entry"": 49, ""standard"": 129, ""premium"": 249, ""currency"": ""USD""}","[""pricing""]",2025-08-14,NEPA,Market Research,Corevexa Labs,mr-0057
"{""entry"": 49, ""standard"": 129, ""premium"": 249, ""currency"": ""USD""}","[""pricing""]",2025-08-14,NEPA,Market Research,Corevexa Labs,mr-0058
"{""entry"": 49, ""standard"": 129, ""premium"": 249, ""currency"": ""USD""}","[""pricing""]",2025-08-14,NEPA,Market Research,Corevexa Labs,mr-0059
"{""entry"": 49, ""standard"": 129, ""premium"": 249, ""currency"": ""USD""}","[""pricing""]",2025-08-14,NEPA,Market Research,Corevexa Labs,mr-0060
"{""entry"": 49, ""standard"": 129, ""premium"": 249, ""currency"": ""USD""}","[""pricing""]",2025-08-14,NEPA,Market Research,Corevexa Labs,mr-0061
"{""entry"": 49, ""standard"": 129, ""premium"": 249, ""currency"": ""USD""}","[""pricing""]",2025-08-14,NEPA,Market Research,Corevexa Labs,mr-0062
"{""entry"": 49, ""standard"": 129, ""premium"": 249, ""currency"": ""USD""}","[""pricing""]",2025-08-14,NEPA,Market Research,Corevexa Labs,mr-0063
"{""entry"": 49, ""standard"": 129, ""premium"": 249, ""currency"": ""USD""}","[""pricing""]",2025-08-14,NEPA,Market Research,Corevexa Labs,mr-0064
"{""entry"": 49, ""standard"": 129, ""premium"": 249, ""currency"": ""USD""}","[""pricing""]",2025-08-14,NEPA,Market Research,Corevexa Labs,mr-0065
"{""entry"": 49, ""standard"": 129, ""premium"": 249, ""currency"": ""USD""}","[""pricing""]",2025-08-14,NEPA,Market Research,Corevexa Labs,mr-0066
"{""entry"": 49, ""standard"": 129, ""premium"": 249, ""currency"": ""USD""}","[""pricing""]",2025-08-14,NEPA,Market Research,Corevexa Labs,mr-0067
"{""entry"": 49, ""standard"": 129, ""premium"": 249, ""currency"": ""USD""}","[""pricing""]",2025-08-14,NEPA,Market Research,Corevexa Labs,mr-0068
"{""entry"": 49, ""standard"": 129, ""premium"": 249, ""currency"": ""USD""}","[""pricing""]",2025-08-14,NEPA,Market Research,Corevexa Labs,mr-0069
"{""entry"": 49, ""standard"": 129, ""premium"": 249, ""currency"": ""USD""}","[""pricing""]",2025-08-14,NEPA,Market Research,Corevexa Labs,mr-0070
"{""entry"": 49, ""standard"": 129, ""premium"": 249, ""currency"": ""USD""}","[""pricing""]",2025-08-14,NEPA,Market Research,Corevexa Labs,mr-0071
"{""entry"": 49, ""standard"": 129, ""premium"": 249, ""currency"": ""USD""}","[""pricing""]",2025-08-14,NEPA,Market Research,Corevexa Labs,mr-0072
"{""entry"": 49, ""standard"": 129, ""premium"": 249, ""currency"": ""USD""}","[""pricing""]",2025-08-14,NEPA,Market Research,Corevexa Labs,mr-0073
"{""entry"": 49, ""standard"": 129, ""premium"": 249, ""currency"": ""USD""}","[""pricing""]",2025-08-14,NEPA,Market Research,Corevexa Labs,mr-0074
"{""entry"": 49, ""standard"": 129, ""premium"": 249, ""currency"": ""USD""}","[""pricing""]",2025-08-14,NEPA,Market Research,Corevexa Labs,mr-0075
"{""entry"": 49, ""standard"": 129, ""premium"": 249, ""currency"": ""USD""}","[""pricing""]",2025-08-14,NEPA,Market Research,Corevexa Labs,mr-0076
"{""entry"": 49, ""standard"": 129, ""premium"": 249, ""currency"": ""USD""}","[""pricing""]",2025-08-14,NEPA,Market Research,Corevexa Labs,mr-0077
"{""entry"": 49, ""standard"": 129, ""premium"": 249, ""currency"": ""USD""}","[""pricing""]",2025-08-14,NEPA,Market Research,Corevexa Labs,mr-0078
"{""entry"": 49, ""standard"": 129, ""premium"": 249, ""currency"": ""USD""}","[""pricing""]",2025-08-14,NEPA,Market Research,Corevexa Labs,mr-0079
"{""entry"": 49, ""standard"": 129, ""premium"": 249, ""currency"": ""USD""}","[""pricing""]",2025-08-14,NEPA,Market Research,Corevexa Labs,mr-0080
"{""entry"": 49, ""standard"": 129, ""premium"": 249, ""currency"": ""USD""}","[""pricing""]",2025-08-14,NEPA,Market Research,Corevexa Labs,mr-0081
"{""entry"": 49, ""standard"": 129, ""premium"": 249, ""currency"": ""USD""}","[""pricing""]",2025-08-14,NEPA,Market Research,Corevexa Labs,mr-0082
"{""entry"": 49, ""standard"": 129, ""premium"": 249, ""currency"": ""USD""}","[""pricing""]",2025-08-14,NEPA,Market Research,Corevexa Labs,mr-0083
"{""entry"": 49, ""standard"": 129, ""premium"": 249, ""currency"": ""USD""}","[""pricing""]",2025-08-14,NEPA,Market Research,Corevexa Labs,mr-0084
"{""entry"": 49, ""standard"": 129, ""premium"": 249, ""currency"": ""USD""}","[""pricing""]",2025-08-14,NEPA,Market Research,Corevexa Labs,mr-0085
"{""entry"": 49, ""standard"": 129, ""premium"": 249, ""currency"": ""USD""}","[""pricing""]",2025-08-14,NEPA,Market Research,Corevexa Labs,mr-0086
"{""entry"": 49, ""standard"": 129, ""premium"": 249, ""currency"": ""USD""}","[""pricing""]",2025-08-14,NEPA,Market Research,Corevexa Labs,mr-0087
"{""entry"": 49, ""standard"": 129, ""premium"": 249, ""currency"": ""USD""}","[""pricing""]",2025-08-14,NEPA,Market Research,Corevexa Labs,mr-0088
"{""entry"": 49, ""standard"": 129, ""premium"": 249, ""currency"": ""USD""}","[""pricing""]",2025-08-14,NEPA,Market Research,Corevexa Labs,mr-0089
"{""entry"": 49, ""standard"": 129, ""premium"": 249, ""currency"": ""USD""}","[""pricing""]",2025-08-14,NEPA,Market Research,Corevexa Labs,mr-0090
"{""entry"": 49, ""standard"": 129, ""premium"": 249, ""currency"": ""USD""}","[""pricing""]",2025-08-14,NEPA,Market Research,Corevexa Labs,mr-0091
"{""entry"": 49, ""standard"": 129, ""premium"": 249, ""currency"": ""USD""}","[""pricing""]",2025-08-14,NEPA,Market Research,Corevexa Labs,mr-0092
"{""entry"": 49, ""standard"": 129, ""premium"": 249, ""currency"": ""USD""}","[""pricing""]",2025-08-14,NEPA,Market Research,Corevexa Labs,mr-0093
"{""entry"": 49, ""standard"": 129, ""premium"": 249, ""currency"": ""USD""}","[""pricing""]",2025-08-14,NEPA,Market Research,Corevexa Labs,mr-0094
"{""entry"": 49, ""standard"": 129, ""premium"": 249, ""currency"": ""USD""}","[""pricing""]",2025-08-14,NEPA,Market Research,Corevexa Labs,mr-0095
"{""entry"": 49, ""standard"": 129, ""premium"": 249, ""currency"": ""USD""}","[""pricing""]",2025-08-14,NEPA,Market Research,Corevexa Labs,mr-0096
"{""entry"": 49, ""standard"": 129, ""premium"": 249, ""currency"": ""USD""}","[""pricing""]",2025-08-14,NEPA,Market Research,Corevexa Labs,mr-0097
"{""entry"": 49, ""standard"": 129, ""premium"": 249, ""currency"": ""USD""}","[""pricing""]",2025-08-14,NEPA,Market Research,Corevexa Labs,mr-0098
"{""entry"": 49, ""standard"": 129, ""premium"": 249, ""currency"": ""USD""}","[""pricing""]",2025-08-14,NEPA,Market Research,Corevexa Labs,mr-0099
"{""entry"": 49, ""standard"": 129, ""premium"": 249, ""currency"": ""USD""}","[""pricing""]",2025-08-14,NEPA,Market Research,Corevexa Labs,mr-0100
"{""entry"": 49, ""standard"": 129, ""premium"": 249, ""currency"": ""USD""}","[""pricing""]",2025-08-14,NEPA,Market Research,Corevexa Labs,mr-0101
"{""entry"": 49, ""standard"": 129, ""premium"": 249, ""currency"": ""USD""}","[""pricing""]",2025-08-14,NEPA,Market Research,Corevexa Labs,mr-0102
"{""entry"": 49, ""standard"": 129, ""premium"": 249, ""currency"": ""USD""}","[""pricing""]",2025-08-14,NEPA,Market Research,Corevexa Labs,mr-0103
"{""entry"": 49, ""standard"": 129, ""premium"": 249, ""currency"": ""USD""}","[""pricing""]",2025-08-14,NEPA,Market Research,Corevexa Labs,mr-0104
"{""entry"": 49, ""standard"": 129, ""premium"": 249, ""currency"": ""USD""}","[""pricing""]",2025-08-14,NEPA,Market Research,Corevexa Labs,mr-0105
"{""entry"": 49, ""standard"": 129, ""premium"": 249, ""currency"": ""USD""}","[""pricing""]",2025-08-14,NEPA,Market Research,Corevexa Labs,mr-0106
"{""entry"": 49, ""standard"": 129, ""premium"": 249, ""currency"": ""USD""}","[""pricing""]",2025-08-14,NEPA,Market Research,Corevexa Labs,mr-0107
"{""entry"": 49, ""standard"": 129, ""premium"": 249, ""currency"": ""USD""}","[""pricing""]",2025-08-14,NEPA,Market Research,Corevexa Labs,mr-0108
"{""entry"": 49, ""standard"": 129, ""premium"": 249, ""currency"": ""USD""}","[""pricing""]",2025-08-14,NEPA,Market Research,Corevexa Labs,mr-0109
"{""entry"": 49, ""standard"": 129, ""premium"": 249, ""currency"": ""USD""}","[""pricing""]",2025-08-14,NEPA,Market Research,Corevexa Labs,mr-0110
"{""entry"": 49, ""standard"": 129, ""premium"": 249, ""currency"": ""USD""}","[""pricing""]",2025-08-14,NEPA,Market Research,Corevexa Labs,mr-0111
"{""entry"": 49, ""standard"": 129, ""premium"": 249, ""currency"": ""USD""}","[""pricing""]",2025-08-14,NEPA,Market Research,Corevexa Labs,mr-0112
"{""entry"": 49, ""standard"": 129, ""premium"": 249, ""currency"": ""USD""}","[""pricing""]",2025-08-14,NEPA,Market Research,Corevexa Labs,mr-0113
"{""entry"": 49, ""standard"": 129, ""premium"": 249, ""currency"": ""USD""}","[""pricing""]",2025-08-14,NEPA,Market Research,Corevexa Labs,mr-0114
"{""entry"": 49, ""standard"": 129, ""premium"": 249, ""currency"": ""USD""}","[""pricing""]",2025-08-14,NEPA,Market Research,Corevexa Labs,mr-0115
"{""entry"": 49, ""standard"": 129, ""premium"": 249, ""currency"": ""USD""}","[""pricing""]",2025-08-14,NEPA,Market Research,Corevexa Labs,mr-0116
"{""entry"": 49, ""standard"": 129, ""premium"": 249, ""currency"": ""USD""}","[""pricing""]",2025-08-14,NEPA,Market Research,Corevexa Labs,mr-0117
"{""entry"": 49, ""standard"": 129, ""premium"": 249, ""currency"": ""USD""}","[""pricing""]",2025-08-14,NEPA,Market Research,Corevexa Labs,mr-0118
"{""entry"": 49, ""standard"": 129, ""premium"": 249, ""currency"": ""USD""}","[""pricing""]",2025-08-14,NEPA,Market Research,Corevexa Labs,mr-0119
"{""entry"": 49, ""standard"": 129, ""premium"": 249, ""currency"": ""USD""}","[""pricing""]",2025-08-14,NEPA,Market Research,Corevexa Labs,mr-0120
"{""entry"": 49, ""standard"": 129, ""premium"": 249, ""currency"": ""USD""}","[""pricing""]",2025-08-14,NEPA,Market Research,Corevexa Labs,mr-0121
"{""entry"": 49, ""standard"": 129, ""premium"": 249, ""currency"": ""USD""}","[""pricing""]",2025-08-14,NEPA,Market Research,Corevexa Labs,mr-0122
"{""entry"": 49, ""standard"": 129, ""premium"": 249, ""currency"": ""USD""}","[""pricing""]",2025-08-14,NEPA,Market Research,Corevexa Labs,mr-0123
"{""entry"": 49, ""standard"": 129, ""premium"": 249, ""currency"": ""USD""}","[""pricing""]",2025-08-14,NEPA,Market Research,Corevexa Labs,mr-0124
"{""entry"": 49, ""standard"": 129, ""premium"": 249, ""currency"": ""USD""}","[""pricing""]",2025-08-14,NEPA,Market Research,Corevexa Labs,mr-0125
"{""entry"": 49, ""standard"": 129, ""premium"": 249, ""currency"": ""USD""}","[""pricing""]",2025-08-14,NEPA,Market Research,Corevexa Labs,mr-0126
"{""entry"": 49, ""standard"": 129, ""premium"": 249, ""currency"": ""USD""}","[""pricing""]",2025-08-14,NEPA,Market Research,Corevexa Labs,mr-0127
"{""entry"": 49, ""standard"": 129, ""premium"": 249, ""currency"": ""USD""}","[""pricing""]",2025-08-14,NEPA,Market Research,Corevexa Labs,mr-0128
"{""entry"": 49, ""standard"": 129, ""premium"": 249, ""currency"": ""USD""}","[""pricing""]",2025-08-14,NEPA,Market Research,Corevexa Labs,mr-0129
"{""entry"": 49, ""standard"": 129, ""premium"": 249, ""currency"": ""USD""}","[""pricing""]",2025-08-14,NEPA,Market Research,Corevexa Labs,mr-0130
"{""entry"": 49, ""standard"": 129, ""premium"": 249, ""currency"": ""USD""}","[""pricing""]",2025-08-14,NEPA,Market Research,Corevexa Labs,mr-0131
"{""entry"": 49, ""standard"": 129, ""premium"": 249, ""currency"": ""USD""}","[""pricing""]",2025-08-14,NEPA,Market Research,Corevexa Labs,mr-0132
"{""entry"": 49, ""standard"": 129, ""premium"": 249, ""currency"": ""USD""}","[""pricing""]",2025-08-14,NEPA,Market Research,Corevexa Labs,mr-0133
"{""entry"": 49, ""standard"": 129, ""premium"": 249, ""currency"": ""USD""}","[""pricing""]",2025-08-14,NEPA,Market Research,Corevexa Labs,mr-0134
"{""entry"": 49, ""standard"": 129, ""premium"": 249, ""currency"": ""USD""}","[""pricing""]",2025-08-14,NEPA,Market Research,Corevexa Labs,mr-0135
"{""entry"": 49, ""standard"": 129, ""premium"": 249, ""currency"": ""USD""}","[""pricing""]",2025-08-14,NEPA,Market Research,Corevexa Labs,mr-0136
"{""entry"": 49, ""standard"": 129, ""premium"": 249, ""currency"": ""USD""}","[""pricing""]",2025-08-14,NEPA,Market Research,Corevexa Labs,mr-0137
"{""entry"": 49, ""standard"": 129, ""premium"": 249, ""currency"": ""USD""}","[""pricing""]",2025-08-14,NEPA,Market Research,Corevexa Labs,mr-0138
"{""entry"": 49, ""standard"": 129, ""premium"": 249, ""currency"": ""USD""}","[""pricing""]",2025-08-14,NEPA,Market Research,Corevexa Labs,mr-0139
"{""entry"": 49, ""standard"": 129, ""premium"": 249, ""currency"": ""USD""}","[""pricing""]",2025-08-14,NEPA,Market Research,Corevexa Labs,mr-0140
"{""entry"": 49, ""standard"": 129, ""premium"": 249, ""currency"": ""USD""}","[""pricing""]",2025-08-14,NEPA,Market Research,Corevexa Labs,mr-0141
"{""entry"": 49, ""standard"": 129, ""premium"": 249, ""currency"": ""USD""}","[""pricing""]",2025-08-14,NEPA,Market Research,Corevexa Labs,mr-0142
"{""entry"": 49, ""standard"": 129, ""premium"": 249, ""currency"": ""USD""}","[""pricing""]",2025-08-14,NEPA,Market Research,Corevexa Labs,mr-0143
"{""entry"": 49, ""standard"": 129, ""premium"": 249, ""currency"": ""USD""}","[""pricing""]",2025-08-14,NEPA,Market Research,Corevexa Labs,mr-0144
"{""entry"": 49, ""standard"": 129, ""premium"": 249, ""currency"": ""USD""}","[""pricing""]",2025-08-14,NEPA,Market Research,Corevexa Labs,mr-0145
"{""entry"": 49, ""standard"": 129, ""premium"": 249, ""currency"": ""USD""}","[""pricing""]",2025-08-14,NEPA,Market Research,Corevexa Labs,mr-0146
"{""entry"": 49, ""standard"": 129, ""premium"": 249, ""currency"": ""USD""}","[""pricing""]",2025-08-14,NEPA,Market Research,Corevexa Labs,mr-0147
"{""entry"": 49, ""standard"": 129, ""premium"": 249, ""currency"": ""USD""}","[""pricing""]",2025-08-14,NEPA,Market Research,Corevexa Labs,mr-0148
"{""entry"": 49, ""standard"": 129, ""premium"": 249, ""currency"": ""USD""}","[""pricing""]",2025-08-14,NEPA,Market Research,Corevexa Labs,mr-0149
"{""entry"": 49, ""standard"": 129, ""premium"": 249, ""currency"": ""USD""}","[""pricing""]",2025-08-14,NEPA,Market Research,Corevexa Labs,mr-0150
"{""entry"": 49, ""standard"": 129, ""premium"": 249, ""currency"": ""USD""}","[""pricing""]",2025-08-14,NEPA,Market Research,Corevexa Labs,mr-0151
"{""entry"": 49, ""standard"": 129, ""premium"": 249, ""currency"": ""USD""}","[""pricing""]",2025-08-14,NEPA,Market Research,Corevexa Labs,mr-0152
"{""entry"": 49, ""standard"": 129, ""premium"": 249, ""currency"": ""USD""}","[""pricing""]",2025-08-14,NEPA,Market Research,Corevexa Labs,mr-0153
"{""entry"": 49, ""standard"": 129, ""premium"": 249, ""currency"": ""USD""}","[""pricing""]",2025-08-14,NEPA,Market Research,Corevexa Labs,mr-0154
"{""entry"": 49, ""standard"": 129, ""premium"": 249, ""currency"": ""USD""}","[""pricing""]",2025-08-14,NEPA,Market Research,Corevexa Labs,mr-0155
"{""entry"": 49, ""standard"": 129, ""premium"": 249, ""currency"": ""USD""}","[""pricing""]",2025-08-14,NEPA,Market Research,Corevexa Labs,mr-0156
"{""entry"": 49, ""standard"": 129, ""premium"": 249, ""currency"": ""USD""}","[""pricing""]",2025-08-14,NEPA,Market Research,Corevexa Labs,mr-0157
"{""entry"": 49, ""standard"": 129, ""premium"": 249, ""currency"": ""USD""}","[""pricing""]",2025-08-14,NEPA,Market Research,Corevexa Labs,mr-0158
"{""entry"": 49, ""standard"": 129, ""premium"": 249, ""currency"": ""USD""}","[""pricing""]",2025-08-14,NEPA,Market Research,Corevexa Labs,mr-0159
"{""entry"": 49, ""standard"": 129, ""premium"": 249, ""currency"": ""USD""}","[""pricing""]",2025-08-14,NEPA,Market Research,Corevexa Labs,mr-0160
"{""entry"": 49, ""standard"": 129, ""premium"": 249, ""currency"": ""USD""}","[""pricing""]",2025-08-14,NEPA,Market Research,Corevexa Labs,mr-0161
"{""entry"": 49, ""standard"": 129, ""premium"": 249, ""currency"": ""USD""}","[""pricing""]",2025-08-14,NEPA,Market Research,Corevexa Labs,mr-0162
"{""entry"": 49, ""standard"": 129, ""premium"": 249, ""currency"": ""USD""}","[""pricing""]",2025-08-14,NEPA,Market Research,Corevexa Labs,mr-0163
"{""entry"": 49, ""standard"": 129, ""premium"": 249, ""currency"": ""USD""}","[""pricing""]",2025-08-14,NEPA,Market Research,Corevexa Labs,mr-0164
"{""entry"": 49, ""standard"": 129, ""premium"": 249, ""currency"": ""USD""}","[""pricing""]",2025-08-14,NEPA,Market Research,Corevexa Labs,mr-0165
"{""entry"": 49, ""standard"": 129, ""premium"": 249, ""currency"": ""USD""}","[""pricing""]",2025-08-14,NEPA,Market Research,Corevexa Labs,mr-0166
"{""entry"": 49, ""standard"": 129, ""premium"": 249, ""currency"": ""USD""}","[""pricing""]",2025-08-14,NEPA,Market Research,Corevexa Labs,mr-0167
"{""entry"": 49, ""standard"": 129, ""premium"": 249, ""currency"": ""USD""}","[""pricing""]",2025-08-14,NEPA,Market Research,Corevexa Labs,mr-0168
"{""entry"": 49, ""standard"": 129, ""premium"": 249, ""currency"": ""USD""}","[""pricing""]",2025-08-14,NEPA,Market Research,Corevexa Labs,mr-0169
"{""entry"": 49, ""standard"": 129, ""premium"": 249, ""currency"": ""USD""}","[""pricing""]",2025-08-14,NEPA,Market Research,Corevexa Labs,mr-0170
"{""entry"": 49, ""standard"": 129, ""premium"": 249, ""currency"": ""USD""}","[""pricing""]",2025-08-14,NEPA,Market Research,Corevexa Labs,mr-0171
"{""entry"": 49, ""standard"": 129, ""premium"": 249, ""currency"": ""USD""}","[""pricing""]",2025-08-14,NEPA,Market Research,Corevexa Labs,mr-0172
"{""entry"": 49, ""standard"": 129, ""premium"": 249, ""currency"": ""USD""}","[""pricing""]",2025-08-14,NEPA,Market Research,Corevexa Labs,mr-0173
"{""entry"": 49, ""standard"": 129, ""premium"": 249, ""currency"": ""USD""}","[""pricing""]",2025-08-14,NEPA,Market Research,Corevexa Labs,mr-0174
"{""entry"": 49, ""standard"": 129, ""premium"": 249, ""currency"": ""USD""}","[""pricing""]",2025-08-14,NEPA,Market Research,Corevexa Labs,mr-0175
"{""entry"": 49, ""standard"": 129, ""premium"": 249, ""currency"": ""USD""}","[""pricing""]",2025-08-14,NEPA,Market Research,Corevexa Labs,mr-0176
"{""entry"": 49, ""standard"": 129, ""premium"": 249, ""currency"": ""USD""}","[""pricing""]",2025-08-14,NEPA,Market Research,Corevexa Labs,mr-0177
"{""entry"": 49, ""standard"": 129, ""premium"": 249, ""currency"": ""USD""}","[""pricing""]",2025-08-14,NEPA,Market Research,Corevexa Labs,mr-0178
"{""entry"": 49, ""standard"": 129, ""premium"": 249, ""currency"": ""USD""}","[""pricing""]",2025-08-14,NEPA,Market Research,Corevexa Labs,mr-0179
"{""entry"": 49, ""standard"": 129, ""premium"": 249, ""currency"": ""USD""}","[""pricing""]",2025-08-14,NEPA,Market Research,Corevexa Labs,mr-0180
"{""entry"": 49, ""standard"": 129, ""premium"": 249, ""currency"": ""USD""}","[""pricing""]",2025-08-14,NEPA,Market Research,Corevexa Labs,mr-0181
"{""entry"": 49, ""standard"": 129, ""premium"": 249, ""currency"": ""USD""}","[""pricing""]",2025-08-14,NEPA,Market Research,Corevexa Labs,mr-0182
"{""entry"": 49, ""standard"": 129, ""premium"": 249, ""currency"": ""USD""}","[""pricing""]",2025-08-14,NEPA,Market Research,Corevexa Labs,mr-0183
"{""entry"": 49, ""standard"": 129, ""premium"": 249, ""currency"": ""USD""}","[""pricing""]",2025-08-14,NEPA,Market Research,Corevexa Labs,mr-0184
"{""entry"": 49, ""standard"": 129, ""premium"": 249, ""currency"": ""USD""}","[""pricing""]",2025-08-14,NEPA,Market Research,Corevexa Labs,mr-0185
"{""entry"": 49, ""standard"": 129, ""premium"": 249, ""currency"": ""USD""}","[""pricing""]",2025-08-14,NEPA,Market Research,Corevexa Labs,mr-0186
"{""entry"": 49, ""standard"": 129, ""premium"": 249, ""currency"": ""USD""}","[""pricing""]",2025-08-14,NEPA,Market Research,Corevexa Labs,mr-0187
"{""entry"": 49, ""standard"": 129, ""premium"": 249, ""currency"": ""USD""}","[""pricing""]",2025-08-14,NEPA,Market Research,Corevexa Labs,mr-0188
"{""entry"": 49, ""standard"": 129, ""premium"": 249, ""currency"": ""USD""}","[""pricing""]",2025-08-14,NEPA,Market Research,Corevexa Labs,mr-0189
"{""entry"": 49, ""standard"": 129, ""premium"": 249, ""currency"": ""USD""}","[""pricing""]",2025-08-14,NEPA,Market Research,Corevexa Labs,mr-0190
"{""entry"": 49, ""standard"": 129, ""premium"": 249, ""currency"": ""USD""}","[""pricing""]",2025-08-14,NEPA,Market Research,Corevexa Labs,mr-0191
"{""entry"": 49, ""standard"": 129, ""premium"": 249, ""currency"": ""USD""}","[""pricing""]",2025-08-14,NEPA,Market Research,Corevexa Labs,mr-0192
"{""entry"": 49, ""standard"": 129, ""premium"": 249, ""currency"": ""USD""}","[""pricing""]",2025-08-14,NEPA,Market Research,Corevexa Labs,mr-0193
"{""entry"": 49, ""standard"": 129, ""premium"": 249, ""currency"": ""USD""}","[""pricing""]",2025-08-14,NEPA,Market Research,Corevexa Labs,mr-0194
"{""entry"": 49, ""standard"": 129, ""premium"": 249, ""currency"": ""USD""}","[""pricing""]",2025-08-14,NEPA,Market Research,Corevexa Labs,mr-0195
"{""entry"": 49, ""standard"": 129, ""premium"": 249, ""currency"": ""USD""}","[""pricing""]",2025-08-14,NEPA,Market Research,Corevexa Labs,mr-0196
"{""entry"": 49, ""standard"": 129, ""premium"": 249, ""currency"": ""USD""}","[""pricing""]",2025-08-14,NEPA,Market Research,Corevexa Labs,mr-0197
"{""entry"": 49, ""standard"": 129, ""premium"": 249, ""currency"": ""USD""}","[""pricing""]",2025-08-14,NEPA,Market Research,Corevexa Labs,mr-0198
"{""entry"": 49, ""standard"": 129, ""premium"": 249, ""currency"": ""USD""}","[""pricing""]",2025-08-14,NEPA,Market Research,Corevexa Labs,mr-0199
"{""entry"": 49, ""standard"": 129, ""premium"": 249, ""currency"": ""USD""}","[""pricing""]",2025-08-14,NEPA,Market Research,Corevexa Labs,mr-0200
"{""entry"": 49, ""standard"": 129, ""premium"": 249, ""currency"": ""USD""}","[""pricing""]",2025-08-14,NEPA,Market Research,Corevexa Labs,mr-0201
"{""entry"": 49, ""standard"": 129, ""premium"": 249, ""currency"": ""USD""}","[""pricing""]",2025-08-14,NEPA,Market Research,Corevexa Labs,mr-0202
"{""entry"": 49, ""standard"": 129, ""premium"": 249, ""currency"": ""USD""}","[""pricing""]",2025-08-14,NEPA,Market Research,Corevexa Labs,mr-0203
"{""entry"": 49, ""standard"": 129, ""premium"": 249, ""currency"": ""USD""}","[""pricing""]",2025-08-14,NEPA,Market Research,Corevexa Labs,mr-0204
"{""entry"": 49, ""standard"": 129, ""premium"": 249, ""currency"": ""USD""}","[""pricing""]",2025-08-14,NEPA,Market Research,Corevexa Labs,mr-0205
"{""entry"": 49, ""standard"": 129, ""premium"": 249, ""currency"": ""USD""}","[""pricing""]",2025-08-14,NEPA,Market Research,Corevexa Labs,mr-0206
"{""entry"": 49, ""standard"": 129, ""premium"": 249, ""currency"": ""USD""}","[""pricing""]",2025-08-14,NEPA,Market Research,Corevexa Labs,mr-0207
"{""entry"": 49, ""standard"": 129, ""premium"": 249, ""currency"": ""USD""}","[""pricing""]",2025-08-14,NEPA,Market Research,Corevexa Labs,mr-0208
"{""entry"": 49, ""standard"": 129, ""premium"": 249, ""currency"": ""USD""}","[""pricing""]",2025-08-14,NEPA,Market Research,Corevexa Labs,mr-0209
"{""entry"": 49, ""standard"": 129, ""premium"": 249, ""currency"": ""USD""}","[""pricing""]",2025-08-14,NEPA,Market Research,Corevexa Labs,mr-0210
"{""entry"": 49, ""standard"": 129, ""premium"": 249, ""currency"": ""USD""}","[""pricing""]",2025-08-14,NEPA,Market Research,Corevexa Labs,mr-0211
"{""entry"": 49, ""standard"": 129, ""premium"": 249, ""currency"": ""USD""}","[""pricing""]",2025-08-14,NEPA,Market Research,Corevexa Labs,mr-0212
"{""entry"": 49, ""standard"": 129, ""premium"": 249, ""currency"": ""USD""}","[""pricing""]",2025-08-14,NEPA,Market Research,Corevexa Labs,mr-0213
"{""entry"": 49, ""standard"": 129, ""premium"": 249, ""currency"": ""USD""}","[""pricing""]",2025-08-14,NEPA,Market Research,Corevexa Labs,mr-0214
"{""entry"": 49, ""standard"": 129, ""premium"": 249, ""currency"": ""USD""}","[""pricing""]",2025-08-14,NEPA,Market Research,Corevexa Labs,mr-0215
"{""entry"": 49, ""standard"": 129, ""premium"": 249, ""currency"": ""USD""}","[""pricing""]",2025-08-14,NEPA,Market Research,Corevexa Labs,mr-0216
"{""entry"": 49, ""standard"": 129, ""premium"": 249, ""currency"": ""USD""}","[""pricing""]",2025-08-14,NEPA,Market Research,Corevexa Labs,mr-0217
"{""entry"": 49, ""standard"": 129, ""premium"": 249, ""currency"": ""USD""}","[""pricing""]",2025-08-14,NEPA,Market Research,Corevexa Labs,mr-0218
"{""entry"": 49, ""standard"": 129, ""premium"": 249, ""currency"": ""USD""}","[""pricing""]",2025-08-14,NEPA,Market Research,Corevexa Labs,mr-0219
"{""entry"": 49, ""standard"": 129, ""premium"": 249, ""currency"": ""USD""}","[""pricing""]",2025-08-14,NEPA,Market Research,Corevexa Labs,mr-0220
"{""entry"": 49, ""standard"": 129, ""premium"": 249, ""currency"": ""USD""}","[""pricing""]",2025-08-14,NEPA,Market Research,Corevexa Labs,mr-0221
"{""entry"": 49, ""standard"": 129, ""premium"": 249, ""currency"": ""USD""}","[""pricing""]",2025-08-14,NEPA,Market Research,Corevexa Labs,mr-0222
"{""entry"": 49, ""standard"": 129, ""premium"": 249, ""currency"": ""USD""}","[""pricing""]",2025-08-14,NEPA,Market Research,Corevexa Labs,mr-0223
"{""entry"": 49, ""standard"": 129, ""premium"": 249, ""currency"": ""USD""}","[""pricing""]",2025-08-14,NEPA,Market Research,Corevexa Labs,mr-0224
"{""entry"": 49, ""standard"": 129, ""premium"": 249, ""currency"": ""USD""}","[""pricing""]",2025-08-14,NEPA,Market Research,Corevexa Labs,mr-0225
"{""entry"": 49, ""standard"": 129, ""premium"": 249, ""currency"": ""USD""}","[""pricing""]",2025-08-14,NEPA,Market Research,Corevexa Labs,mr-0226
"{""entry"": 49, ""standard"": 129, ""premium"": 249, ""currency"": ""USD""}","[""pricing""]",2025-08-14,NEPA,Market Research,Corevexa Labs,mr-0227
"{""entry"": 49, ""standard"": 129, ""premium"": 249, ""currency"": ""USD""}","[""pricing""]",2025-08-14,NEPA,Market Research,Corevexa Labs,mr-0228
"{""entry"": 49, ""standard"": 129, ""premium"": 249, ""currency"": ""USD""}","[""pricing""]",2025-08-14,NEPA,Market Research,Corevexa Labs,mr-0229
"{""entry"": 49, ""standard"": 129, ""premium"": 249, ""currency"": ""USD""}","[""pricing""]",2025-08-14,NEPA,Market Research,Corevexa Labs,mr-0230
"{""entry"": 49, ""standard"": 129, ""premium"": 249, ""currency"": ""USD""}","[""pricing""]",2025-08-14,NEPA,Market Research,Corevexa Labs,mr-0231
"{""entry"": 49, ""standard"": 129, ""premium"": 249, ""currency"": ""USD""}","[""pricing""]",2025-08-14,NEPA,Market Research,Corevexa Labs,mr-0232
"{""entry"": 49, ""standard"": 129, ""premium"": 249, ""currency"": ""USD""}","[""pricing""]",2025-08-14,NEPA,Market Research,Corevexa Labs,mr-0233
"{""entry"": 49, ""standard"": 129, ""premium"": 249, ""currency"": ""USD""}","[""pricing""]",2025-08-14,NEPA,Market Research,Corevexa Labs,mr-0234
"{""entry"": 49, ""standard"": 129, ""premium"": 249, ""currency"": ""USD""}","[""pricing""]",2025-08-14,NEPA,Market Research,Corevexa Labs,mr-0235
"{""entry"": 49, ""standard"": 129, ""premium"": 249, ""currency"": ""USD""}","[""pricing""]",2025-08-14,NEPA,Market Research,Corevexa Labs,mr-0236
"{""entry"": 49, ""standard"": 129, ""premium"": 249, ""currency"": ""USD""}","[""pricing""]",2025-08-14,NEPA,Market Research,Corevexa Labs,mr-0237
"{""entry"": 49, ""standard"": 129, ""premium"": 249, ""currency"": ""USD""}","[""pricing""]",2025-08-14,NEPA,Market Research,Corevexa Labs,mr-0238
"{""entry"": 49, ""standard"": 129, ""premium"": 249, ""currency"": ""USD""}","[""pricing""]",2025-08-14,NEPA,Market Research,Corevexa Labs,mr-0239
"{""entry"": 49, ""standard"": 129, ""premium"": 249, ""currency"": ""USD""}","[""pricing""]",2025-08-14,NEPA,Market Research,Corevexa Labs,mr-0240
