channel,tags,last_updated,audience,ad_copy,flyer_copy,category,social_caption,id
facebook,"[""flyer"", ""ad"", ""caption""]",2025-08-14,fleet managers,"{""headline"": ""Premium Detail, Done Right"", ""body"": ""Trusted pros. Eco-safe products."", ""cta"": ""Learn More""}",Showroom shine in 60 minutes. Mobile service — we come to you.,Marketing Assets,"✨ Fresh detail, zero hassle. Book now → {booking_url}",mkt-0001
print,"[""flyer"", ""ad"", ""caption""]",2025-08-14,luxury owners,"{""headline"": ""Shine That Turns Heads"", ""body"": ""Trusted pros. Eco-safe products."", ""cta"": ""Play Today""}",Showroom shine in 60 minutes. Mobile service — we come to you.,Marketing Assets,"✨ Fresh detail, zero hassle. Book now → {booking_url}",mkt-0002
google,"[""flyer"", ""ad"", ""caption""]",2025-08-14,students,"{""headline"": ""Shine That Turns Heads"", ""body"": ""Trusted pros. Eco-safe products."", ""cta"": ""Book Now""}",Showroom shine in 60 minutes. Mobile service — we come to you.,Marketing Assets,"✨ Fresh detail, zero hassle. Book now → {booking_url}",mkt-0003
google,"[""flyer"", ""ad"", ""caption""]",2025-08-14,luxury owners,"{""headline"": ""Shine That Turns Heads"", ""body"": ""Trusted pros. Eco-safe products."", ""cta"": ""See Packages""}",Showroom shine in 60 minutes. Mobile service — we come to you.,Marketing Assets,"✨ Fresh detail, zero hassle. Book now → {booking_url}",mkt-0004
tiktok,"[""flyer"", ""ad"", ""caption""]",2025-08-14,students,"{""headline"": ""Shine That Turns Heads"", ""body"": ""Trusted pros. Eco-safe products."", ""cta"": ""Join Now""}",Showroom shine in 60 minutes. Mobile service — we come to you.,Marketing Assets,"✨ Fresh detail, zero hassle. Book now → {booking_url}",mkt-0005
instagram,"[""flyer"", ""ad"", ""caption""]",2025-08-14,dealers,"{""headline"": ""Shine That Turns Heads"", ""body"": ""Trusted pros. Eco-safe products."", ""cta"": ""Get Quote""}",Showroom shine in 60 minutes. Mobile service — we come to you.,Marketing Assets,"✨ Fresh detail, zero hassle. Book now → {booking_url}",mkt-0006
tiktok,"[""flyer"", ""ad"", ""caption""]",2025-08-14,fleet managers,"{""headline"": ""Shine That Turns Heads"", ""body"": ""Trusted pros. Eco-safe products."", ""cta"": ""Join Now""}",Showroom shine in 60 minutes. Mobile service — we come to you.,Marketing Assets,"✨ Fresh detail, zero hassle. Book now → {booking_url}",mkt-0007
print,"[""flyer"", ""ad"", ""caption""]",2025-08-14,dealers,"{""headline"": ""Premium Detail, Done Right"", ""body"": ""Trusted pros. Eco-safe products."", ""cta"": ""Join Now""}",Showroom shine in 60 minutes. Mobile service — we come to you.,Marketing Assets,"✨ Fresh detail, zero hassle. Book now → {booking_url}",mkt-0008
print,"[""flyer"", ""ad"", ""caption""]",2025-08-14,fleet managers,"{""headline"": ""Shine That Turns Heads"", ""body"": ""Trusted pros. Eco-safe products."", ""cta"": ""Get Quote""}",Showroom shine in 60 minutes. Mobile service — we come to you.,Marketing Assets,"✨ Fresh detail, zero hassle. Book now → {booking_url}",mkt-0009
tiktok,"[""flyer"", ""ad"", ""caption""]",2025-08-14,luxury owners,"{""headline"": ""Premium Detail, Done Right"", ""body"": ""Trusted pros. Eco-safe products."", ""cta"": ""Learn More""}",Showroom shine in 60 minutes. Mobile service — we come to you.,Marketing Assets,"✨ Fresh detail, zero hassle. Book now → {booking_url}",mkt-0010
google,"[""flyer"", ""ad"", ""caption""]",2025-08-14,dealers,"{""headline"": ""Premium Detail, Done Right"", ""body"": ""Trusted pros. Eco-safe products."", ""cta"": ""Learn More""}",Showroom shine in 60 minutes. Mobile service — we come to you.,Marketing Assets,"✨ Fresh detail, zero hassle. Book now → {booking_url}",mkt-0011
facebook,"[""flyer"", ""ad"", ""caption""]",2025-08-14,students,"{""headline"": ""Shine That Turns Heads"", ""body"": ""Trusted pros. Eco-safe products."", ""cta"": ""Get Quote""}",Showroom shine in 60 minutes. Mobile service — we come to you.,Marketing Assets,"✨ Fresh detail, zero hassle. Book now → {booking_url}",mkt-0012
tiktok,"[""flyer"", ""ad"", ""caption""]",2025-08-14,dealers,"{""headline"": ""Premium Detail, Done Right"", ""body"": ""Trusted pros. Eco-safe products."", ""cta"": ""See Packages""}",Showroom shine in 60 minutes. Mobile service — we come to you.,Marketing Assets,"✨ Fresh detail, zero hassle. Book now → {booking_url}",mkt-0013
tiktok,"[""flyer"", ""ad"", ""caption""]",2025-08-14,families,"{""headline"": ""Premium Detail, Done Right"", ""body"": ""Trusted pros. Eco-safe products."", ""cta"": ""Sign Up Free""}",Showroom shine in 60 minutes. Mobile service — we come to you.,Marketing Assets,"✨ Fresh detail, zero hassle. Book now → {booking_url}",mkt-0014
email,"[""flyer"", ""ad"", ""caption""]",2025-08-14,luxury owners,"{""headline"": ""Premium Detail, Done Right"", ""body"": ""Trusted pros. Eco-safe products."", ""cta"": ""Get Quote""}",Showroom shine in 60 minutes. Mobile service — we come to you.,Marketing Assets,"✨ Fresh detail, zero hassle. Book now → {booking_url}",mkt-0015
email,"[""flyer"", ""ad"", ""caption""]",2025-08-14,fleet managers,"{""headline"": ""Shine That Turns Heads"", ""body"": ""Trusted pros. Eco-safe products."", ""cta"": ""Book Now""}",Showroom shine in 60 minutes. Mobile service — we come to you.,Marketing Assets,"✨ Fresh detail, zero hassle. Book now → {booking_url}",mkt-0016
facebook,"[""flyer"", ""ad"", ""caption""]",2025-08-14,luxury owners,"{""headline"": ""Shine That Turns Heads"", ""body"": ""Trusted pros. Eco-safe products."", ""cta"": ""Join Now""}",Showroom shine in 60 minutes. Mobile service — we come to you.,Marketing Assets,"✨ Fresh detail, zero hassle. Book now → {booking_url}",mkt-0017
email,"[""flyer"", ""ad"", ""caption""]",2025-08-14,fleet managers,"{""headline"": ""Shine That Turns Heads"", ""body"": ""Trusted pros. Eco-safe products."", ""cta"": ""Join Now""}",Showroom shine in 60 minutes. Mobile service — we come to you.,Marketing Assets,"✨ Fresh detail, zero hassle. Book now → {booking_url}",mkt-0018
instagram,"[""flyer"", ""ad"", ""caption""]",2025-08-14,luxury owners,"{""headline"": ""Shine That Turns Heads"", ""body"": ""Trusted pros. Eco-safe products."", ""cta"": ""Get Quote""}",Showroom shine in 60 minutes. Mobile service — we come to you.,Marketing Assets,"✨ Fresh detail, zero hassle. Book now → {booking_url}",mkt-0019
tiktok,"[""flyer"", ""ad"", ""caption""]",2025-08-14,luxury owners,"{""headline"": ""Shine That Turns Heads"", ""body"": ""Trusted pros. Eco-safe products."", ""cta"": ""Book Now""}",Showroom shine in 60 minutes. Mobile service — we come to you.,Marketing Assets,"✨ Fresh detail, zero hassle. Book now → {booking_url}",mkt-0020
print,"[""flyer"", ""ad"", ""caption""]",2025-08-14,families,"{""headline"": ""Shine That Turns Heads"", ""body"": ""Trusted pros. Eco-safe products."", ""cta"": ""Book Now""}",Showroom shine in 60 minutes. Mobile service — we come to you.,Marketing Assets,"✨ Fresh detail, zero hassle. Book now → {booking_url}",mkt-0021
instagram,"[""flyer"", ""ad"", ""caption""]",2025-08-14,families,"{""headline"": ""Shine That Turns Heads"", ""body"": ""Trusted pros. Eco-safe products."", ""cta"": ""Get Quote""}",Showroom shine in 60 minutes. Mobile service — we come to you.,Marketing Assets,"✨ Fresh detail, zero hassle. Book now → {booking_url}",mkt-0022
google,"[""flyer"", ""ad"", ""caption""]",2025-08-14,dealers,"{""headline"": ""Shine That Turns Heads"", ""body"": ""Trusted pros. Eco-safe products."", ""cta"": ""See Packages""}",Showroom shine in 60 minutes. Mobile service — we come to you.,Marketing Assets,"✨ Fresh detail, zero hassle. Book now → {booking_url}",mkt-0023
instagram,"[""flyer"", ""ad"", ""caption""]",2025-08-14,students,"{""headline"": ""Shine That Turns Heads"", ""body"": ""Trusted pros. Eco-safe products."", ""cta"": ""Get Quote""}",Showroom shine in 60 minutes. Mobile service — we come to you.,Marketing Assets,"✨ Fresh detail, zero hassle. Book now → {booking_url}",mkt-0024
google,"[""flyer"", ""ad"", ""caption""]",2025-08-14,dealers,"{""headline"": ""Shine That Turns Heads"", ""body"": ""Trusted pros. Eco-safe products."", ""cta"": ""Sign Up Free""}",Showroom shine in 60 minutes. Mobile service — we come to you.,Marketing Assets,"✨ Fresh detail, zero hassle. Book now → {booking_url}",mkt-0025
print,"[""flyer"", ""ad"", ""caption""]",2025-08-14,fleet managers,"{""headline"": ""Premium Detail, Done Right"", ""body"": ""Trusted pros. Eco-safe products."", ""cta"": ""Learn More""}",Showroom shine in 60 minutes. Mobile service — we come to you.,Marketing Assets,"✨ Fresh detail, zero hassle. Book now → {booking_url}",mkt-0026
google,"[""flyer"", ""ad"", ""caption""]",2025-08-14,students,"{""headline"": ""Shine That Turns Heads"", ""body"": ""Trusted pros. Eco-safe products."", ""cta"": ""Get Quote""}",Showroom shine in 60 minutes. Mobile service — we come to you.,Marketing Assets,"✨ Fresh detail, zero hassle. Book now → {booking_url}",mkt-0027
print,"[""flyer"", ""ad"", ""caption""]",2025-08-14,families,"{""headline"": ""Shine That Turns Heads"", ""body"": ""Trusted pros. Eco-safe products."", ""cta"": ""Play Today""}",Showroom shine in 60 minutes. Mobile service — we come to you.,Marketing Assets,"✨ Fresh detail, zero hassle. Book now → {booking_url}",mkt-0028
facebook,"[""flyer"", ""ad"", ""caption""]",2025-08-14,dealers,"{""headline"": ""Premium Detail, Done Right"", ""body"": ""Trusted pros. Eco-safe products."", ""cta"": ""Join Now""}",Showroom shine in 60 minutes. Mobile service — we come to you.,Marketing Assets,"✨ Fresh detail, zero hassle. Book now → {booking_url}",mkt-0029
email,"[""flyer"", ""ad"", ""caption""]",2025-08-14,luxury owners,"{""headline"": ""Premium Detail, Done Right"", ""body"": ""Trusted pros. Eco-safe products."", ""cta"": ""Play Today""}",Showroom shine in 60 minutes. Mobile service — we come to you.,Marketing Assets,"✨ Fresh detail, zero hassle. Book now → {booking_url}",mkt-0030
tiktok,"[""flyer"", ""ad"", ""caption""]",2025-08-14,families,"{""headline"": ""Premium Detail, Done Right"", ""body"": ""Trusted pros. Eco-safe products."", ""cta"": ""Sign Up Free""}",Showroom shine in 60 minutes. Mobile service — we come to you.,Marketing Assets,"✨ Fresh detail, zero hassle. Book now → {booking_url}",mkt-0031
email,"[""flyer"", ""ad"", ""caption""]",2025-08-14,families,"{""headline"": ""Premium Detail, Done Right"", ""body"": ""Trusted pros. Eco-safe products."", ""cta"": ""See Packages""}",Showroom shine in 60 minutes. Mobile service — we come to you.,Marketing Assets,"✨ Fresh detail, zero hassle. Book now → {booking_url}",mkt-0032
google,"[""flyer"", ""ad"", ""caption""]",2025-08-14,students,"{""headline"": ""Premium Detail, Done Right"", ""body"": ""Trusted pros. Eco-safe products."", ""cta"": ""Get Quote""}",Showroom shine in 60 minutes. Mobile service — we come to you.,Marketing Assets,"✨ Fresh detail, zero hassle. Book now → {booking_url}",mkt-0033
google,"[""flyer"", ""ad"", ""caption""]",2025-08-14,dealers,"{""headline"": ""Shine That Turns Heads"", ""body"": ""Trusted pros. Eco-safe products."", ""cta"": ""Book Now""}",Showroom shine in 60 minutes. Mobile service — we come to you.,Marketing Assets,"✨ Fresh detail, zero hassle. Book now → {booking_url}",mkt-0034
facebook,"[""flyer"", ""ad"", ""caption""]",2025-08-14,dealers,"{""headline"": ""Shine That Turns Heads"", ""body"": ""Trusted pros. Eco-safe products."", ""cta"": ""Learn More""}",Showroom shine in 60 minutes. Mobile service — we come to you.,Marketing Assets,"✨ Fresh detail, zero hassle. Book now → {booking_url}",mkt-0035
print,"[""flyer"", ""ad"", ""caption""]",2025-08-14,families,"{""headline"": ""Premium Detail, Done Right"", ""body"": ""Trusted pros. Eco-safe products."", ""cta"": ""Join Now""}",Showroom shine in 60 minutes. Mobile service — we come to you.,Marketing Assets,"✨ Fresh detail, zero hassle. Book now → {booking_url}",mkt-0036
email,"[""flyer"", ""ad"", ""caption""]",2025-08-14,luxury owners,"{""headline"": ""Premium Detail, Done Right"", ""body"": ""Trusted pros. Eco-safe products."", ""cta"": ""Get Quote""}",Showroom shine in 60 minutes. Mobile service — we come to you.,Marketing Assets,"✨ Fresh detail, zero hassle. Book now → {booking_url}",mkt-0037
google,"[""flyer"", ""ad"", ""caption""]",2025-08-14,luxury owners,"{""headline"": ""Shine That Turns Heads"", ""body"": ""Trusted pros. Eco-safe products."", ""cta"": ""Get Quote""}",Showroom shine in 60 minutes. Mobile service — we come to you.,Marketing Assets,"✨ Fresh detail, zero hassle. Book now → {booking_url}",mkt-0038
facebook,"[""flyer"", ""ad"", ""caption""]",2025-08-14,students,"{""headline"": ""Shine That Turns Heads"", ""body"": ""Trusted pros. Eco-safe products."", ""cta"": ""Learn More""}",Showroom shine in 60 minutes. Mobile service — we come to you.,Marketing Assets,"✨ Fresh detail, zero hassle. Book now → {booking_url}",mkt-0039
instagram,"[""flyer"", ""ad"", ""caption""]",2025-08-14,fleet managers,"{""headline"": ""Shine That Turns Heads"", ""body"": ""Trusted pros. Eco-safe products."", ""cta"": ""Sign Up Free""}",Showroom shine in 60 minutes. Mobile service — we come to you.,Marketing Assets,"✨ Fresh detail, zero hassle. Book now → {booking_url}",mkt-0040
facebook,"[""flyer"", ""ad"", ""caption""]",2025-08-14,students,"{""headline"": ""Shine That Turns Heads"", ""body"": ""Trusted pros. Eco-safe products."", ""cta"": ""Get Quote""}",Showroom shine in 60 minutes. Mobile service — we come to you.,Marketing Assets,"✨ Fresh detail, zero hassle. Book now → {booking_url}",mkt-0041
google,"[""flyer"", ""ad"", ""caption""]",2025-08-14,fleet managers,"{""headline"": ""Shine That Turns Heads"", ""body"": ""Trusted pros. Eco-safe products."", ""cta"": ""Join Now""}",Showroom shine in 60 minutes. Mobile service — we come to you.,Marketing Assets,"✨ Fresh detail, zero hassle. Book now → {booking_url}",mkt-0042
print,"[""flyer"", ""ad"", ""caption""]",2025-08-14,fleet managers,"{""headline"": ""Shine That Turns Heads"", ""body"": ""Trusted pros. Eco-safe products."", ""cta"": ""Play Today""}",Showroom shine in 60 minutes. Mobile service — we come to you.,Marketing Assets,"✨ Fresh detail, zero hassle. Book now → {booking_url}",mkt-0043
email,"[""flyer"", ""ad"", ""caption""]",2025-08-14,luxury owners,"{""headline"": ""Premium Detail, Done Right"", ""body"": ""Trusted pros. Eco-safe products."", ""cta"": ""Join Now""}",Showroom shine in 60 minutes. Mobile service — we come to you.,Marketing Assets,"✨ Fresh detail, zero hassle. Book now → {booking_url}",mkt-0044
facebook,"[""flyer"", ""ad"", ""caption""]",2025-08-14,dealers,"{""headline"": ""Premium Detail, Done Right"", ""body"": ""Trusted pros. Eco-safe products."", ""cta"": ""Play Today""}",Showroom shine in 60 minutes. Mobile service — we come to you.,Marketing Assets,"✨ Fresh detail, zero hassle. Book now → {booking_url}",mkt-0045
facebook,"[""flyer"", ""ad"", ""caption""]",2025-08-14,fleet managers,"{""headline"": ""Shine That Turns Heads"", ""body"": ""Trusted pros. Eco-safe products."", ""cta"": ""Join Now""}",Showroom shine in 60 minutes. Mobile service — we come to you.,Marketing Assets,"✨ Fresh detail, zero hassle. Book now → {booking_url}",mkt-0046
google,"[""flyer"", ""ad"", ""caption""]",2025-08-14,families,"{""headline"": ""Premium Detail, Done Right"", ""body"": ""Trusted pros. Eco-safe products."", ""cta"": ""Learn More""}",Showroom shine in 60 minutes. Mobile service — we come to you.,Marketing Assets,"✨ Fresh detail, zero hassle. Book now → {booking_url}",mkt-0047
google,"[""flyer"", ""ad"", ""caption""]",2025-08-14,fleet managers,"{""headline"": ""Shine That Turns Heads"", ""body"": ""Trusted pros. Eco-safe products."", ""cta"": ""Join Now""}",Showroom shine in 60 minutes. Mobile service — we come to you.,Marketing Assets,"✨ Fresh detail, zero hassle. Book now → {booking_url}",mkt-0048
instagram,"[""flyer"", ""ad"", ""caption""]",2025-08-14,dealers,"{""headline"": ""Shine That Turns Heads"", ""body"": ""Trusted pros. Eco-safe products."", ""cta"": ""Play Today""}",Showroom shine in 60 minutes. Mobile service — we come to you.,Marketing Assets,"✨ Fresh detail, zero hassle. Book now → {booking_url}",mkt-0049
google,"[""flyer"", ""ad"", ""caption""]",2025-08-14,families,"{""headline"": ""Shine That Turns Heads"", ""body"": ""Trusted pros. Eco-safe products."", ""cta"": ""Get Quote""}",Showroom shine in 60 minutes. Mobile service — we come to you.,Marketing Assets,"✨ Fresh detail, zero hassle. Book now → {booking_url}",mkt-0050
print,"[""flyer"", ""ad"", ""caption""]",2025-08-14,students,"{""headline"": ""Shine That Turns Heads"", ""body"": ""Trusted pros. Eco-safe products."", ""cta"": ""Learn More""}",Showroom shine in 60 minutes. Mobile service — we come to you.,Marketing Assets,"✨ Fresh detail, zero hassle. Book now → {booking_url}",mkt-0051
email,"[""flyer"", ""ad"", ""caption""]",2025-08-14,students,"{""headline"": ""Premium Detail, Done Right"", ""body"": ""Trusted pros. Eco-safe products."", ""cta"": ""Play Today""}",Showroom shine in 60 minutes. Mobile service — we come to you.,Marketing Assets,"✨ Fresh detail, zero hassle. Book now → {booking_url}",mkt-0052
tiktok,"[""flyer"", ""ad"", ""caption""]",2025-08-14,families,"{""headline"": ""Premium Detail, Done Right"", ""body"": ""Trusted pros. Eco-safe products."", ""cta"": ""Book Now""}",Showroom shine in 60 minutes. Mobile service — we come to you.,Marketing Assets,"✨ Fresh detail, zero hassle. Book now → {booking_url}",mkt-0053
print,"[""flyer"", ""ad"", ""caption""]",2025-08-14,families,"{""headline"": ""Shine That Turns Heads"", ""body"": ""Trusted pros. Eco-safe products."", ""cta"": ""Learn More""}",Showroom shine in 60 minutes. Mobile service — we come to you.,Marketing Assets,"✨ Fresh detail, zero hassle. Book now → {booking_url}",mkt-0054
google,"[""flyer"", ""ad"", ""caption""]",2025-08-14,students,"{""headline"": ""Shine That Turns Heads"", ""body"": ""Trusted pros. Eco-safe products."", ""cta"": ""Book Now""}",Showroom shine in 60 minutes. Mobile service — we come to you.,Marketing Assets,"✨ Fresh detail, zero hassle. Book now → {booking_url}",mkt-0055
instagram,"[""flyer"", ""ad"", ""caption""]",2025-08-14,luxury owners,"{""headline"": ""Premium Detail, Done Right"", ""body"": ""Trusted pros. Eco-safe products."", ""cta"": ""See Packages""}",Showroom shine in 60 minutes. Mobile service — we come to you.,Marketing Assets,"✨ Fresh detail, zero hassle. Book now → {booking_url}",mkt-0056
google,"[""flyer"", ""ad"", ""caption""]",2025-08-14,fleet managers,"{""headline"": ""Premium Detail, Done Right"", ""body"": ""Trusted pros. Eco-safe products."", ""cta"": ""Sign Up Free""}",Showroom shine in 60 minutes. Mobile service — we come to you.,Marketing Assets,"✨ Fresh detail, zero hassle. Book now → {booking_url}",mkt-0057
instagram,"[""flyer"", ""ad"", ""caption""]",2025-08-14,luxury owners,"{""headline"": ""Shine That Turns Heads"", ""body"": ""Trusted pros. Eco-safe products."", ""cta"": ""Learn More""}",Showroom shine in 60 minutes. Mobile service — we come to you.,Marketing Assets,"✨ Fresh detail, zero hassle. Book now → {booking_url}",mkt-0058
facebook,"[""flyer"", ""ad"", ""caption""]",2025-08-14,dealers,"{""headline"": ""Premium Detail, Done Right"", ""body"": ""Trusted pros. Eco-safe products."", ""cta"": ""Book Now""}",Showroom shine in 60 minutes. Mobile service — we come to you.,Marketing Assets,"✨ Fresh detail, zero hassle. Book now → {booking_url}",mkt-0059
tiktok,"[""flyer"", ""ad"", ""caption""]",2025-08-14,dealers,"{""headline"": ""Shine That Turns Heads"", ""body"": ""Trusted pros. Eco-safe products."", ""cta"": ""Book Now""}",Showroom shine in 60 minutes. Mobile service — we come to you.,Marketing Assets,"✨ Fresh detail, zero hassle. Book now → {booking_url}",mkt-0060
email,"[""flyer"", ""ad"", ""caption""]",2025-08-14,luxury owners,"{""headline"": ""Premium Detail, Done Right"", ""body"": ""Trusted pros. Eco-safe products."", ""cta"": ""Learn More""}",Showroom shine in 60 minutes. Mobile service — we come to you.,Marketing Assets,"✨ Fresh detail, zero hassle. Book now → {booking_url}",mkt-0061
instagram,"[""flyer"", ""ad"", ""caption""]",2025-08-14,luxury owners,"{""headline"": ""Shine That Turns Heads"", ""body"": ""Trusted pros. Eco-safe products."", ""cta"": ""Get Quote""}",Showroom shine in 60 minutes. Mobile service — we come to you.,Marketing Assets,"✨ Fresh detail, zero hassle. Book now → {booking_url}",mkt-0062
facebook,"[""flyer"", ""ad"", ""caption""]",2025-08-14,students,"{""headline"": ""Shine That Turns Heads"", ""body"": ""Trusted pros. Eco-safe products."", ""cta"": ""Play Today""}",Showroom shine in 60 minutes. Mobile service — we come to you.,Marketing Assets,"✨ Fresh detail, zero hassle. Book now → {booking_url}",mkt-0063
instagram,"[""flyer"", ""ad"", ""caption""]",2025-08-14,luxury owners,"{""headline"": ""Premium Detail, Done Right"", ""body"": ""Trusted pros. Eco-safe products."", ""cta"": ""Join Now""}",Showroom shine in 60 minutes. Mobile service — we come to you.,Marketing Assets,"✨ Fresh detail, zero hassle. Book now → {booking_url}",mkt-0064
google,"[""flyer"", ""ad"", ""caption""]",2025-08-14,luxury owners,"{""headline"": ""Shine That Turns Heads"", ""body"": ""Trusted pros. Eco-safe products."", ""cta"": ""See Packages""}",Showroom shine in 60 minutes. Mobile service — we come to you.,Marketing Assets,"✨ Fresh detail, zero hassle. Book now → {booking_url}",mkt-0065
email,"[""flyer"", ""ad"", ""caption""]",2025-08-14,luxury owners,"{""headline"": ""Premium Detail, Done Right"", ""body"": ""Trusted pros. Eco-safe products."", ""cta"": ""Learn More""}",Showroom shine in 60 minutes. Mobile service — we come to you.,Marketing Assets,"✨ Fresh detail, zero hassle. Book now → {booking_url}",mkt-0066
instagram,"[""flyer"", ""ad"", ""caption""]",2025-08-14,dealers,"{""headline"": ""Shine That Turns Heads"", ""body"": ""Trusted pros. Eco-safe products."", ""cta"": ""Play Today""}",Showroom shine in 60 minutes. Mobile service — we come to you.,Marketing Assets,"✨ Fresh detail, zero hassle. Book now → {booking_url}",mkt-0067
google,"[""flyer"", ""ad"", ""caption""]",2025-08-14,families,"{""headline"": ""Shine That Turns Heads"", ""body"": ""Trusted pros. Eco-safe products."", ""cta"": ""See Packages""}",Showroom shine in 60 minutes. Mobile service — we come to you.,Marketing Assets,"✨ Fresh detail, zero hassle. Book now → {booking_url}",mkt-0068
print,"[""flyer"", ""ad"", ""caption""]",2025-08-14,fleet managers,"{""headline"": ""Shine That Turns Heads"", ""body"": ""Trusted pros. Eco-safe products."", ""cta"": ""Get Quote""}",Showroom shine in 60 minutes. Mobile service — we come to you.,Marketing Assets,"✨ Fresh detail, zero hassle. Book now → {booking_url}",mkt-0069
tiktok,"[""flyer"", ""ad"", ""caption""]",2025-08-14,luxury owners,"{""headline"": ""Shine That Turns Heads"", ""body"": ""Trusted pros. Eco-safe products."", ""cta"": ""Get Quote""}",Showroom shine in 60 minutes. Mobile service — we come to you.,Marketing Assets,"✨ Fresh detail, zero hassle. Book now → {booking_url}",mkt-0070
tiktok,"[""flyer"", ""ad"", ""caption""]",2025-08-14,students,"{""headline"": ""Shine That Turns Heads"", ""body"": ""Trusted pros. Eco-safe products."", ""cta"": ""Book Now""}",Showroom shine in 60 minutes. Mobile service — we come to you.,Marketing Assets,"✨ Fresh detail, zero hassle. Book now → {booking_url}",mkt-0071
instagram,"[""flyer"", ""ad"", ""caption""]",2025-08-14,luxury owners,"{""headline"": ""Premium Detail, Done Right"", ""body"": ""Trusted pros. Eco-safe products."", ""cta"": ""Book Now""}",Showroom shine in 60 minutes. Mobile service — we come to you.,Marketing Assets,"✨ Fresh detail, zero hassle. Book now → {booking_url}",mkt-0072
google,"[""flyer"", ""ad"", ""caption""]",2025-08-14,fleet managers,"{""headline"": ""Shine That Turns Heads"", ""body"": ""Trusted pros. Eco-safe products."", ""cta"": ""See Packages""}",Showroom shine in 60 minutes. Mobile service — we come to you.,Marketing Assets,"✨ Fresh detail, zero hassle. Book now → {booking_url}",mkt-0073
google,"[""flyer"", ""ad"", ""caption""]",2025-08-14,families,"{""headline"": ""Shine That Turns Heads"", ""body"": ""Trusted pros. Eco-safe products."", ""cta"": ""Join Now""}",Showroom shine in 60 minutes. Mobile service — we come to you.,Marketing Assets,"✨ Fresh detail, zero hassle. Book now → {booking_url}",mkt-0074
google,"[""flyer"", ""ad"", ""caption""]",2025-08-14,dealers,"{""headline"": ""Premium Detail, Done Right"", ""body"": ""Trusted pros. Eco-safe products."", ""cta"": ""Sign Up Free""}",Showroom shine in 60 minutes. Mobile service — we come to you.,Marketing Assets,"✨ Fresh detail, zero hassle. Book now → {booking_url}",mkt-0075
instagram,"[""flyer"", ""ad"", ""caption""]",2025-08-14,luxury owners,"{""headline"": ""Shine That Turns Heads"", ""body"": ""Trusted pros. Eco-safe products."", ""cta"": ""Join Now""}",Showroom shine in 60 minutes. Mobile service — we come to you.,Marketing Assets,"✨ Fresh detail, zero hassle. Book now → {booking_url}",mkt-0076
tiktok,"[""flyer"", ""ad"", ""caption""]",2025-08-14,fleet managers,"{""headline"": ""Shine That Turns Heads"", ""body"": ""Trusted pros. Eco-safe products."", ""cta"": ""Learn More""}",Showroom shine in 60 minutes. Mobile service — we come to you.,Marketing Assets,"✨ Fresh detail, zero hassle. Book now → {booking_url}",mkt-0077
tiktok,"[""flyer"", ""ad"", ""caption""]",2025-08-14,dealers,"{""headline"": ""Shine That Turns Heads"", ""body"": ""Trusted pros. Eco-safe products."", ""cta"": ""See Packages""}",Showroom shine in 60 minutes. Mobile service — we come to you.,Marketing Assets,"✨ Fresh detail, zero hassle. Book now → {booking_url}",mkt-0078
tiktok,"[""flyer"", ""ad"", ""caption""]",2025-08-14,luxury owners,"{""headline"": ""Shine That Turns Heads"", ""body"": ""Trusted pros. Eco-safe products."", ""cta"": ""Join Now""}",Showroom shine in 60 minutes. Mobile service — we come to you.,Marketing Assets,"✨ Fresh detail, zero hassle. Book now → {booking_url}",mkt-0079
facebook,"[""flyer"", ""ad"", ""caption""]",2025-08-14,dealers,"{""headline"": ""Shine That Turns Heads"", ""body"": ""Trusted pros. Eco-safe products."", ""cta"": ""See Packages""}",Showroom shine in 60 minutes. Mobile service — we come to you.,Marketing Assets,"✨ Fresh detail, zero hassle. Book now → {booking_url}",mkt-0080
google,"[""flyer"", ""ad"", ""caption""]",2025-08-14,students,"{""headline"": ""Premium Detail, Done Right"", ""body"": ""Trusted pros. Eco-safe products."", ""cta"": ""Get Quote""}",Showroom shine in 60 minutes. Mobile service — we come to you.,Marketing Assets,"✨ Fresh detail, zero hassle. Book now → {booking_url}",mkt-0081
tiktok,"[""flyer"", ""ad"", ""caption""]",2025-08-14,students,"{""headline"": ""Shine That Turns Heads"", ""body"": ""Trusted pros. Eco-safe products."", ""cta"": ""Play Today""}",Showroom shine in 60 minutes. Mobile service — we come to you.,Marketing Assets,"✨ Fresh detail, zero hassle. Book now → {booking_url}",mkt-0082
email,"[""flyer"", ""ad"", ""caption""]",2025-08-14,students,"{""headline"": ""Shine That Turns Heads"", ""body"": ""Trusted pros. Eco-safe products."", ""cta"": ""Learn More""}",Showroom shine in 60 minutes. Mobile service — we come to you.,Marketing Assets,"✨ Fresh detail, zero hassle. Book now → {booking_url}",mkt-0083
instagram,"[""flyer"", ""ad"", ""caption""]",2025-08-14,dealers,"{""headline"": ""Premium Detail, Done Right"", ""body"": ""Trusted pros. Eco-safe products."", ""cta"": ""Join Now""}",Showroom shine in 60 minutes. Mobile service — we come to you.,Marketing Assets,"✨ Fresh detail, zero hassle. Book now → {booking_url}",mkt-0084
email,"[""flyer"", ""ad"", ""caption""]",2025-08-14,fleet managers,"{""headline"": ""Premium Detail, Done Right"", ""body"": ""Trusted pros. Eco-safe products."", ""cta"": ""Play Today""}",Showroom shine in 60 minutes. Mobile service — we come to you.,Marketing Assets,"✨ Fresh detail, zero hassle. Book now → {booking_url}",mkt-0085
email,"[""flyer"", ""ad"", ""caption""]",2025-08-14,students,"{""headline"": ""Premium Detail, Done Right"", ""body"": ""Trusted pros. Eco-safe products."", ""cta"": ""Learn More""}",Showroom shine in 60 minutes. Mobile service — we come to you.,Marketing Assets,"✨ Fresh detail, zero hassle. Book now → {booking_url}",mkt-0086
print,"[""flyer"", ""ad"", ""caption""]",2025-08-14,fleet managers,"{""headline"": ""Shine That Turns Heads"", ""body"": ""Trusted pros. Eco-safe products."", ""cta"": ""Sign Up Free""}",Showroom shine in 60 minutes. Mobile service — we come to you.,Marketing Assets,"✨ Fresh detail, zero hassle. Book now → {booking_url}",mkt-0087
tiktok,"[""flyer"", ""ad"", ""caption""]",2025-08-14,dealers,"{""headline"": ""Premium Detail, Done Right"", ""body"": ""Trusted pros. Eco-safe products."", ""cta"": ""Book Now""}",Showroom shine in 60 minutes. Mobile service — we come to you.,Marketing Assets,"✨ Fresh detail, zero hassle. Book now → {booking_url}",mkt-0088
tiktok,"[""flyer"", ""ad"", ""caption""]",2025-08-14,students,"{""headline"": ""Premium Detail, Done Right"", ""body"": ""Trusted pros. Eco-safe products."", ""cta"": ""Play Today""}",Showroom shine in 60 minutes. Mobile service — we come to you.,Marketing Assets,"✨ Fresh detail, zero hassle. Book now → {booking_url}",mkt-0089
google,"[""flyer"", ""ad"", ""caption""]",2025-08-14,students,"{""headline"": ""Shine That Turns Heads"", ""body"": ""Trusted pros. Eco-safe products."", ""cta"": ""Play Today""}",Showroom shine in 60 minutes. Mobile service — we come to you.,Marketing Assets,"✨ Fresh detail, zero hassle. Book now → {booking_url}",mkt-0090
tiktok,"[""flyer"", ""ad"", ""caption""]",2025-08-14,dealers,"{""headline"": ""Premium Detail, Done Right"", ""body"": ""Trusted pros. Eco-safe products."", ""cta"": ""See Packages""}",Showroom shine in 60 minutes. Mobile service — we come to you.,Marketing Assets,"✨ Fresh detail, zero hassle. Book now → {booking_url}",mkt-0091
email,"[""flyer"", ""ad"", ""caption""]",2025-08-14,luxury owners,"{""headline"": ""Premium Detail, Done Right"", ""body"": ""Trusted pros. Eco-safe products."", ""cta"": ""Get Quote""}",Showroom shine in 60 minutes. Mobile service — we come to you.,Marketing Assets,"✨ Fresh detail, zero hassle. Book now → {booking_url}",mkt-0092
facebook,"[""flyer"", ""ad"", ""caption""]",2025-08-14,dealers,"{""headline"": ""Premium Detail, Done Right"", ""body"": ""Trusted pros. Eco-safe products."", ""cta"": ""Learn More""}",Showroom shine in 60 minutes. Mobile service — we come to you.,Marketing Assets,"✨ Fresh detail, zero hassle. Book now → {booking_url}",mkt-0093
print,"[""flyer"", ""ad"", ""caption""]",2025-08-14,luxury owners,"{""headline"": ""Premium Detail, Done Right"", ""body"": ""Trusted pros. Eco-safe products."", ""cta"": ""Sign Up Free""}",Showroom shine in 60 minutes. Mobile service — we come to you.,Marketing Assets,"✨ Fresh detail, zero hassle. Book now → {booking_url}",mkt-0094
tiktok,"[""flyer"", ""ad"", ""caption""]",2025-08-14,students,"{""headline"": ""Shine That Turns Heads"", ""body"": ""Trusted pros. Eco-safe products."", ""cta"": ""Book Now""}",Showroom shine in 60 minutes. Mobile service — we come to you.,Marketing Assets,"✨ Fresh detail, zero hassle. Book now → {booking_url}",mkt-0095
facebook,"[""flyer"", ""ad"", ""caption""]",2025-08-14,families,"{""headline"": ""Shine That Turns Heads"", ""body"": ""Trusted pros. Eco-safe products."", ""cta"": ""Play Today""}",Showroom shine in 60 minutes. Mobile service — we come to you.,Marketing Assets,"✨ Fresh detail, zero hassle. Book now → {booking_url}",mkt-0096
tiktok,"[""flyer"", ""ad"", ""caption""]",2025-08-14,students,"{""headline"": ""Premium Detail, Done Right"", ""body"": ""Trusted pros. Eco-safe products."", ""cta"": ""Book Now""}",Showroom shine in 60 minutes. Mobile service — we come to you.,Marketing Assets,"✨ Fresh detail, zero hassle. Book now → {booking_url}",mkt-0097
facebook,"[""flyer"", ""ad"", ""caption""]",2025-08-14,families,"{""headline"": ""Premium Detail, Done Right"", ""body"": ""Trusted pros. Eco-safe products."", ""cta"": ""Play Today""}",Showroom shine in 60 minutes. Mobile service — we come to you.,Marketing Assets,"✨ Fresh detail, zero hassle. Book now → {booking_url}",mkt-0098
google,"[""flyer"", ""ad"", ""caption""]",2025-08-14,dealers,"{""headline"": ""Premium Detail, Done Right"", ""body"": ""Trusted pros. Eco-safe products."", ""cta"": ""Learn More""}",Showroom shine in 60 minutes. Mobile service — we come to you.,Marketing Assets,"✨ Fresh detail, zero hassle. Book now → {booking_url}",mkt-0099
email,"[""flyer"", ""ad"", ""caption""]",2025-08-14,luxury owners,"{""headline"": ""Premium Detail, Done Right"", ""body"": ""Trusted pros. Eco-safe products."", ""cta"": ""Join Now""}",Showroom shine in 60 minutes. Mobile service — we come to you.,Marketing Assets,"✨ Fresh detail, zero hassle. Book now → {booking_url}",mkt-0100
email,"[""flyer"", ""ad"", ""caption""]",2025-08-14,fleet managers,"{""headline"": ""Shine That Turns Heads"", ""body"": ""Trusted pros. Eco-safe products."", ""cta"": ""Book Now""}",Showroom shine in 60 minutes. Mobile service — we come to you.,Marketing Assets,"✨ Fresh detail, zero hassle. Book now → {booking_url}",mkt-0101
tiktok,"[""flyer"", ""ad"", ""caption""]",2025-08-14,fleet managers,"{""headline"": ""Premium Detail, Done Right"", ""body"": ""Trusted pros. Eco-safe products."", ""cta"": ""Sign Up Free""}",Showroom shine in 60 minutes. Mobile service — we come to you.,Marketing Assets,"✨ Fresh detail, zero hassle. Book now → {booking_url}",mkt-0102
google,"[""flyer"", ""ad"", ""caption""]",2025-08-14,students,"{""headline"": ""Premium Detail, Done Right"", ""body"": ""Trusted pros. Eco-safe products."", ""cta"": ""See Packages""}",Showroom shine in 60 minutes. Mobile service — we come to you.,Marketing Assets,"✨ Fresh detail, zero hassle. Book now → {booking_url}",mkt-0103
print,"[""flyer"", ""ad"", ""caption""]",2025-08-14,families,"{""headline"": ""Premium Detail, Done Right"", ""body"": ""Trusted pros. Eco-safe products."", ""cta"": ""Book Now""}",Showroom shine in 60 minutes. Mobile service — we come to you.,Marketing Assets,"✨ Fresh detail, zero hassle. Book now → {booking_url}",mkt-0104
print,"[""flyer"", ""ad"", ""caption""]",2025-08-14,fleet managers,"{""headline"": ""Premium Detail, Done Right"", ""body"": ""Trusted pros. Eco-safe products."", ""cta"": ""Learn More""}",Showroom shine in 60 minutes. Mobile service — we come to you.,Marketing Assets,"✨ Fresh detail, zero hassle. Book now → {booking_url}",mkt-0105
print,"[""flyer"", ""ad"", ""caption""]",2025-08-14,families,"{""headline"": ""Premium Detail, Done Right"", ""body"": ""Trusted pros. Eco-safe products."", ""cta"": ""Play Today""}",Showroom shine in 60 minutes. Mobile service — we come to you.,Marketing Assets,"✨ Fresh detail, zero hassle. Book now → {booking_url}",mkt-0106
email,"[""flyer"", ""ad"", ""caption""]",2025-08-14,dealers,"{""headline"": ""Premium Detail, Done Right"", ""body"": ""Trusted pros. Eco-safe products."", ""cta"": ""Sign Up Free""}",Showroom shine in 60 minutes. Mobile service — we come to you.,Marketing Assets,"✨ Fresh detail, zero hassle. Book now → {booking_url}",mkt-0107
facebook,"[""flyer"", ""ad"", ""caption""]",2025-08-14,luxury owners,"{""headline"": ""Shine That Turns Heads"", ""body"": ""Trusted pros. Eco-safe products."", ""cta"": ""Join Now""}",Showroom shine in 60 minutes. Mobile service — we come to you.,Marketing Assets,"✨ Fresh detail, zero hassle. Book now → {booking_url}",mkt-0108
tiktok,"[""flyer"", ""ad"", ""caption""]",2025-08-14,students,"{""headline"": ""Shine That Turns Heads"", ""body"": ""Trusted pros. Eco-safe products."", ""cta"": ""Join Now""}",Showroom shine in 60 minutes. Mobile service — we come to you.,Marketing Assets,"✨ Fresh detail, zero hassle. Book now → {booking_url}",mkt-0109
email,"[""flyer"", ""ad"", ""caption""]",2025-08-14,dealers,"{""headline"": ""Shine That Turns Heads"", ""body"": ""Trusted pros. Eco-safe products."", ""cta"": ""Play Today""}",Showroom shine in 60 minutes. Mobile service — we come to you.,Marketing Assets,"✨ Fresh detail, zero hassle. Book now → {booking_url}",mkt-0110
email,"[""flyer"", ""ad"", ""caption""]",2025-08-14,luxury owners,"{""headline"": ""Shine That Turns Heads"", ""body"": ""Trusted pros. Eco-safe products."", ""cta"": ""Play Today""}",Showroom shine in 60 minutes. Mobile service — we come to you.,Marketing Assets,"✨ Fresh detail, zero hassle. Book now → {booking_url}",mkt-0111
print,"[""flyer"", ""ad"", ""caption""]",2025-08-14,families,"{""headline"": ""Premium Detail, Done Right"", ""body"": ""Trusted pros. Eco-safe products."", ""cta"": ""Book Now""}",Showroom shine in 60 minutes. Mobile service — we come to you.,Marketing Assets,"✨ Fresh detail, zero hassle. Book now → {booking_url}",mkt-0112
google,"[""flyer"", ""ad"", ""caption""]",2025-08-14,dealers,"{""headline"": ""Shine That Turns Heads"", ""body"": ""Trusted pros. Eco-safe products."", ""cta"": ""Sign Up Free""}",Showroom shine in 60 minutes. Mobile service — we come to you.,Marketing Assets,"✨ Fresh detail, zero hassle. Book now → {booking_url}",mkt-0113
google,"[""flyer"", ""ad"", ""caption""]",2025-08-14,fleet managers,"{""headline"": ""Premium Detail, Done Right"", ""body"": ""Trusted pros. Eco-safe products."", ""cta"": ""Join Now""}",Showroom shine in 60 minutes. Mobile service — we come to you.,Marketing Assets,"✨ Fresh detail, zero hassle. Book now → {booking_url}",mkt-0114
google,"[""flyer"", ""ad"", ""caption""]",2025-08-14,students,"{""headline"": ""Shine That Turns Heads"", ""body"": ""Trusted pros. Eco-safe products."", ""cta"": ""Sign Up Free""}",Showroom shine in 60 minutes. Mobile service — we come to you.,Marketing Assets,"✨ Fresh detail, zero hassle. Book now → {booking_url}",mkt-0115
print,"[""flyer"", ""ad"", ""caption""]",2025-08-14,luxury owners,"{""headline"": ""Shine That Turns Heads"", ""body"": ""Trusted pros. Eco-safe products."", ""cta"": ""See Packages""}",Showroom shine in 60 minutes. Mobile service — we come to you.,Marketing Assets,"✨ Fresh detail, zero hassle. Book now → {booking_url}",mkt-0116
tiktok,"[""flyer"", ""ad"", ""caption""]",2025-08-14,students,"{""headline"": ""Shine That Turns Heads"", ""body"": ""Trusted pros. Eco-safe products."", ""cta"": ""See Packages""}",Showroom shine in 60 minutes. Mobile service — we come to you.,Marketing Assets,"✨ Fresh detail, zero hassle. Book now → {booking_url}",mkt-0117
instagram,"[""flyer"", ""ad"", ""caption""]",2025-08-14,families,"{""headline"": ""Shine That Turns Heads"", ""body"": ""Trusted pros. Eco-safe products."", ""cta"": ""Play Today""}",Showroom shine in 60 minutes. Mobile service — we come to you.,Marketing Assets,"✨ Fresh detail, zero hassle. Book now → {booking_url}",mkt-0118
email,"[""flyer"", ""ad"", ""caption""]",2025-08-14,families,"{""headline"": ""Premium Detail, Done Right"", ""body"": ""Trusted pros. Eco-safe products."", ""cta"": ""Sign Up Free""}",Showroom shine in 60 minutes. Mobile service — we come to you.,Marketing Assets,"✨ Fresh detail, zero hassle. Book now → {booking_url}",mkt-0119
instagram,"[""flyer"", ""ad"", ""caption""]",2025-08-14,families,"{""headline"": ""Shine That Turns Heads"", ""body"": ""Trusted pros. Eco-safe products."", ""cta"": ""Book Now""}",Showroom shine in 60 minutes. Mobile service — we come to you.,Marketing Assets,"✨ Fresh detail, zero hassle. Book now → {booking_url}",mkt-0120
facebook,"[""flyer"", ""ad"", ""caption""]",2025-08-14,dealers,"{""headline"": ""Shine That Turns Heads"", ""body"": ""Trusted pros. Eco-safe products."", ""cta"": ""Join Now""}",Showroom shine in 60 minutes. Mobile service — we come to you.,Marketing Assets,"✨ Fresh detail, zero hassle. Book now → {booking_url}",mkt-0121
instagram,"[""flyer"", ""ad"", ""caption""]",2025-08-14,fleet managers,"{""headline"": ""Shine That Turns Heads"", ""body"": ""Trusted pros. Eco-safe products."", ""cta"": ""Get Quote""}",Showroom shine in 60 minutes. Mobile service — we come to you.,Marketing Assets,"✨ Fresh detail, zero hassle. Book now → {booking_url}",mkt-0122
tiktok,"[""flyer"", ""ad"", ""caption""]",2025-08-14,fleet managers,"{""headline"": ""Shine That Turns Heads"", ""body"": ""Trusted pros. Eco-safe products."", ""cta"": ""Book Now""}",Showroom shine in 60 minutes. Mobile service — we come to you.,Marketing Assets,"✨ Fresh detail, zero hassle. Book now → {booking_url}",mkt-0123
facebook,"[""flyer"", ""ad"", ""caption""]",2025-08-14,students,"{""headline"": ""Premium Detail, Done Right"", ""body"": ""Trusted pros. Eco-safe products."", ""cta"": ""Book Now""}",Showroom shine in 60 minutes. Mobile service — we come to you.,Marketing Assets,"✨ Fresh detail, zero hassle. Book now → {booking_url}",mkt-0124
email,"[""flyer"", ""ad"", ""caption""]",2025-08-14,families,"{""headline"": ""Premium Detail, Done Right"", ""body"": ""Trusted pros. Eco-safe products."", ""cta"": ""See Packages""}",Showroom shine in 60 minutes. Mobile service — we come to you.,Marketing Assets,"✨ Fresh detail, zero hassle. Book now → {booking_url}",mkt-0125
instagram,"[""flyer"", ""ad"", ""caption""]",2025-08-14,families,"{""headline"": ""Shine That Turns Heads"", ""body"": ""Trusted pros. Eco-safe products."", ""cta"": ""Join Now""}",Showroom shine in 60 minutes. Mobile service — we come to you.,Marketing Assets,"✨ Fresh detail, zero hassle. Book now → {booking_url}",mkt-0126
facebook,"[""flyer"", ""ad"", ""caption""]",2025-08-14,students,"{""headline"": ""Premium Detail, Done Right"", ""body"": ""Trusted pros. Eco-safe products."", ""cta"": ""Book Now""}",Showroom shine in 60 minutes. Mobile service — we come to you.,Marketing Assets,"✨ Fresh detail, zero hassle. Book now → {booking_url}",mkt-0127
instagram,"[""flyer"", ""ad"", ""caption""]",2025-08-14,families,"{""headline"": ""Premium Detail, Done Right"", ""body"": ""Trusted pros. Eco-safe products."", ""cta"": ""Get Quote""}",Showroom shine in 60 minutes. Mobile service — we come to you.,Marketing Assets,"✨ Fresh detail, zero hassle. Book now → {booking_url}",mkt-0128
instagram,"[""flyer"", ""ad"", ""caption""]",2025-08-14,fleet managers,"{""headline"": ""Shine That Turns Heads"", ""body"": ""Trusted pros. Eco-safe products."", ""cta"": ""Sign Up Free""}",Showroom shine in 60 minutes. Mobile service — we come to you.,Marketing Assets,"✨ Fresh detail, zero hassle. Book now → {booking_url}",mkt-0129
instagram,"[""flyer"", ""ad"", ""caption""]",2025-08-14,dealers,"{""headline"": ""Shine That Turns Heads"", ""body"": ""Trusted pros. Eco-safe products."", ""cta"": ""Get Quote""}",Showroom shine in 60 minutes. Mobile service — we come to you.,Marketing Assets,"✨ Fresh detail, zero hassle. Book now → {booking_url}",mkt-0130
tiktok,"[""flyer"", ""ad"", ""caption""]",2025-08-14,families,"{""headline"": ""Premium Detail, Done Right"", ""body"": ""Trusted pros. Eco-safe products."", ""cta"": ""Sign Up Free""}",Showroom shine in 60 minutes. Mobile service — we come to you.,Marketing Assets,"✨ Fresh detail, zero hassle. Book now → {booking_url}",mkt-0131
email,"[""flyer"", ""ad"", ""caption""]",2025-08-14,families,"{""headline"": ""Shine That Turns Heads"", ""body"": ""Trusted pros. Eco-safe products."", ""cta"": ""Learn More""}",Showroom shine in 60 minutes. Mobile service — we come to you.,Marketing Assets,"✨ Fresh detail, zero hassle. Book now → {booking_url}",mkt-0132
print,"[""flyer"", ""ad"", ""caption""]",2025-08-14,students,"{""headline"": ""Premium Detail, Done Right"", ""body"": ""Trusted pros. Eco-safe products."", ""cta"": ""Learn More""}",Showroom shine in 60 minutes. Mobile service — we come to you.,Marketing Assets,"✨ Fresh detail, zero hassle. Book now → {booking_url}",mkt-0133
tiktok,"[""flyer"", ""ad"", ""caption""]",2025-08-14,dealers,"{""headline"": ""Premium Detail, Done Right"", ""body"": ""Trusted pros. Eco-safe products."", ""cta"": ""Sign Up Free""}",Showroom shine in 60 minutes. Mobile service — we come to you.,Marketing Assets,"✨ Fresh detail, zero hassle. Book now → {booking_url}",mkt-0134
facebook,"[""flyer"", ""ad"", ""caption""]",2025-08-14,fleet managers,"{""headline"": ""Shine That Turns Heads"", ""body"": ""Trusted pros. Eco-safe products."", ""cta"": ""Play Today""}",Showroom shine in 60 minutes. Mobile service — we come to you.,Marketing Assets,"✨ Fresh detail, zero hassle. Book now → {booking_url}",mkt-0135
tiktok,"[""flyer"", ""ad"", ""caption""]",2025-08-14,luxury owners,"{""headline"": ""Premium Detail, Done Right"", ""body"": ""Trusted pros. Eco-safe products."", ""cta"": ""Join Now""}",Showroom shine in 60 minutes. Mobile service — we come to you.,Marketing Assets,"✨ Fresh detail, zero hassle. Book now → {booking_url}",mkt-0136
print,"[""flyer"", ""ad"", ""caption""]",2025-08-14,students,"{""headline"": ""Premium Detail, Done Right"", ""body"": ""Trusted pros. Eco-safe products."", ""cta"": ""Get Quote""}",Showroom shine in 60 minutes. Mobile service — we come to you.,Marketing Assets,"✨ Fresh detail, zero hassle. Book now → {booking_url}",mkt-0137
email,"[""flyer"", ""ad"", ""caption""]",2025-08-14,families,"{""headline"": ""Premium Detail, Done Right"", ""body"": ""Trusted pros. Eco-safe products."", ""cta"": ""Get Quote""}",Showroom shine in 60 minutes. Mobile service — we come to you.,Marketing Assets,"✨ Fresh detail, zero hassle. Book now → {booking_url}",mkt-0138
facebook,"[""flyer"", ""ad"", ""caption""]",2025-08-14,luxury owners,"{""headline"": ""Shine That Turns Heads"", ""body"": ""Trusted pros. Eco-safe products."", ""cta"": ""See Packages""}",Showroom shine in 60 minutes. Mobile service — we come to you.,Marketing Assets,"✨ Fresh detail, zero hassle. Book now → {booking_url}",mkt-0139
email,"[""flyer"", ""ad"", ""caption""]",2025-08-14,fleet managers,"{""headline"": ""Premium Detail, Done Right"", ""body"": ""Trusted pros. Eco-safe products."", ""cta"": ""Book Now""}",Showroom shine in 60 minutes. Mobile service — we come to you.,Marketing Assets,"✨ Fresh detail, zero hassle. Book now → {booking_url}",mkt-0140
facebook,"[""flyer"", ""ad"", ""caption""]",2025-08-14,students,"{""headline"": ""Shine That Turns Heads"", ""body"": ""Trusted pros. Eco-safe products."", ""cta"": ""Get Quote""}",Showroom shine in 60 minutes. Mobile service — we come to you.,Marketing Assets,"✨ Fresh detail, zero hassle. Book now → {booking_url}",mkt-0141
instagram,"[""flyer"", ""ad"", ""caption""]",2025-08-14,luxury owners,"{""headline"": ""Premium Detail, Done Right"", ""body"": ""Trusted pros. Eco-safe products."", ""cta"": ""Get Quote""}",Showroom shine in 60 minutes. Mobile service — we come to you.,Marketing Assets,"✨ Fresh detail, zero hassle. Book now → {booking_url}",mkt-0142
google,"[""flyer"", ""ad"", ""caption""]",2025-08-14,luxury owners,"{""headline"": ""Shine That Turns Heads"", ""body"": ""Trusted pros. Eco-safe products."", ""cta"": ""Book Now""}",Showroom shine in 60 minutes. Mobile service — we come to you.,Marketing Assets,"✨ Fresh detail, zero hassle. Book now → {booking_url}",mkt-0143
instagram,"[""flyer"", ""ad"", ""caption""]",2025-08-14,families,"{""headline"": ""Premium Detail, Done Right"", ""body"": ""Trusted pros. Eco-safe products."", ""cta"": ""Join Now""}",Showroom shine in 60 minutes. Mobile service — we come to you.,Marketing Assets,"✨ Fresh detail, zero hassle. Book now → {booking_url}",mkt-0144
tiktok,"[""flyer"", ""ad"", ""caption""]",2025-08-14,luxury owners,"{""headline"": ""Premium Detail, Done Right"", ""body"": ""Trusted pros. Eco-safe products."", ""cta"": ""Play Today""}",Showroom shine in 60 minutes. Mobile service — we come to you.,Marketing Assets,"✨ Fresh detail, zero hassle. Book now → {booking_url}",mkt-0145
print,"[""flyer"", ""ad"", ""caption""]",2025-08-14,dealers,"{""headline"": ""Shine That Turns Heads"", ""body"": ""Trusted pros. Eco-safe products."", ""cta"": ""Book Now""}",Showroom shine in 60 minutes. Mobile service — we come to you.,Marketing Assets,"✨ Fresh detail, zero hassle. Book now → {booking_url}",mkt-0146
facebook,"[""flyer"", ""ad"", ""caption""]",2025-08-14,families,"{""headline"": ""Shine That Turns Heads"", ""body"": ""Trusted pros. Eco-safe products."", ""cta"": ""Join Now""}",Showroom shine in 60 minutes. Mobile service — we come to you.,Marketing Assets,"✨ Fresh detail, zero hassle. Book now → {booking_url}",mkt-0147
print,"[""flyer"", ""ad"", ""caption""]",2025-08-14,luxury owners,"{""headline"": ""Premium Detail, Done Right"", ""body"": ""Trusted pros. Eco-safe products."", ""cta"": ""Join Now""}",Showroom shine in 60 minutes. Mobile service — we come to you.,Marketing Assets,"✨ Fresh detail, zero hassle. Book now → {booking_url}",mkt-0148
tiktok,"[""flyer"", ""ad"", ""caption""]",2025-08-14,luxury owners,"{""headline"": ""Shine That Turns Heads"", ""body"": ""Trusted pros. Eco-safe products."", ""cta"": ""Play Today""}",Showroom shine in 60 minutes. Mobile service — we come to you.,Marketing Assets,"✨ Fresh detail, zero hassle. Book now → {booking_url}",mkt-0149
email,"[""flyer"", ""ad"", ""caption""]",2025-08-14,fleet managers,"{""headline"": ""Premium Detail, Done Right"", ""body"": ""Trusted pros. Eco-safe products."", ""cta"": ""Join Now""}",Showroom shine in 60 minutes. Mobile service — we come to you.,Marketing Assets,"✨ Fresh detail, zero hassle. Book now → {booking_url}",mkt-0150
facebook,"[""flyer"", ""ad"", ""caption""]",2025-08-14,fleet managers,"{""headline"": ""Shine That Turns Heads"", ""body"": ""Trusted pros. Eco-safe products."", ""cta"": ""Play Today""}",Showroom shine in 60 minutes. Mobile service — we come to you.,Marketing Assets,"✨ Fresh detail, zero hassle. Book now → {booking_url}",mkt-0151
print,"[""flyer"", ""ad"", ""caption""]",2025-08-14,families,"{""headline"": ""Premium Detail, Done Right"", ""body"": ""Trusted pros. Eco-safe products."", ""cta"": ""Sign Up Free""}",Showroom shine in 60 minutes. Mobile service — we come to you.,Marketing Assets,"✨ Fresh detail, zero hassle. Book now → {booking_url}",mkt-0152
instagram,"[""flyer"", ""ad"", ""caption""]",2025-08-14,fleet managers,"{""headline"": ""Shine That Turns Heads"", ""body"": ""Trusted pros. Eco-safe products."", ""cta"": ""See Packages""}",Showroom shine in 60 minutes. Mobile service — we come to you.,Marketing Assets,"✨ Fresh detail, zero hassle. Book now → {booking_url}",mkt-0153
facebook,"[""flyer"", ""ad"", ""caption""]",2025-08-14,fleet managers,"{""headline"": ""Shine That Turns Heads"", ""body"": ""Trusted pros. Eco-safe products."", ""cta"": ""See Packages""}",Showroom shine in 60 minutes. Mobile service — we come to you.,Marketing Assets,"✨ Fresh detail, zero hassle. Book now → {booking_url}",mkt-0154
tiktok,"[""flyer"", ""ad"", ""caption""]",2025-08-14,families,"{""headline"": ""Premium Detail, Done Right"", ""body"": ""Trusted pros. Eco-safe products."", ""cta"": ""See Packages""}",Showroom shine in 60 minutes. Mobile service — we come to you.,Marketing Assets,"✨ Fresh detail, zero hassle. Book now → {booking_url}",mkt-0155
instagram,"[""flyer"", ""ad"", ""caption""]",2025-08-14,students,"{""headline"": ""Premium Detail, Done Right"", ""body"": ""Trusted pros. Eco-safe products."", ""cta"": ""Play Today""}",Showroom shine in 60 minutes. Mobile service — we come to you.,Marketing Assets,"✨ Fresh detail, zero hassle. Book now → {booking_url}",mkt-0156
tiktok,"[""flyer"", ""ad"", ""caption""]",2025-08-14,luxury owners,"{""headline"": ""Shine That Turns Heads"", ""body"": ""Trusted pros. Eco-safe products."", ""cta"": ""Get Quote""}",Showroom shine in 60 minutes. Mobile service — we come to you.,Marketing Assets,"✨ Fresh detail, zero hassle. Book now → {booking_url}",mkt-0157
google,"[""flyer"", ""ad"", ""caption""]",2025-08-14,fleet managers,"{""headline"": ""Shine That Turns Heads"", ""body"": ""Trusted pros. Eco-safe products."", ""cta"": ""Join Now""}",Showroom shine in 60 minutes. Mobile service — we come to you.,Marketing Assets,"✨ Fresh detail, zero hassle. Book now → {booking_url}",mkt-0158
instagram,"[""flyer"", ""ad"", ""caption""]",2025-08-14,luxury owners,"{""headline"": ""Premium Detail, Done Right"", ""body"": ""Trusted pros. Eco-safe products."", ""cta"": ""Play Today""}",Showroom shine in 60 minutes. Mobile service — we come to you.,Marketing Assets,"✨ Fresh detail, zero hassle. Book now → {booking_url}",mkt-0159
google,"[""flyer"", ""ad"", ""caption""]",2025-08-14,dealers,"{""headline"": ""Premium Detail, Done Right"", ""body"": ""Trusted pros. Eco-safe products."", ""cta"": ""Sign Up Free""}",Showroom shine in 60 minutes. Mobile service — we come to you.,Marketing Assets,"✨ Fresh detail, zero hassle. Book now → {booking_url}",mkt-0160
instagram,"[""flyer"", ""ad"", ""caption""]",2025-08-14,fleet managers,"{""headline"": ""Shine That Turns Heads"", ""body"": ""Trusted pros. Eco-safe products."", ""cta"": ""See Packages""}",Showroom shine in 60 minutes. Mobile service — we come to you.,Marketing Assets,"✨ Fresh detail, zero hassle. Book now → {booking_url}",mkt-0161
facebook,"[""flyer"", ""ad"", ""caption""]",2025-08-14,fleet managers,"{""headline"": ""Premium Detail, Done Right"", ""body"": ""Trusted pros. Eco-safe products."", ""cta"": ""Sign Up Free""}",Showroom shine in 60 minutes. Mobile service — we come to you.,Marketing Assets,"✨ Fresh detail, zero hassle. Book now → {booking_url}",mkt-0162
google,"[""flyer"", ""ad"", ""caption""]",2025-08-14,luxury owners,"{""headline"": ""Shine That Turns Heads"", ""body"": ""Trusted pros. Eco-safe products."", ""cta"": ""See Packages""}",Showroom shine in 60 minutes. Mobile service — we come to you.,Marketing Assets,"✨ Fresh detail, zero hassle. Book now → {booking_url}",mkt-0163
google,"[""flyer"", ""ad"", ""caption""]",2025-08-14,luxury owners,"{""headline"": ""Shine That Turns Heads"", ""body"": ""Trusted pros. Eco-safe products."", ""cta"": ""Get Quote""}",Showroom shine in 60 minutes. Mobile service — we come to you.,Marketing Assets,"✨ Fresh detail, zero hassle. Book now → {booking_url}",mkt-0164
tiktok,"[""flyer"", ""ad"", ""caption""]",2025-08-14,families,"{""headline"": ""Shine That Turns Heads"", ""body"": ""Trusted pros. Eco-safe products."", ""cta"": ""Learn More""}",Showroom shine in 60 minutes. Mobile service — we come to you.,Marketing Assets,"✨ Fresh detail, zero hassle. Book now → {booking_url}",mkt-0165
email,"[""flyer"", ""ad"", ""caption""]",2025-08-14,luxury owners,"{""headline"": ""Shine That Turns Heads"", ""body"": ""Trusted pros. Eco-safe products."", ""cta"": ""Sign Up Free""}",Showroom shine in 60 minutes. Mobile service — we come to you.,Marketing Assets,"✨ Fresh detail, zero hassle. Book now → {booking_url}",mkt-0166
email,"[""flyer"", ""ad"", ""caption""]",2025-08-14,dealers,"{""headline"": ""Premium Detail, Done Right"", ""body"": ""Trusted pros. Eco-safe products."", ""cta"": ""Book Now""}",Showroom shine in 60 minutes. Mobile service — we come to you.,Marketing Assets,"✨ Fresh detail, zero hassle. Book now → {booking_url}",mkt-0167
email,"[""flyer"", ""ad"", ""caption""]",2025-08-14,fleet managers,"{""headline"": ""Shine That Turns Heads"", ""body"": ""Trusted pros. Eco-safe products."", ""cta"": ""Learn More""}",Showroom shine in 60 minutes. Mobile service — we come to you.,Marketing Assets,"✨ Fresh detail, zero hassle. Book now → {booking_url}",mkt-0168
email,"[""flyer"", ""ad"", ""caption""]",2025-08-14,dealers,"{""headline"": ""Shine That Turns Heads"", ""body"": ""Trusted pros. Eco-safe products."", ""cta"": ""Book Now""}",Showroom shine in 60 minutes. Mobile service — we come to you.,Marketing Assets,"✨ Fresh detail, zero hassle. Book now → {booking_url}",mkt-0169
facebook,"[""flyer"", ""ad"", ""caption""]",2025-08-14,dealers,"{""headline"": ""Premium Detail, Done Right"", ""body"": ""Trusted pros. Eco-safe products."", ""cta"": ""Get Quote""}",Showroom shine in 60 minutes. Mobile service — we come to you.,Marketing Assets,"✨ Fresh detail, zero hassle. Book now → {booking_url}",mkt-0170
print,"[""flyer"", ""ad"", ""caption""]",2025-08-14,fleet managers,"{""headline"": ""Premium Detail, Done Right"", ""body"": ""Trusted pros. Eco-safe products."", ""cta"": ""Book Now""}",Showroom shine in 60 minutes. Mobile service — we come to you.,Marketing Assets,"✨ Fresh detail, zero hassle. Book now → {booking_url}",mkt-0171
google,"[""flyer"", ""ad"", ""caption""]",2025-08-14,students,"{""headline"": ""Shine That Turns Heads"", ""body"": ""Trusted pros. Eco-safe products."", ""cta"": ""Learn More""}",Showroom shine in 60 minutes. Mobile service — we come to you.,Marketing Assets,"✨ Fresh detail, zero hassle. Book now → {booking_url}",mkt-0172
email,"[""flyer"", ""ad"", ""caption""]",2025-08-14,fleet managers,"{""headline"": ""Premium Detail, Done Right"", ""body"": ""Trusted pros. Eco-safe products."", ""cta"": ""Sign Up Free""}",Showroom shine in 60 minutes. Mobile service — we come to you.,Marketing Assets,"✨ Fresh detail, zero hassle. Book now → {booking_url}",mkt-0173
email,"[""flyer"", ""ad"", ""caption""]",2025-08-14,dealers,"{""headline"": ""Premium Detail, Done Right"", ""body"": ""Trusted pros. Eco-safe products."", ""cta"": ""Sign Up Free""}",Showroom shine in 60 minutes. Mobile service — we come to you.,Marketing Assets,"✨ Fresh detail, zero hassle. Book now → {booking_url}",mkt-0174
tiktok,"[""flyer"", ""ad"", ""caption""]",2025-08-14,fleet managers,"{""headline"": ""Premium Detail, Done Right"", ""body"": ""Trusted pros. Eco-safe products."", ""cta"": ""See Packages""}",Showroom shine in 60 minutes. Mobile service — we come to you.,Marketing Assets,"✨ Fresh detail, zero hassle. Book now → {booking_url}",mkt-0175
instagram,"[""flyer"", ""ad"", ""caption""]",2025-08-14,fleet managers,"{""headline"": ""Premium Detail, Done Right"", ""body"": ""Trusted pros. Eco-safe products."", ""cta"": ""Book Now""}",Showroom shine in 60 minutes. Mobile service — we come to you.,Marketing Assets,"✨ Fresh detail, zero hassle. Book now → {booking_url}",mkt-0176
instagram,"[""flyer"", ""ad"", ""caption""]",2025-08-14,dealers,"{""headline"": ""Shine That Turns Heads"", ""body"": ""Trusted pros. Eco-safe products."", ""cta"": ""Play Today""}",Showroom shine in 60 minutes. Mobile service — we come to you.,Marketing Assets,"✨ Fresh detail, zero hassle. Book now → {booking_url}",mkt-0177
google,"[""flyer"", ""ad"", ""caption""]",2025-08-14,dealers,"{""headline"": ""Premium Detail, Done Right"", ""body"": ""Trusted pros. Eco-safe products."", ""cta"": ""Sign Up Free""}",Showroom shine in 60 minutes. Mobile service — we come to you.,Marketing Assets,"✨ Fresh detail, zero hassle. Book now → {booking_url}",mkt-0178
google,"[""flyer"", ""ad"", ""caption""]",2025-08-14,fleet managers,"{""headline"": ""Premium Detail, Done Right"", ""body"": ""Trusted pros. Eco-safe products."", ""cta"": ""See Packages""}",Showroom shine in 60 minutes. Mobile service — we come to you.,Marketing Assets,"✨ Fresh detail, zero hassle. Book now → {booking_url}",mkt-0179
email,"[""flyer"", ""ad"", ""caption""]",2025-08-14,fleet managers,"{""headline"": ""Shine That Turns Heads"", ""body"": ""Trusted pros. Eco-safe products."", ""cta"": ""See Packages""}",Showroom shine in 60 minutes. Mobile service — we come to you.,Marketing Assets,"✨ Fresh detail, zero hassle. Book now → {booking_url}",mkt-0180
google,"[""flyer"", ""ad"", ""caption""]",2025-08-14,luxury owners,"{""headline"": ""Shine That Turns Heads"", ""body"": ""Trusted pros. Eco-safe products."", ""cta"": ""Play Today""}",Showroom shine in 60 minutes. Mobile service — we come to you.,Marketing Assets,"✨ Fresh detail, zero hassle. Book now → {booking_url}",mkt-0181
email,"[""flyer"", ""ad"", ""caption""]",2025-08-14,students,"{""headline"": ""Shine That Turns Heads"", ""body"": ""Trusted pros. Eco-safe products."", ""cta"": ""Get Quote""}",Showroom shine in 60 minutes. Mobile service — we come to you.,Marketing Assets,"✨ Fresh detail, zero hassle. Book now → {booking_url}",mkt-0182
print,"[""flyer"", ""ad"", ""caption""]",2025-08-14,families,"{""headline"": ""Premium Detail, Done Right"", ""body"": ""Trusted pros. Eco-safe products."", ""cta"": ""Play Today""}",Showroom shine in 60 minutes. Mobile service — we come to you.,Marketing Assets,"✨ Fresh detail, zero hassle. Book now → {booking_url}",mkt-0183
google,"[""flyer"", ""ad"", ""caption""]",2025-08-14,luxury owners,"{""headline"": ""Premium Detail, Done Right"", ""body"": ""Trusted pros. Eco-safe products."", ""cta"": ""Book Now""}",Showroom shine in 60 minutes. Mobile service — we come to you.,Marketing Assets,"✨ Fresh detail, zero hassle. Book now → {booking_url}",mkt-0184
facebook,"[""flyer"", ""ad"", ""caption""]",2025-08-14,dealers,"{""headline"": ""Premium Detail, Done Right"", ""body"": ""Trusted pros. Eco-safe products."", ""cta"": ""Get Quote""}",Showroom shine in 60 minutes. Mobile service — we come to you.,Marketing Assets,"✨ Fresh detail, zero hassle. Book now → {booking_url}",mkt-0185
tiktok,"[""flyer"", ""ad"", ""caption""]",2025-08-14,fleet managers,"{""headline"": ""Premium Detail, Done Right"", ""body"": ""Trusted pros. Eco-safe products."", ""cta"": ""Learn More""}",Showroom shine in 60 minutes. Mobile service — we come to you.,Marketing Assets,"✨ Fresh detail, zero hassle. Book now → {booking_url}",mkt-0186
print,"[""flyer"", ""ad"", ""caption""]",2025-08-14,fleet managers,"{""headline"": ""Shine That Turns Heads"", ""body"": ""Trusted pros. Eco-safe products."", ""cta"": ""Learn More""}",Showroom shine in 60 minutes. Mobile service — we come to you.,Marketing Assets,"✨ Fresh detail, zero hassle. Book now → {booking_url}",mkt-0187
email,"[""flyer"", ""ad"", ""caption""]",2025-08-14,dealers,"{""headline"": ""Premium Detail, Done Right"", ""body"": ""Trusted pros. Eco-safe products."", ""cta"": ""Get Quote""}",Showroom shine in 60 minutes. Mobile service — we come to you.,Marketing Assets,"✨ Fresh detail, zero hassle. Book now → {booking_url}",mkt-0188
instagram,"[""flyer"", ""ad"", ""caption""]",2025-08-14,luxury owners,"{""headline"": ""Shine That Turns Heads"", ""body"": ""Trusted pros. Eco-safe products."", ""cta"": ""Learn More""}",Showroom shine in 60 minutes. Mobile service — we come to you.,Marketing Assets,"✨ Fresh detail, zero hassle. Book now → {booking_url}",mkt-0189
instagram,"[""flyer"", ""ad"", ""caption""]",2025-08-14,students,"{""headline"": ""Premium Detail, Done Right"", ""body"": ""Trusted pros. Eco-safe products."", ""cta"": ""Book Now""}",Showroom shine in 60 minutes. Mobile service — we come to you.,Marketing Assets,"✨ Fresh detail, zero hassle. Book now → {booking_url}",mkt-0190
tiktok,"[""flyer"", ""ad"", ""caption""]",2025-08-14,luxury owners,"{""headline"": ""Shine That Turns Heads"", ""body"": ""Trusted pros. Eco-safe products."", ""cta"": ""Join Now""}",Showroom shine in 60 minutes. Mobile service — we come to you.,Marketing Assets,"✨ Fresh detail, zero hassle. Book now → {booking_url}",mkt-0191
tiktok,"[""flyer"", ""ad"", ""caption""]",2025-08-14,fleet managers,"{""headline"": ""Shine That Turns Heads"", ""body"": ""Trusted pros. Eco-safe products."", ""cta"": ""Join Now""}",Showroom shine in 60 minutes. Mobile service — we come to you.,Marketing Assets,"✨ Fresh detail, zero hassle. Book now → {booking_url}",mkt-0192
google,"[""flyer"", ""ad"", ""caption""]",2025-08-14,fleet managers,"{""headline"": ""Premium Detail, Done Right"", ""body"": ""Trusted pros. Eco-safe products."", ""cta"": ""Join Now""}",Showroom shine in 60 minutes. Mobile service — we come to you.,Marketing Assets,"✨ Fresh detail, zero hassle. Book now → {booking_url}",mkt-0193
print,"[""flyer"", ""ad"", ""caption""]",2025-08-14,fleet managers,"{""headline"": ""Shine That Turns Heads"", ""body"": ""Trusted pros. Eco-safe products."", ""cta"": ""Sign Up Free""}",Showroom shine in 60 minutes. Mobile service — we come to you.,Marketing Assets,"✨ Fresh detail, zero hassle. Book now → {booking_url}",mkt-0194
email,"[""flyer"", ""ad"", ""caption""]",2025-08-14,fleet managers,"{""headline"": ""Shine That Turns Heads"", ""body"": ""Trusted pros. Eco-safe products."", ""cta"": ""Book Now""}",Showroom shine in 60 minutes. Mobile service — we come to you.,Marketing Assets,"✨ Fresh detail, zero hassle. Book now → {booking_url}",mkt-0195
facebook,"[""flyer"", ""ad"", ""caption""]",2025-08-14,students,"{""headline"": ""Premium Detail, Done Right"", ""body"": ""Trusted pros. Eco-safe products."", ""cta"": ""See Packages""}",Showroom shine in 60 minutes. Mobile service — we come to you.,Marketing Assets,"✨ Fresh detail, zero hassle. Book now → {booking_url}",mkt-0196
facebook,"[""flyer"", ""ad"", ""caption""]",2025-08-14,students,"{""headline"": ""Shine That Turns Heads"", ""body"": ""Trusted pros. Eco-safe products."", ""cta"": ""See Packages""}",Showroom shine in 60 minutes. Mobile service — we come to you.,Marketing Assets,"✨ Fresh detail, zero hassle. Book now → {booking_url}",mkt-0197
instagram,"[""flyer"", ""ad"", ""caption""]",2025-08-14,families,"{""headline"": ""Premium Detail, Done Right"", ""body"": ""Trusted pros. Eco-safe products."", ""cta"": ""Learn More""}",Showroom shine in 60 minutes. Mobile service — we come to you.,Marketing Assets,"✨ Fresh detail, zero hassle. Book now → {booking_url}",mkt-0198
google,"[""flyer"", ""ad"", ""caption""]",2025-08-14,luxury owners,"{""headline"": ""Premium Detail, Done Right"", ""body"": ""Trusted pros. Eco-safe products."", ""cta"": ""Book Now""}",Showroom shine in 60 minutes. Mobile service — we come to you.,Marketing Assets,"✨ Fresh detail, zero hassle. Book now → {booking_url}",mkt-0199
email,"[""flyer"", ""ad"", ""caption""]",2025-08-14,dealers,"{""headline"": ""Shine That Turns Heads"", ""body"": ""Trusted pros. Eco-safe products."", ""cta"": ""Play Today""}",Showroom shine in 60 minutes. Mobile service — we come to you.,Marketing Assets,"✨ Fresh detail, zero hassle. Book now → {booking_url}",mkt-0200
email,"[""flyer"", ""ad"", ""caption""]",2025-08-14,students,"{""headline"": ""Shine That Turns Heads"", ""body"": ""Trusted pros. Eco-safe products."", ""cta"": ""See Packages""}",Showroom shine in 60 minutes. Mobile service — we come to you.,Marketing Assets,"✨ Fresh detail, zero hassle. Book now → {booking_url}",mkt-0201
facebook,"[""flyer"", ""ad"", ""caption""]",2025-08-14,dealers,"{""headline"": ""Shine That Turns Heads"", ""body"": ""Trusted pros. Eco-safe products."", ""cta"": ""See Packages""}",Showroom shine in 60 minutes. Mobile service — we come to you.,Marketing Assets,"✨ Fresh detail, zero hassle. Book now → {booking_url}",mkt-0202
email,"[""flyer"", ""ad"", ""caption""]",2025-08-14,families,"{""headline"": ""Shine That Turns Heads"", ""body"": ""Trusted pros. Eco-safe products."", ""cta"": ""Book Now""}",Showroom shine in 60 minutes. Mobile service — we come to you.,Marketing Assets,"✨ Fresh detail, zero hassle. Book now → {booking_url}",mkt-0203
email,"[""flyer"", ""ad"", ""caption""]",2025-08-14,fleet managers,"{""headline"": ""Premium Detail, Done Right"", ""body"": ""Trusted pros. Eco-safe products."", ""cta"": ""Get Quote""}",Showroom shine in 60 minutes. Mobile service — we come to you.,Marketing Assets,"✨ Fresh detail, zero hassle. Book now → {booking_url}",mkt-0204
print,"[""flyer"", ""ad"", ""caption""]",2025-08-14,fleet managers,"{""headline"": ""Premium Detail, Done Right"", ""body"": ""Trusted pros. Eco-safe products."", ""cta"": ""Learn More""}",Showroom shine in 60 minutes. Mobile service — we come to you.,Marketing Assets,"✨ Fresh detail, zero hassle. Book now → {booking_url}",mkt-0205
print,"[""flyer"", ""ad"", ""caption""]",2025-08-14,luxury owners,"{""headline"": ""Premium Detail, Done Right"", ""body"": ""Trusted pros. Eco-safe products."", ""cta"": ""Sign Up Free""}",Showroom shine in 60 minutes. Mobile service — we come to you.,Marketing Assets,"✨ Fresh detail, zero hassle. Book now → {booking_url}",mkt-0206
google,"[""flyer"", ""ad"", ""caption""]",2025-08-14,dealers,"{""headline"": ""Premium Detail, Done Right"", ""body"": ""Trusted pros. Eco-safe products."", ""cta"": ""Book Now""}",Showroom shine in 60 minutes. Mobile service — we come to you.,Marketing Assets,"✨ Fresh detail, zero hassle. Book now → {booking_url}",mkt-0207
tiktok,"[""flyer"", ""ad"", ""caption""]",2025-08-14,students,"{""headline"": ""Premium Detail, Done Right"", ""body"": ""Trusted pros. Eco-safe products."", ""cta"": ""Book Now""}",Showroom shine in 60 minutes. Mobile service — we come to you.,Marketing Assets,"✨ Fresh detail, zero hassle. Book now → {booking_url}",mkt-0208
google,"[""flyer"", ""ad"", ""caption""]",2025-08-14,students,"{""headline"": ""Shine That Turns Heads"", ""body"": ""Trusted pros. Eco-safe products."", ""cta"": ""See Packages""}",Showroom shine in 60 minutes. Mobile service — we come to you.,Marketing Assets,"✨ Fresh detail, zero hassle. Book now → {booking_url}",mkt-0209
tiktok,"[""flyer"", ""ad"", ""caption""]",2025-08-14,families,"{""headline"": ""Premium Detail, Done Right"", ""body"": ""Trusted pros. Eco-safe products."", ""cta"": ""Learn More""}",Showroom shine in 60 minutes. Mobile service — we come to you.,Marketing Assets,"✨ Fresh detail, zero hassle. Book now → {booking_url}",mkt-0210
email,"[""flyer"", ""ad"", ""caption""]",2025-08-14,families,"{""headline"": ""Premium Detail, Done Right"", ""body"": ""Trusted pros. Eco-safe products."", ""cta"": ""Sign Up Free""}",Showroom shine in 60 minutes. Mobile service — we come to you.,Marketing Assets,"✨ Fresh detail, zero hassle. Book now → {booking_url}",mkt-0211
email,"[""flyer"", ""ad"", ""caption""]",2025-08-14,dealers,"{""headline"": ""Premium Detail, Done Right"", ""body"": ""Trusted pros. Eco-safe products."", ""cta"": ""Learn More""}",Showroom shine in 60 minutes. Mobile service — we come to you.,Marketing Assets,"✨ Fresh detail, zero hassle. Book now → {booking_url}",mkt-0212
email,"[""flyer"", ""ad"", ""caption""]",2025-08-14,dealers,"{""headline"": ""Shine That Turns Heads"", ""body"": ""Trusted pros. Eco-safe products."", ""cta"": ""Learn More""}",Showroom shine in 60 minutes. Mobile service — we come to you.,Marketing Assets,"✨ Fresh detail, zero hassle. Book now → {booking_url}",mkt-0213
instagram,"[""flyer"", ""ad"", ""caption""]",2025-08-14,families,"{""headline"": ""Shine That Turns Heads"", ""body"": ""Trusted pros. Eco-safe products."", ""cta"": ""See Packages""}",Showroom shine in 60 minutes. Mobile service — we come to you.,Marketing Assets,"✨ Fresh detail, zero hassle. Book now → {booking_url}",mkt-0214
google,"[""flyer"", ""ad"", ""caption""]",2025-08-14,dealers,"{""headline"": ""Shine That Turns Heads"", ""body"": ""Trusted pros. Eco-safe products."", ""cta"": ""Get Quote""}",Showroom shine in 60 minutes. Mobile service — we come to you.,Marketing Assets,"✨ Fresh detail, zero hassle. Book now → {booking_url}",mkt-0215
tiktok,"[""flyer"", ""ad"", ""caption""]",2025-08-14,families,"{""headline"": ""Premium Detail, Done Right"", ""body"": ""Trusted pros. Eco-safe products."", ""cta"": ""Play Today""}",Showroom shine in 60 minutes. Mobile service — we come to you.,Marketing Assets,"✨ Fresh detail, zero hassle. Book now → {booking_url}",mkt-0216
email,"[""flyer"", ""ad"", ""caption""]",2025-08-14,dealers,"{""headline"": ""Premium Detail, Done Right"", ""body"": ""Trusted pros. Eco-safe products."", ""cta"": ""Sign Up Free""}",Showroom shine in 60 minutes. Mobile service — we come to you.,Marketing Assets,"✨ Fresh detail, zero hassle. Book now → {booking_url}",mkt-0217
instagram,"[""flyer"", ""ad"", ""caption""]",2025-08-14,fleet managers,"{""headline"": ""Premium Detail, Done Right"", ""body"": ""Trusted pros. Eco-safe products."", ""cta"": ""Book Now""}",Showroom shine in 60 minutes. Mobile service — we come to you.,Marketing Assets,"✨ Fresh detail, zero hassle. Book now → {booking_url}",mkt-0218
facebook,"[""flyer"", ""ad"", ""caption""]",2025-08-14,luxury owners,"{""headline"": ""Premium Detail, Done Right"", ""body"": ""Trusted pros. Eco-safe products."", ""cta"": ""Get Quote""}",Showroom shine in 60 minutes. Mobile service — we come to you.,Marketing Assets,"✨ Fresh detail, zero hassle. Book now → {booking_url}",mkt-0219
print,"[""flyer"", ""ad"", ""caption""]",2025-08-14,dealers,"{""headline"": ""Premium Detail, Done Right"", ""body"": ""Trusted pros. Eco-safe products."", ""cta"": ""Book Now""}",Showroom shine in 60 minutes. Mobile service — we come to you.,Marketing Assets,"✨ Fresh detail, zero hassle. Book now → {booking_url}",mkt-0220
