tags,last_updated,city,venue_name,capacity,category,id,state
"[""venue"", ""networking""]",2025-08-14,Kingston,Community Center,100,National Resource,nr-0001,PA
"[""venue"", ""networking""]",2025-08-14,Kingston,Community Center,100,National Resource,nr-0002,PA
"[""venue"", ""networking""]",2025-08-14,Kingston,Community Center,100,National Resource,nr-0003,PA
"[""venue"", ""networking""]",2025-08-14,Kingston,Community Center,100,National Resource,nr-0004,PA
"[""venue"", ""networking""]",2025-08-14,Kingston,Community Center,100,National Resource,nr-0005,PA
"[""venue"", ""networking""]",2025-08-14,Kingston,Community Center,100,National Resource,nr-0006,PA
"[""venue"", ""networking""]",2025-08-14,Kingston,Community Center,100,National Resource,nr-0007,PA
"[""venue"", ""networking""]",2025-08-14,Kingston,Community Center,100,National Resource,nr-0008,PA
"[""venue"", ""networking""]",2025-08-14,Kingston,Community Center,100,National Resource,nr-0009,PA
"[""venue"", ""networking""]",2025-08-14,Kingston,Community Center,100,National Resource,nr-0010,PA
"[""venue"", ""networking""]",2025-08-14,Kingston,Community Center,100,National Resource,nr-0011,PA
"[""venue"", ""networking""]",2025-08-14,Kingston,Community Center,100,National Resource,nr-0012,PA
"[""venue"", ""networking""]",2025-08-14,Kingston,Community Center,100,National Resource,nr-0013,PA
"[""venue"", ""networking""]",2025-08-14,Kingston,Community Center,100,National Resource,nr-0014,PA
"[""venue"", ""networking""]",2025-08-14,Kingston,Community Center,100,National Resource,nr-0015,PA
"[""venue"", ""networking""]",2025-08-14,Kingston,Community Center,100,National Resource,nr-0016,PA
"[""venue"", ""networking""]",2025-08-14,Kingston,Community Center,100,National Resource,nr-0017,PA
"[""venue"", ""networking""]",2025-08-14,Kingston,Community Center,100,National Resource,nr-0018,PA
"[""venue"", ""networking""]",2025-08-14,Kingston,Community Center,100,National Resource,nr-0019,PA
"[""venue"", ""networking""]",2025-08-14,Kingston,Community Center,100,National Resource,nr-0020,PA
"[""venue"", ""networking""]",2025-08-14,Kingston,Community Center,100,National Resource,nr-0021,PA
"[""venue"", ""networking""]",2025-08-14,Kingston,Community Center,100,National Resource,nr-0022,PA
"[""venue"", ""networking""]",2025-08-14,Kingston,Community Center,100,National Resource,nr-0023,PA
"[""venue"", ""networking""]",2025-08-14,Kingston,Community Center,100,National Resource,nr-0024,PA
"[""venue"", ""networking""]",2025-08-14,Kingston,Community Center,100,National Resource,nr-0025,PA
"[""venue"", ""networking""]",2025-08-14,Kingston,Community Center,100,National Resource,nr-0026,PA
"[""venue"", ""networking""]",2025-08-14,Kingston,Community Center,100,National Resource,nr-0027,PA
"[""venue"", ""networking""]",2025-08-14,Kingston,Community Center,100,National Resource,nr-0028,PA
"[""venue"", ""networking""]",2025-08-14,Kingston,Community Center,100,National Resource,nr-0029,PA
"[""venue"", ""networking""]",2025-08-14,Kingston,Community Center,100,National Resource,nr-0030,PA
"[""venue"", ""networking""]",2025-08-14,Kingston,Community Center,100,National Resource,nr-0031,PA
"[""venue"", ""networking""]",2025-08-14,Kingston,Community Center,100,National Resource,nr-0032,PA
"[""venue"", ""networking""]",2025-08-14,Kingston,Community Center,100,National Resource,nr-0033,PA
"[""venue"", ""networking""]",2025-08-14,Kingston,Community Center,100,National Resource,nr-0034,PA
"[""venue"", ""networking""]",2025-08-14,Kingston,Community Center,100,National Resource,nr-0035,PA
"[""venue"", ""networking""]",2025-08-14,Kingston,Community Center,100,National Resource,nr-0036,PA
"[""venue"", ""networking""]",2025-08-14,Kingston,Community Center,100,National Resource,nr-0037,PA
"[""venue"", ""networking""]",2025-08-14,Kingston,Community Center,100,National Resource,nr-0038,PA
"[""venue"", ""networking""]",2025-08-14,Kingston,Community Center,100,National Resource,nr-0039,PA
"[""venue"", ""networking""]",2025-08-14,Kingston,Community Center,100,National Resource,nr-0040,PA
"[""venue"", ""networking""]",2025-08-14,Kingston,Community Center,100,National Resource,nr-0041,PA
"[""venue"", ""networking""]",2025-08-14,Kingston,Community Center,100,National Resource,nr-0042,PA
"[""venue"", ""networking""]",2025-08-14,Kingston,Community Center,100,National Resource,nr-0043,PA
"[""venue"", ""networking""]",2025-08-14,Kingston,Community Center,100,National Resource,nr-0044,PA
"[""venue"", ""networking""]",2025-08-14,Kingston,Community Center,100,National Resource,nr-0045,PA
"[""venue"", ""networking""]",2025-08-14,Kingston,Community Center,100,National Resource,nr-0046,PA
"[""venue"", ""networking""]",2025-08-14,Kingston,Community Center,100,National Resource,nr-0047,PA
"[""venue"", ""networking""]",2025-08-14,Kingston,Community Center,100,National Resource,nr-0048,PA
"[""venue"", ""networking""]",2025-08-14,Kingston,Community Center,100,National Resource,nr-0049,PA
"[""venue"", ""networking""]",2025-08-14,Kingston,Community Center,100,National Resource,nr-0050,PA
"[""venue"", ""networking""]",2025-08-14,Kingston,Community Center,100,National Resource,nr-0051,PA
"[""venue"", ""networking""]",2025-08-14,Kingston,Community Center,100,National Resource,nr-0052,PA
"[""venue"", ""networking""]",2025-08-14,Kingston,Community Center,100,National Resource,nr-0053,PA
"[""venue"", ""networking""]",2025-08-14,Kingston,Community Center,100,National Resource,nr-0054,PA
"[""venue"", ""networking""]",2025-08-14,Kingston,Community Center,100,National Resource,nr-0055,PA
"[""venue"", ""networking""]",2025-08-14,Kingston,Community Center,100,National Resource,nr-0056,PA
"[""venue"", ""networking""]",2025-08-14,Kingston,Community Center,100,National Resource,nr-0057,PA
"[""venue"", ""networking""]",2025-08-14,Kingston,Community Center,100,National Resource,nr-0058,PA
"[""venue"", ""networking""]",2025-08-14,Kingston,Community Center,100,National Resource,nr-0059,PA
"[""venue"", ""networking""]",2025-08-14,Kingston,Community Center,100,National Resource,nr-0060,PA
"[""venue"", ""networking""]",2025-08-14,Kingston,Community Center,100,National Resource,nr-0061,PA
"[""venue"", ""networking""]",2025-08-14,Kingston,Community Center,100,National Resource,nr-0062,PA
"[""venue"", ""networking""]",2025-08-14,Kingston,Community Center,100,National Resource,nr-0063,PA
"[""venue"", ""networking""]",2025-08-14,Kingston,Community Center,100,National Resource,nr-0064,PA
"[""venue"", ""networking""]",2025-08-14,Kingston,Community Center,100,National Resource,nr-0065,PA
"[""venue"", ""networking""]",2025-08-14,Kingston,Community Center,100,National Resource,nr-0066,PA
"[""venue"", ""networking""]",2025-08-14,Kingston,Community Center,100,National Resource,nr-0067,PA
"[""venue"", ""networking""]",2025-08-14,Kingston,Community Center,100,National Resource,nr-0068,PA
"[""venue"", ""networking""]",2025-08-14,Kingston,Community Center,100,National Resource,nr-0069,PA
"[""venue"", ""networking""]",2025-08-14,Kingston,Community Center,100,National Resource,nr-0070,PA
"[""venue"", ""networking""]",2025-08-14,Kingston,Community Center,100,National Resource,nr-0071,PA
"[""venue"", ""networking""]",2025-08-14,Kingston,Community Center,100,National Resource,nr-0072,PA
"[""venue"", ""networking""]",2025-08-14,Kingston,Community Center,100,National Resource,nr-0073,PA
"[""venue"", ""networking""]",2025-08-14,Kingston,Community Center,100,National Resource,nr-0074,PA
"[""venue"", ""networking""]",2025-08-14,Kingston,Community Center,100,National Resource,nr-0075,PA
"[""venue"", ""networking""]",2025-08-14,Kingston,Community Center,100,National Resource,nr-0076,PA
"[""venue"", ""networking""]",2025-08-14,Kingston,Community Center,100,National Resource,nr-0077,PA
"[""venue"", ""networking""]",2025-08-14,Kingston,Community Center,100,National Resource,nr-0078,PA
"[""venue"", ""networking""]",2025-08-14,Kingston,Community Center,100,National Resource,nr-0079,PA
"[""venue"", ""networking""]",2025-08-14,Kingston,Community Center,100,National Resource,nr-0080,PA
"[""venue"", ""networking""]",2025-08-14,Kingston,Community Center,100,National Resource,nr-0081,PA
"[""venue"", ""networking""]",2025-08-14,Kingston,Community Center,100,National Resource,nr-0082,PA
"[""venue"", ""networking""]",2025-08-14,Kingston,Community Center,100,National Resource,nr-0083,PA
"[""venue"", ""networking""]",2025-08-14,Kingston,Community Center,100,National Resource,nr-0084,PA
"[""venue"", ""networking""]",2025-08-14,Kingston,Community Center,100,National Resource,nr-0085,PA
"[""venue"", ""networking""]",2025-08-14,Kingston,Community Center,100,National Resource,nr-0086,PA
"[""venue"", ""networking""]",2025-08-14,Kingston,Community Center,100,National Resource,nr-0087,PA
"[""venue"", ""networking""]",2025-08-14,Kingston,Community Center,100,National Resource,nr-0088,PA
"[""venue"", ""networking""]",2025-08-14,Kingston,Community Center,100,National Resource,nr-0089,PA
"[""venue"", ""networking""]",2025-08-14,Kingston,Community Center,100,National Resource,nr-0090,PA
"[""venue"", ""networking""]",2025-08-14,Kingston,Community Center,100,National Resource,nr-0091,PA
"[""venue"", ""networking""]",2025-08-14,Kingston,Community Center,100,National Resource,nr-0092,PA
"[""venue"", ""networking""]",2025-08-14,Kingston,Community Center,100,National Resource,nr-0093,PA
"[""venue"", ""networking""]",2025-08-14,Kingston,Community Center,100,National Resource,nr-0094,PA
"[""venue"", ""networking""]",2025-08-14,Kingston,Community Center,100,National Resource,nr-0095,PA
"[""venue"", ""networking""]",2025-08-14,Kingston,Community Center,100,National Resource,nr-0096,PA
"[""venue"", ""networking""]",2025-08-14,Kingston,Community Center,100,National Resource,nr-0097,PA
"[""venue"", ""networking""]",2025-08-14,Kingston,Community Center,100,National Resource,nr-0098,PA
"[""venue"", ""networking""]",2025-08-14,Kingston,Community Center,100,National Resource,nr-0099,PA
"[""venue"", ""networking""]",2025-08-14,Kingston,Community Center,100,National Resource,nr-0100,PA
"[""venue"", ""networking""]",2025-08-14,Kingston,Community Center,100,National Resource,nr-0101,PA
"[""venue"", ""networking""]",2025-08-14,Kingston,Community Center,100,National Resource,nr-0102,PA
"[""venue"", ""networking""]",2025-08-14,Kingston,Community Center,100,National Resource,nr-0103,PA
"[""venue"", ""networking""]",2025-08-14,Kingston,Community Center,100,National Resource,nr-0104,PA
"[""venue"", ""networking""]",2025-08-14,Kingston,Community Center,100,National Resource,nr-0105,PA
"[""venue"", ""networking""]",2025-08-14,Kingston,Community Center,100,National Resource,nr-0106,PA
"[""venue"", ""networking""]",2025-08-14,Kingston,Community Center,100,National Resource,nr-0107,PA
"[""venue"", ""networking""]",2025-08-14,Kingston,Community Center,100,National Resource,nr-0108,PA
"[""venue"", ""networking""]",2025-08-14,Kingston,Community Center,100,National Resource,nr-0109,PA
"[""venue"", ""networking""]",2025-08-14,Kingston,Community Center,100,National Resource,nr-0110,PA
"[""venue"", ""networking""]",2025-08-14,Kingston,Community Center,100,National Resource,nr-0111,PA
"[""venue"", ""networking""]",2025-08-14,Kingston,Community Center,100,National Resource,nr-0112,PA
"[""venue"", ""networking""]",2025-08-14,Kingston,Community Center,100,National Resource,nr-0113,PA
"[""venue"", ""networking""]",2025-08-14,Kingston,Community Center,100,National Resource,nr-0114,PA
"[""venue"", ""networking""]",2025-08-14,Kingston,Community Center,100,National Resource,nr-0115,PA
"[""venue"", ""networking""]",2025-08-14,Kingston,Community Center,100,National Resource,nr-0116,PA
"[""venue"", ""networking""]",2025-08-14,Kingston,Community Center,100,National Resource,nr-0117,PA
"[""venue"", ""networking""]",2025-08-14,Kingston,Community Center,100,National Resource,nr-0118,PA
"[""venue"", ""networking""]",2025-08-14,Kingston,Community Center,100,National Resource,nr-0119,PA
"[""venue"", ""networking""]",2025-08-14,Kingston,Community Center,100,National Resource,nr-0120,PA
"[""venue"", ""networking""]",2025-08-14,Kingston,Community Center,100,National Resource,nr-0121,PA
"[""venue"", ""networking""]",2025-08-14,Kingston,Community Center,100,National Resource,nr-0122,PA
"[""venue"", ""networking""]",2025-08-14,Kingston,Community Center,100,National Resource,nr-0123,PA
"[""venue"", ""networking""]",2025-08-14,Kingston,Community Center,100,National Resource,nr-0124,PA
"[""venue"", ""networking""]",2025-08-14,Kingston,Community Center,100,National Resource,nr-0125,PA
"[""venue"", ""networking""]",2025-08-14,Kingston,Community Center,100,National Resource,nr-0126,PA
"[""venue"", ""networking""]",2025-08-14,Kingston,Community Center,100,National Resource,nr-0127,PA
"[""venue"", ""networking""]",2025-08-14,Kingston,Community Center,100,National Resource,nr-0128,PA
"[""venue"", ""networking""]",2025-08-14,Kingston,Community Center,100,National Resource,nr-0129,PA
"[""venue"", ""networking""]",2025-08-14,Kingston,Community Center,100,National Resource,nr-0130,PA
"[""venue"", ""networking""]",2025-08-14,Kingston,Community Center,100,National Resource,nr-0131,PA
"[""venue"", ""networking""]",2025-08-14,Kingston,Community Center,100,National Resource,nr-0132,PA
"[""venue"", ""networking""]",2025-08-14,Kingston,Community Center,100,National Resource,nr-0133,PA
"[""venue"", ""networking""]",2025-08-14,Kingston,Community Center,100,National Resource,nr-0134,PA
"[""venue"", ""networking""]",2025-08-14,Kingston,Community Center,100,National Resource,nr-0135,PA
"[""venue"", ""networking""]",2025-08-14,Kingston,Community Center,100,National Resource,nr-0136,PA
"[""venue"", ""networking""]",2025-08-14,Kingston,Community Center,100,National Resource,nr-0137,PA
"[""venue"", ""networking""]",2025-08-14,Kingston,Community Center,100,National Resource,nr-0138,PA
"[""venue"", ""networking""]",2025-08-14,Kingston,Community Center,100,National Resource,nr-0139,PA
"[""venue"", ""networking""]",2025-08-14,Kingston,Community Center,100,National Resource,nr-0140,PA
"[""venue"", ""networking""]",2025-08-14,Kingston,Community Center,100,National Resource,nr-0141,PA
"[""venue"", ""networking""]",2025-08-14,Kingston,Community Center,100,National Resource,nr-0142,PA
"[""venue"", ""networking""]",2025-08-14,Kingston,Community Center,100,National Resource,nr-0143,PA
"[""venue"", ""networking""]",2025-08-14,Kingston,Community Center,100,National Resource,nr-0144,PA
"[""venue"", ""networking""]",2025-08-14,Kingston,Community Center,100,National Resource,nr-0145,PA
"[""venue"", ""networking""]",2025-08-14,Kingston,Community Center,100,National Resource,nr-0146,PA
"[""venue"", ""networking""]",2025-08-14,Kingston,Community Center,100,National Resource,nr-0147,PA
"[""venue"", ""networking""]",2025-08-14,Kingston,Community Center,100,National Resource,nr-0148,PA
"[""venue"", ""networking""]",2025-08-14,Kingston,Community Center,100,National Resource,nr-0149,PA
"[""venue"", ""networking""]",2025-08-14,Kingston,Community Center,100,National Resource,nr-0150,PA
"[""venue"", ""networking""]",2025-08-14,Kingston,Community Center,100,National Resource,nr-0151,PA
"[""venue"", ""networking""]",2025-08-14,Kingston,Community Center,100,National Resource,nr-0152,PA
"[""venue"", ""networking""]",2025-08-14,Kingston,Community Center,100,National Resource,nr-0153,PA
"[""venue"", ""networking""]",2025-08-14,Kingston,Community Center,100,National Resource,nr-0154,PA
"[""venue"", ""networking""]",2025-08-14,Kingston,Community Center,100,National Resource,nr-0155,PA
"[""venue"", ""networking""]",2025-08-14,Kingston,Community Center,100,National Resource,nr-0156,PA
"[""venue"", ""networking""]",2025-08-14,Kingston,Community Center,100,National Resource,nr-0157,PA
"[""venue"", ""networking""]",2025-08-14,Kingston,Community Center,100,National Resource,nr-0158,PA
"[""venue"", ""networking""]",2025-08-14,Kingston,Community Center,100,National Resource,nr-0159,PA
"[""venue"", ""networking""]",2025-08-14,Kingston,Community Center,100,National Resource,nr-0160,PA
"[""venue"", ""networking""]",2025-08-14,Kingston,Community Center,100,National Resource,nr-0161,PA
"[""venue"", ""networking""]",2025-08-14,Kingston,Community Center,100,National Resource,nr-0162,PA
"[""venue"", ""networking""]",2025-08-14,Kingston,Community Center,100,National Resource,nr-0163,PA
"[""venue"", ""networking""]",2025-08-14,Kingston,Community Center,100,National Resource,nr-0164,PA
"[""venue"", ""networking""]",2025-08-14,Kingston,Community Center,100,National Resource,nr-0165,PA
"[""venue"", ""networking""]",2025-08-14,Kingston,Community Center,100,National Resource,nr-0166,PA
"[""venue"", ""networking""]",2025-08-14,Kingston,Community Center,100,National Resource,nr-0167,PA
"[""venue"", ""networking""]",2025-08-14,Kingston,Community Center,100,National Resource,nr-0168,PA
"[""venue"", ""networking""]",2025-08-14,Kingston,Community Center,100,National Resource,nr-0169,PA
"[""venue"", ""networking""]",2025-08-14,Kingston,Community Center,100,National Resource,nr-0170,PA
"[""venue"", ""networking""]",2025-08-14,Kingston,Community Center,100,National Resource,nr-0171,PA
"[""venue"", ""networking""]",2025-08-14,Kingston,Community Center,100,National Resource,nr-0172,PA
"[""venue"", ""networking""]",2025-08-14,Kingston,Community Center,100,National Resource,nr-0173,PA
"[""venue"", ""networking""]",2025-08-14,Kingston,Community Center,100,National Resource,nr-0174,PA
"[""venue"", ""networking""]",2025-08-14,Kingston,Community Center,100,National Resource,nr-0175,PA
"[""venue"", ""networking""]",2025-08-14,Kingston,Community Center,100,National Resource,nr-0176,PA
"[""venue"", ""networking""]",2025-08-14,Kingston,Community Center,100,National Resource,nr-0177,PA
"[""venue"", ""networking""]",2025-08-14,Kingston,Community Center,100,National Resource,nr-0178,PA
"[""venue"", ""networking""]",2025-08-14,Kingston,Community Center,100,National Resource,nr-0179,PA
"[""venue"", ""networking""]",2025-08-14,Kingston,Community Center,100,National Resource,nr-0180,PA
"[""venue"", ""networking""]",2025-08-14,Kingston,Community Center,100,National Resource,nr-0181,PA
"[""venue"", ""networking""]",2025-08-14,Kingston,Community Center,100,National Resource,nr-0182,PA
"[""venue"", ""networking""]",2025-08-14,Kingston,Community Center,100,National Resource,nr-0183,PA
"[""venue"", ""networking""]",2025-08-14,Kingston,Community Center,100,National Resource,nr-0184,PA
"[""venue"", ""networking""]",2025-08-14,Kingston,Community Center,100,National Resource,nr-0185,PA
"[""venue"", ""networking""]",2025-08-14,Kingston,Community Center,100,National Resource,nr-0186,PA
"[""venue"", ""networking""]",2025-08-14,Kingston,Community Center,100,National Resource,nr-0187,PA
"[""venue"", ""networking""]",2025-08-14,Kingston,Community Center,100,National Resource,nr-0188,PA
"[""venue"", ""networking""]",2025-08-14,Kingston,Community Center,100,National Resource,nr-0189,PA
"[""venue"", ""networking""]",2025-08-14,Kingston,Community Center,100,National Resource,nr-0190,PA
"[""venue"", ""networking""]",2025-08-14,Kingston,Community Center,100,National Resource,nr-0191,PA
"[""venue"", ""networking""]",2025-08-14,Kingston,Community Center,100,National Resource,nr-0192,PA
"[""venue"", ""networking""]",2025-08-14,Kingston,Community Center,100,National Resource,nr-0193,PA
"[""venue"", ""networking""]",2025-08-14,Kingston,Community Center,100,National Resource,nr-0194,PA
"[""venue"", ""networking""]",2025-08-14,Kingston,Community Center,100,National Resource,nr-0195,PA
"[""venue"", ""networking""]",2025-08-14,Kingston,Community Center,100,National Resource,nr-0196,PA
"[""venue"", ""networking""]",2025-08-14,Kingston,Community Center,100,National Resource,nr-0197,PA
"[""venue"", ""networking""]",2025-08-14,Kingston,Community Center,100,National Resource,nr-0198,PA
"[""venue"", ""networking""]",2025-08-14,Kingston,Community Center,100,National Resource,nr-0199,PA
"[""venue"", ""networking""]",2025-08-14,Kingston,Community Center,100,National Resource,nr-0200,PA
"[""venue"", ""networking""]",2025-08-14,Kingston,Community Center,100,National Resource,nr-0201,PA
"[""venue"", ""networking""]",2025-08-14,Kingston,Community Center,100,National Resource,nr-0202,PA
"[""venue"", ""networking""]",2025-08-14,Kingston,Community Center,100,National Resource,nr-0203,PA
"[""venue"", ""networking""]",2025-08-14,Kingston,Community Center,100,National Resource,nr-0204,PA
"[""venue"", ""networking""]",2025-08-14,Kingston,Community Center,100,National Resource,nr-0205,PA
"[""venue"", ""networking""]",2025-08-14,Kingston,Community Center,100,National Resource,nr-0206,PA
"[""venue"", ""networking""]",2025-08-14,Kingston,Community Center,100,National Resource,nr-0207,PA
"[""venue"", ""networking""]",2025-08-14,Kingston,Community Center,100,National Resource,nr-0208,PA
"[""venue"", ""networking""]",2025-08-14,Kingston,Community Center,100,National Resource,nr-0209,PA
"[""venue"", ""networking""]",2025-08-14,Kingston,Community Center,100,National Resource,nr-0210,PA
"[""venue"", ""networking""]",2025-08-14,Kingston,Community Center,100,National Resource,nr-0211,PA
"[""venue"", ""networking""]",2025-08-14,Kingston,Community Center,100,National Resource,nr-0212,PA
"[""venue"", ""networking""]",2025-08-14,Kingston,Community Center,100,National Resource,nr-0213,PA
"[""venue"", ""networking""]",2025-08-14,Kingston,Community Center,100,National Resource,nr-0214,PA
"[""venue"", ""networking""]",2025-08-14,Kingston,Community Center,100,National Resource,nr-0215,PA
"[""venue"", ""networking""]",2025-08-14,Kingston,Community Center,100,National Resource,nr-0216,PA
"[""venue"", ""networking""]",2025-08-14,Kingston,Community Center,100,National Resource,nr-0217,PA
"[""venue"", ""networking""]",2025-08-14,Kingston,Community Center,100,National Resource,nr-0218,PA
"[""venue"", ""networking""]",2025-08-14,Kingston,Community Center,100,National Resource,nr-0219,PA
"[""venue"", ""networking""]",2025-08-14,Kingston,Community Center,100,National Resource,nr-0220,PA
"[""venue"", ""networking""]",2025-08-14,Kingston,Community Center,100,National Resource,nr-0221,PA
"[""venue"", ""networking""]",2025-08-14,Kingston,Community Center,100,National Resource,nr-0222,PA
"[""venue"", ""networking""]",2025-08-14,Kingston,Community Center,100,National Resource,nr-0223,PA
"[""venue"", ""networking""]",2025-08-14,Kingston,Community Center,100,National Resource,nr-0224,PA
"[""venue"", ""networking""]",2025-08-14,Kingston,Community Center,100,National Resource,nr-0225,PA
"[""venue"", ""networking""]",2025-08-14,Kingston,Community Center,100,National Resource,nr-0226,PA
"[""venue"", ""networking""]",2025-08-14,Kingston,Community Center,100,National Resource,nr-0227,PA
"[""venue"", ""networking""]",2025-08-14,Kingston,Community Center,100,National Resource,nr-0228,PA
"[""venue"", ""networking""]",2025-08-14,Kingston,Community Center,100,National Resource,nr-0229,PA
"[""venue"", ""networking""]",2025-08-14,Kingston,Community Center,100,National Resource,nr-0230,PA
"[""venue"", ""networking""]",2025-08-14,Kingston,Community Center,100,National Resource,nr-0231,PA
"[""venue"", ""networking""]",2025-08-14,Kingston,Community Center,100,National Resource,nr-0232,PA
"[""venue"", ""networking""]",2025-08-14,Kingston,Community Center,100,National Resource,nr-0233,PA
"[""venue"", ""networking""]",2025-08-14,Kingston,Community Center,100,National Resource,nr-0234,PA
"[""venue"", ""networking""]",2025-08-14,Kingston,Community Center,100,National Resource,nr-0235,PA
"[""venue"", ""networking""]",2025-08-14,Kingston,Community Center,100,National Resource,nr-0236,PA
"[""venue"", ""networking""]",2025-08-14,Kingston,Community Center,100,National Resource,nr-0237,PA
"[""venue"", ""networking""]",2025-08-14,Kingston,Community Center,100,National Resource,nr-0238,PA
"[""venue"", ""networking""]",2025-08-14,Kingston,Community Center,100,National Resource,nr-0239,PA
"[""venue"", ""networking""]",2025-08-14,Kingston,Community Center,100,National Resource,nr-0240,PA
