contact_tracking,tags,last_updated,phone_script,category,id,email_template
"{""status"": ""new"", ""last_touch_days"": 0, ""owner"": ""System""}","[""email"", ""phone"", ""crm""]",2025-08-14,"Hi, this is {agent} with {brand} — do you have a minute?",Outreach,out-0001,"{""subject"": ""Quick intro — local partnership"", ""body"": ""Hi {first_name}, open to a 10‑minute chat?""}"
"{""status"": ""new"", ""last_touch_days"": 0, ""owner"": ""System""}","[""email"", ""phone"", ""crm""]",2025-08-14,"Hi, this is {agent} with {brand} — do you have a minute?",Outreach,out-0002,"{""subject"": ""Quick intro — local partnership"", ""body"": ""Hi {first_name}, open to a 10‑minute chat?""}"
"{""status"": ""new"", ""last_touch_days"": 0, ""owner"": ""System""}","[""email"", ""phone"", ""crm""]",2025-08-14,"Hi, this is {agent} with {brand} — do you have a minute?",Outreach,out-0003,"{""subject"": ""Quick intro — local partnership"", ""body"": ""Hi {first_name}, open to a 10‑minute chat?""}"
"{""status"": ""new"", ""last_touch_days"": 0, ""owner"": ""System""}","[""email"", ""phone"", ""crm""]",2025-08-14,"Hi, this is {agent} with {brand} — do you have a minute?",Outreach,out-0004,"{""subject"": ""Quick intro — local partnership"", ""body"": ""Hi {first_name}, open to a 10‑minute chat?""}"
"{""status"": ""new"", ""last_touch_days"": 0, ""owner"": ""System""}","[""email"", ""phone"", ""crm""]",2025-08-14,"Hi, this is {agent} with {brand} — do you have a minute?",Outreach,out-0005,"{""subject"": ""Quick intro — local partnership"", ""body"": ""Hi {first_name}, open to a 10‑minute chat?""}"
"{""status"": ""new"", ""last_touch_days"": 0, ""owner"": ""System""}","[""email"", ""phone"", ""crm""]",2025-08-14,"Hi, this is {agent} with {brand} — do you have a minute?",Outreach,out-0006,"{""subject"": ""Quick intro — local partnership"", ""body"": ""Hi {first_name}, open to a 10‑minute chat?""}"
"{""status"": ""new"", ""last_touch_days"": 0, ""owner"": ""System""}","[""email"", ""phone"", ""crm""]",2025-08-14,"Hi, this is {agent} with {brand} — do you have a minute?",Outreach,out-0007,"{""subject"": ""Quick intro — local partnership"", ""body"": ""Hi {first_name}, open to a 10‑minute chat?""}"
"{""status"": ""new"", ""last_touch_days"": 0, ""owner"": ""System""}","[""email"", ""phone"", ""crm""]",2025-08-14,"Hi, this is {agent} with {brand} — do you have a minute?",Outreach,out-0008,"{""subject"": ""Quick intro — local partnership"", ""body"": ""Hi {first_name}, open to a 10‑minute chat?""}"
"{""status"": ""new"", ""last_touch_days"": 0, ""owner"": ""System""}","[""email"", ""phone"", ""crm""]",2025-08-14,"Hi, this is {agent} with {brand} — do you have a minute?",Outreach,out-0009,"{""subject"": ""Quick intro — local partnership"", ""body"": ""Hi {first_name}, open to a 10‑minute chat?""}"
"{""status"": ""new"", ""last_touch_days"": 0, ""owner"": ""System""}","[""email"", ""phone"", ""crm""]",2025-08-14,"Hi, this is {agent} with {brand} — do you have a minute?",Outreach,out-0010,"{""subject"": ""Quick intro — local partnership"", ""body"": ""Hi {first_name}, open to a 10‑minute chat?""}"
"{""status"": ""new"", ""last_touch_days"": 0, ""owner"": ""System""}","[""email"", ""phone"", ""crm""]",2025-08-14,"Hi, this is {agent} with {brand} — do you have a minute?",Outreach,out-0011,"{""subject"": ""Quick intro — local partnership"", ""body"": ""Hi {first_name}, open to a 10‑minute chat?""}"
"{""status"": ""new"", ""last_touch_days"": 0, ""owner"": ""System""}","[""email"", ""phone"", ""crm""]",2025-08-14,"Hi, this is {agent} with {brand} — do you have a minute?",Outreach,out-0012,"{""subject"": ""Quick intro — local partnership"", ""body"": ""Hi {first_name}, open to a 10‑minute chat?""}"
"{""status"": ""new"", ""last_touch_days"": 0, ""owner"": ""System""}","[""email"", ""phone"", ""crm""]",2025-08-14,"Hi, this is {agent} with {brand} — do you have a minute?",Outreach,out-0013,"{""subject"": ""Quick intro — local partnership"", ""body"": ""Hi {first_name}, open to a 10‑minute chat?""}"
"{""status"": ""new"", ""last_touch_days"": 0, ""owner"": ""System""}","[""email"", ""phone"", ""crm""]",2025-08-14,"Hi, this is {agent} with {brand} — do you have a minute?",Outreach,out-0014,"{""subject"": ""Quick intro — local partnership"", ""body"": ""Hi {first_name}, open to a 10‑minute chat?""}"
"{""status"": ""new"", ""last_touch_days"": 0, ""owner"": ""System""}","[""email"", ""phone"", ""crm""]",2025-08-14,"Hi, this is {agent} with {brand} — do you have a minute?",Outreach,out-0015,"{""subject"": ""Quick intro — local partnership"", ""body"": ""Hi {first_name}, open to a 10‑minute chat?""}"
"{""status"": ""new"", ""last_touch_days"": 0, ""owner"": ""System""}","[""email"", ""phone"", ""crm""]",2025-08-14,"Hi, this is {agent} with {brand} — do you have a minute?",Outreach,out-0016,"{""subject"": ""Quick intro — local partnership"", ""body"": ""Hi {first_name}, open to a 10‑minute chat?""}"
"{""status"": ""new"", ""last_touch_days"": 0, ""owner"": ""System""}","[""email"", ""phone"", ""crm""]",2025-08-14,"Hi, this is {agent} with {brand} — do you have a minute?",Outreach,out-0017,"{""subject"": ""Quick intro — local partnership"", ""body"": ""Hi {first_name}, open to a 10‑minute chat?""}"
"{""status"": ""new"", ""last_touch_days"": 0, ""owner"": ""System""}","[""email"", ""phone"", ""crm""]",2025-08-14,"Hi, this is {agent} with {brand} — do you have a minute?",Outreach,out-0018,"{""subject"": ""Quick intro — local partnership"", ""body"": ""Hi {first_name}, open to a 10‑minute chat?""}"
"{""status"": ""new"", ""last_touch_days"": 0, ""owner"": ""System""}","[""email"", ""phone"", ""crm""]",2025-08-14,"Hi, this is {agent} with {brand} — do you have a minute?",Outreach,out-0019,"{""subject"": ""Quick intro — local partnership"", ""body"": ""Hi {first_name}, open to a 10‑minute chat?""}"
"{""status"": ""new"", ""last_touch_days"": 0, ""owner"": ""System""}","[""email"", ""phone"", ""crm""]",2025-08-14,"Hi, this is {agent} with {brand} — do you have a minute?",Outreach,out-0020,"{""subject"": ""Quick intro — local partnership"", ""body"": ""Hi {first_name}, open to a 10‑minute chat?""}"
"{""status"": ""new"", ""last_touch_days"": 0, ""owner"": ""System""}","[""email"", ""phone"", ""crm""]",2025-08-14,"Hi, this is {agent} with {brand} — do you have a minute?",Outreach,out-0021,"{""subject"": ""Quick intro — local partnership"", ""body"": ""Hi {first_name}, open to a 10‑minute chat?""}"
"{""status"": ""new"", ""last_touch_days"": 0, ""owner"": ""System""}","[""email"", ""phone"", ""crm""]",2025-08-14,"Hi, this is {agent} with {brand} — do you have a minute?",Outreach,out-0022,"{""subject"": ""Quick intro — local partnership"", ""body"": ""Hi {first_name}, open to a 10‑minute chat?""}"
"{""status"": ""new"", ""last_touch_days"": 0, ""owner"": ""System""}","[""email"", ""phone"", ""crm""]",2025-08-14,"Hi, this is {agent} with {brand} — do you have a minute?",Outreach,out-0023,"{""subject"": ""Quick intro — local partnership"", ""body"": ""Hi {first_name}, open to a 10‑minute chat?""}"
"{""status"": ""new"", ""last_touch_days"": 0, ""owner"": ""System""}","[""email"", ""phone"", ""crm""]",2025-08-14,"Hi, this is {agent} with {brand} — do you have a minute?",Outreach,out-0024,"{""subject"": ""Quick intro — local partnership"", ""body"": ""Hi {first_name}, open to a 10‑minute chat?""}"
"{""status"": ""new"", ""last_touch_days"": 0, ""owner"": ""System""}","[""email"", ""phone"", ""crm""]",2025-08-14,"Hi, this is {agent} with {brand} — do you have a minute?",Outreach,out-0025,"{""subject"": ""Quick intro — local partnership"", ""body"": ""Hi {first_name}, open to a 10‑minute chat?""}"
"{""status"": ""new"", ""last_touch_days"": 0, ""owner"": ""System""}","[""email"", ""phone"", ""crm""]",2025-08-14,"Hi, this is {agent} with {brand} — do you have a minute?",Outreach,out-0026,"{""subject"": ""Quick intro — local partnership"", ""body"": ""Hi {first_name}, open to a 10‑minute chat?""}"
"{""status"": ""new"", ""last_touch_days"": 0, ""owner"": ""System""}","[""email"", ""phone"", ""crm""]",2025-08-14,"Hi, this is {agent} with {brand} — do you have a minute?",Outreach,out-0027,"{""subject"": ""Quick intro — local partnership"", ""body"": ""Hi {first_name}, open to a 10‑minute chat?""}"
"{""status"": ""new"", ""last_touch_days"": 0, ""owner"": ""System""}","[""email"", ""phone"", ""crm""]",2025-08-14,"Hi, this is {agent} with {brand} — do you have a minute?",Outreach,out-0028,"{""subject"": ""Quick intro — local partnership"", ""body"": ""Hi {first_name}, open to a 10‑minute chat?""}"
"{""status"": ""new"", ""last_touch_days"": 0, ""owner"": ""System""}","[""email"", ""phone"", ""crm""]",2025-08-14,"Hi, this is {agent} with {brand} — do you have a minute?",Outreach,out-0029,"{""subject"": ""Quick intro — local partnership"", ""body"": ""Hi {first_name}, open to a 10‑minute chat?""}"
"{""status"": ""new"", ""last_touch_days"": 0, ""owner"": ""System""}","[""email"", ""phone"", ""crm""]",2025-08-14,"Hi, this is {agent} with {brand} — do you have a minute?",Outreach,out-0030,"{""subject"": ""Quick intro — local partnership"", ""body"": ""Hi {first_name}, open to a 10‑minute chat?""}"
"{""status"": ""new"", ""last_touch_days"": 0, ""owner"": ""System""}","[""email"", ""phone"", ""crm""]",2025-08-14,"Hi, this is {agent} with {brand} — do you have a minute?",Outreach,out-0031,"{""subject"": ""Quick intro — local partnership"", ""body"": ""Hi {first_name}, open to a 10‑minute chat?""}"
"{""status"": ""new"", ""last_touch_days"": 0, ""owner"": ""System""}","[""email"", ""phone"", ""crm""]",2025-08-14,"Hi, this is {agent} with {brand} — do you have a minute?",Outreach,out-0032,"{""subject"": ""Quick intro — local partnership"", ""body"": ""Hi {first_name}, open to a 10‑minute chat?""}"
"{""status"": ""new"", ""last_touch_days"": 0, ""owner"": ""System""}","[""email"", ""phone"", ""crm""]",2025-08-14,"Hi, this is {agent} with {brand} — do you have a minute?",Outreach,out-0033,"{""subject"": ""Quick intro — local partnership"", ""body"": ""Hi {first_name}, open to a 10‑minute chat?""}"
"{""status"": ""new"", ""last_touch_days"": 0, ""owner"": ""System""}","[""email"", ""phone"", ""crm""]",2025-08-14,"Hi, this is {agent} with {brand} — do you have a minute?",Outreach,out-0034,"{""subject"": ""Quick intro — local partnership"", ""body"": ""Hi {first_name}, open to a 10‑minute chat?""}"
"{""status"": ""new"", ""last_touch_days"": 0, ""owner"": ""System""}","[""email"", ""phone"", ""crm""]",2025-08-14,"Hi, this is {agent} with {brand} — do you have a minute?",Outreach,out-0035,"{""subject"": ""Quick intro — local partnership"", ""body"": ""Hi {first_name}, open to a 10‑minute chat?""}"
"{""status"": ""new"", ""last_touch_days"": 0, ""owner"": ""System""}","[""email"", ""phone"", ""crm""]",2025-08-14,"Hi, this is {agent} with {brand} — do you have a minute?",Outreach,out-0036,"{""subject"": ""Quick intro — local partnership"", ""body"": ""Hi {first_name}, open to a 10‑minute chat?""}"
"{""status"": ""new"", ""last_touch_days"": 0, ""owner"": ""System""}","[""email"", ""phone"", ""crm""]",2025-08-14,"Hi, this is {agent} with {brand} — do you have a minute?",Outreach,out-0037,"{""subject"": ""Quick intro — local partnership"", ""body"": ""Hi {first_name}, open to a 10‑minute chat?""}"
"{""status"": ""new"", ""last_touch_days"": 0, ""owner"": ""System""}","[""email"", ""phone"", ""crm""]",2025-08-14,"Hi, this is {agent} with {brand} — do you have a minute?",Outreach,out-0038,"{""subject"": ""Quick intro — local partnership"", ""body"": ""Hi {first_name}, open to a 10‑minute chat?""}"
"{""status"": ""new"", ""last_touch_days"": 0, ""owner"": ""System""}","[""email"", ""phone"", ""crm""]",2025-08-14,"Hi, this is {agent} with {brand} — do you have a minute?",Outreach,out-0039,"{""subject"": ""Quick intro — local partnership"", ""body"": ""Hi {first_name}, open to a 10‑minute chat?""}"
"{""status"": ""new"", ""last_touch_days"": 0, ""owner"": ""System""}","[""email"", ""phone"", ""crm""]",2025-08-14,"Hi, this is {agent} with {brand} — do you have a minute?",Outreach,out-0040,"{""subject"": ""Quick intro — local partnership"", ""body"": ""Hi {first_name}, open to a 10‑minute chat?""}"
"{""status"": ""new"", ""last_touch_days"": 0, ""owner"": ""System""}","[""email"", ""phone"", ""crm""]",2025-08-14,"Hi, this is {agent} with {brand} — do you have a minute?",Outreach,out-0041,"{""subject"": ""Quick intro — local partnership"", ""body"": ""Hi {first_name}, open to a 10‑minute chat?""}"
"{""status"": ""new"", ""last_touch_days"": 0, ""owner"": ""System""}","[""email"", ""phone"", ""crm""]",2025-08-14,"Hi, this is {agent} with {brand} — do you have a minute?",Outreach,out-0042,"{""subject"": ""Quick intro — local partnership"", ""body"": ""Hi {first_name}, open to a 10‑minute chat?""}"
"{""status"": ""new"", ""last_touch_days"": 0, ""owner"": ""System""}","[""email"", ""phone"", ""crm""]",2025-08-14,"Hi, this is {agent} with {brand} — do you have a minute?",Outreach,out-0043,"{""subject"": ""Quick intro — local partnership"", ""body"": ""Hi {first_name}, open to a 10‑minute chat?""}"
"{""status"": ""new"", ""last_touch_days"": 0, ""owner"": ""System""}","[""email"", ""phone"", ""crm""]",2025-08-14,"Hi, this is {agent} with {brand} — do you have a minute?",Outreach,out-0044,"{""subject"": ""Quick intro — local partnership"", ""body"": ""Hi {first_name}, open to a 10‑minute chat?""}"
"{""status"": ""new"", ""last_touch_days"": 0, ""owner"": ""System""}","[""email"", ""phone"", ""crm""]",2025-08-14,"Hi, this is {agent} with {brand} — do you have a minute?",Outreach,out-0045,"{""subject"": ""Quick intro — local partnership"", ""body"": ""Hi {first_name}, open to a 10‑minute chat?""}"
"{""status"": ""new"", ""last_touch_days"": 0, ""owner"": ""System""}","[""email"", ""phone"", ""crm""]",2025-08-14,"Hi, this is {agent} with {brand} — do you have a minute?",Outreach,out-0046,"{""subject"": ""Quick intro — local partnership"", ""body"": ""Hi {first_name}, open to a 10‑minute chat?""}"
"{""status"": ""new"", ""last_touch_days"": 0, ""owner"": ""System""}","[""email"", ""phone"", ""crm""]",2025-08-14,"Hi, this is {agent} with {brand} — do you have a minute?",Outreach,out-0047,"{""subject"": ""Quick intro — local partnership"", ""body"": ""Hi {first_name}, open to a 10‑minute chat?""}"
"{""status"": ""new"", ""last_touch_days"": 0, ""owner"": ""System""}","[""email"", ""phone"", ""crm""]",2025-08-14,"Hi, this is {agent} with {brand} — do you have a minute?",Outreach,out-0048,"{""subject"": ""Quick intro — local partnership"", ""body"": ""Hi {first_name}, open to a 10‑minute chat?""}"
"{""status"": ""new"", ""last_touch_days"": 0, ""owner"": ""System""}","[""email"", ""phone"", ""crm""]",2025-08-14,"Hi, this is {agent} with {brand} — do you have a minute?",Outreach,out-0049,"{""subject"": ""Quick intro — local partnership"", ""body"": ""Hi {first_name}, open to a 10‑minute chat?""}"
"{""status"": ""new"", ""last_touch_days"": 0, ""owner"": ""System""}","[""email"", ""phone"", ""crm""]",2025-08-14,"Hi, this is {agent} with {brand} — do you have a minute?",Outreach,out-0050,"{""subject"": ""Quick intro — local partnership"", ""body"": ""Hi {first_name}, open to a 10‑minute chat?""}"
"{""status"": ""new"", ""last_touch_days"": 0, ""owner"": ""System""}","[""email"", ""phone"", ""crm""]",2025-08-14,"Hi, this is {agent} with {brand} — do you have a minute?",Outreach,out-0051,"{""subject"": ""Quick intro — local partnership"", ""body"": ""Hi {first_name}, open to a 10‑minute chat?""}"
"{""status"": ""new"", ""last_touch_days"": 0, ""owner"": ""System""}","[""email"", ""phone"", ""crm""]",2025-08-14,"Hi, this is {agent} with {brand} — do you have a minute?",Outreach,out-0052,"{""subject"": ""Quick intro — local partnership"", ""body"": ""Hi {first_name}, open to a 10‑minute chat?""}"
"{""status"": ""new"", ""last_touch_days"": 0, ""owner"": ""System""}","[""email"", ""phone"", ""crm""]",2025-08-14,"Hi, this is {agent} with {brand} — do you have a minute?",Outreach,out-0053,"{""subject"": ""Quick intro — local partnership"", ""body"": ""Hi {first_name}, open to a 10‑minute chat?""}"
"{""status"": ""new"", ""last_touch_days"": 0, ""owner"": ""System""}","[""email"", ""phone"", ""crm""]",2025-08-14,"Hi, this is {agent} with {brand} — do you have a minute?",Outreach,out-0054,"{""subject"": ""Quick intro — local partnership"", ""body"": ""Hi {first_name}, open to a 10‑minute chat?""}"
"{""status"": ""new"", ""last_touch_days"": 0, ""owner"": ""System""}","[""email"", ""phone"", ""crm""]",2025-08-14,"Hi, this is {agent} with {brand} — do you have a minute?",Outreach,out-0055,"{""subject"": ""Quick intro — local partnership"", ""body"": ""Hi {first_name}, open to a 10‑minute chat?""}"
"{""status"": ""new"", ""last_touch_days"": 0, ""owner"": ""System""}","[""email"", ""phone"", ""crm""]",2025-08-14,"Hi, this is {agent} with {brand} — do you have a minute?",Outreach,out-0056,"{""subject"": ""Quick intro — local partnership"", ""body"": ""Hi {first_name}, open to a 10‑minute chat?""}"
"{""status"": ""new"", ""last_touch_days"": 0, ""owner"": ""System""}","[""email"", ""phone"", ""crm""]",2025-08-14,"Hi, this is {agent} with {brand} — do you have a minute?",Outreach,out-0057,"{""subject"": ""Quick intro — local partnership"", ""body"": ""Hi {first_name}, open to a 10‑minute chat?""}"
"{""status"": ""new"", ""last_touch_days"": 0, ""owner"": ""System""}","[""email"", ""phone"", ""crm""]",2025-08-14,"Hi, this is {agent} with {brand} — do you have a minute?",Outreach,out-0058,"{""subject"": ""Quick intro — local partnership"", ""body"": ""Hi {first_name}, open to a 10‑minute chat?""}"
"{""status"": ""new"", ""last_touch_days"": 0, ""owner"": ""System""}","[""email"", ""phone"", ""crm""]",2025-08-14,"Hi, this is {agent} with {brand} — do you have a minute?",Outreach,out-0059,"{""subject"": ""Quick intro — local partnership"", ""body"": ""Hi {first_name}, open to a 10‑minute chat?""}"
"{""status"": ""new"", ""last_touch_days"": 0, ""owner"": ""System""}","[""email"", ""phone"", ""crm""]",2025-08-14,"Hi, this is {agent} with {brand} — do you have a minute?",Outreach,out-0060,"{""subject"": ""Quick intro — local partnership"", ""body"": ""Hi {first_name}, open to a 10‑minute chat?""}"
"{""status"": ""new"", ""last_touch_days"": 0, ""owner"": ""System""}","[""email"", ""phone"", ""crm""]",2025-08-14,"Hi, this is {agent} with {brand} — do you have a minute?",Outreach,out-0061,"{""subject"": ""Quick intro — local partnership"", ""body"": ""Hi {first_name}, open to a 10‑minute chat?""}"
"{""status"": ""new"", ""last_touch_days"": 0, ""owner"": ""System""}","[""email"", ""phone"", ""crm""]",2025-08-14,"Hi, this is {agent} with {brand} — do you have a minute?",Outreach,out-0062,"{""subject"": ""Quick intro — local partnership"", ""body"": ""Hi {first_name}, open to a 10‑minute chat?""}"
"{""status"": ""new"", ""last_touch_days"": 0, ""owner"": ""System""}","[""email"", ""phone"", ""crm""]",2025-08-14,"Hi, this is {agent} with {brand} — do you have a minute?",Outreach,out-0063,"{""subject"": ""Quick intro — local partnership"", ""body"": ""Hi {first_name}, open to a 10‑minute chat?""}"
"{""status"": ""new"", ""last_touch_days"": 0, ""owner"": ""System""}","[""email"", ""phone"", ""crm""]",2025-08-14,"Hi, this is {agent} with {brand} — do you have a minute?",Outreach,out-0064,"{""subject"": ""Quick intro — local partnership"", ""body"": ""Hi {first_name}, open to a 10‑minute chat?""}"
"{""status"": ""new"", ""last_touch_days"": 0, ""owner"": ""System""}","[""email"", ""phone"", ""crm""]",2025-08-14,"Hi, this is {agent} with {brand} — do you have a minute?",Outreach,out-0065,"{""subject"": ""Quick intro — local partnership"", ""body"": ""Hi {first_name}, open to a 10‑minute chat?""}"
"{""status"": ""new"", ""last_touch_days"": 0, ""owner"": ""System""}","[""email"", ""phone"", ""crm""]",2025-08-14,"Hi, this is {agent} with {brand} — do you have a minute?",Outreach,out-0066,"{""subject"": ""Quick intro — local partnership"", ""body"": ""Hi {first_name}, open to a 10‑minute chat?""}"
"{""status"": ""new"", ""last_touch_days"": 0, ""owner"": ""System""}","[""email"", ""phone"", ""crm""]",2025-08-14,"Hi, this is {agent} with {brand} — do you have a minute?",Outreach,out-0067,"{""subject"": ""Quick intro — local partnership"", ""body"": ""Hi {first_name}, open to a 10‑minute chat?""}"
"{""status"": ""new"", ""last_touch_days"": 0, ""owner"": ""System""}","[""email"", ""phone"", ""crm""]",2025-08-14,"Hi, this is {agent} with {brand} — do you have a minute?",Outreach,out-0068,"{""subject"": ""Quick intro — local partnership"", ""body"": ""Hi {first_name}, open to a 10‑minute chat?""}"
"{""status"": ""new"", ""last_touch_days"": 0, ""owner"": ""System""}","[""email"", ""phone"", ""crm""]",2025-08-14,"Hi, this is {agent} with {brand} — do you have a minute?",Outreach,out-0069,"{""subject"": ""Quick intro — local partnership"", ""body"": ""Hi {first_name}, open to a 10‑minute chat?""}"
"{""status"": ""new"", ""last_touch_days"": 0, ""owner"": ""System""}","[""email"", ""phone"", ""crm""]",2025-08-14,"Hi, this is {agent} with {brand} — do you have a minute?",Outreach,out-0070,"{""subject"": ""Quick intro — local partnership"", ""body"": ""Hi {first_name}, open to a 10‑minute chat?""}"
"{""status"": ""new"", ""last_touch_days"": 0, ""owner"": ""System""}","[""email"", ""phone"", ""crm""]",2025-08-14,"Hi, this is {agent} with {brand} — do you have a minute?",Outreach,out-0071,"{""subject"": ""Quick intro — local partnership"", ""body"": ""Hi {first_name}, open to a 10‑minute chat?""}"
"{""status"": ""new"", ""last_touch_days"": 0, ""owner"": ""System""}","[""email"", ""phone"", ""crm""]",2025-08-14,"Hi, this is {agent} with {brand} — do you have a minute?",Outreach,out-0072,"{""subject"": ""Quick intro — local partnership"", ""body"": ""Hi {first_name}, open to a 10‑minute chat?""}"
"{""status"": ""new"", ""last_touch_days"": 0, ""owner"": ""System""}","[""email"", ""phone"", ""crm""]",2025-08-14,"Hi, this is {agent} with {brand} — do you have a minute?",Outreach,out-0073,"{""subject"": ""Quick intro — local partnership"", ""body"": ""Hi {first_name}, open to a 10‑minute chat?""}"
"{""status"": ""new"", ""last_touch_days"": 0, ""owner"": ""System""}","[""email"", ""phone"", ""crm""]",2025-08-14,"Hi, this is {agent} with {brand} — do you have a minute?",Outreach,out-0074,"{""subject"": ""Quick intro — local partnership"", ""body"": ""Hi {first_name}, open to a 10‑minute chat?""}"
"{""status"": ""new"", ""last_touch_days"": 0, ""owner"": ""System""}","[""email"", ""phone"", ""crm""]",2025-08-14,"Hi, this is {agent} with {brand} — do you have a minute?",Outreach,out-0075,"{""subject"": ""Quick intro — local partnership"", ""body"": ""Hi {first_name}, open to a 10‑minute chat?""}"
"{""status"": ""new"", ""last_touch_days"": 0, ""owner"": ""System""}","[""email"", ""phone"", ""crm""]",2025-08-14,"Hi, this is {agent} with {brand} — do you have a minute?",Outreach,out-0076,"{""subject"": ""Quick intro — local partnership"", ""body"": ""Hi {first_name}, open to a 10‑minute chat?""}"
"{""status"": ""new"", ""last_touch_days"": 0, ""owner"": ""System""}","[""email"", ""phone"", ""crm""]",2025-08-14,"Hi, this is {agent} with {brand} — do you have a minute?",Outreach,out-0077,"{""subject"": ""Quick intro — local partnership"", ""body"": ""Hi {first_name}, open to a 10‑minute chat?""}"
"{""status"": ""new"", ""last_touch_days"": 0, ""owner"": ""System""}","[""email"", ""phone"", ""crm""]",2025-08-14,"Hi, this is {agent} with {brand} — do you have a minute?",Outreach,out-0078,"{""subject"": ""Quick intro — local partnership"", ""body"": ""Hi {first_name}, open to a 10‑minute chat?""}"
"{""status"": ""new"", ""last_touch_days"": 0, ""owner"": ""System""}","[""email"", ""phone"", ""crm""]",2025-08-14,"Hi, this is {agent} with {brand} — do you have a minute?",Outreach,out-0079,"{""subject"": ""Quick intro — local partnership"", ""body"": ""Hi {first_name}, open to a 10‑minute chat?""}"
"{""status"": ""new"", ""last_touch_days"": 0, ""owner"": ""System""}","[""email"", ""phone"", ""crm""]",2025-08-14,"Hi, this is {agent} with {brand} — do you have a minute?",Outreach,out-0080,"{""subject"": ""Quick intro — local partnership"", ""body"": ""Hi {first_name}, open to a 10‑minute chat?""}"
"{""status"": ""new"", ""last_touch_days"": 0, ""owner"": ""System""}","[""email"", ""phone"", ""crm""]",2025-08-14,"Hi, this is {agent} with {brand} — do you have a minute?",Outreach,out-0081,"{""subject"": ""Quick intro — local partnership"", ""body"": ""Hi {first_name}, open to a 10‑minute chat?""}"
"{""status"": ""new"", ""last_touch_days"": 0, ""owner"": ""System""}","[""email"", ""phone"", ""crm""]",2025-08-14,"Hi, this is {agent} with {brand} — do you have a minute?",Outreach,out-0082,"{""subject"": ""Quick intro — local partnership"", ""body"": ""Hi {first_name}, open to a 10‑minute chat?""}"
"{""status"": ""new"", ""last_touch_days"": 0, ""owner"": ""System""}","[""email"", ""phone"", ""crm""]",2025-08-14,"Hi, this is {agent} with {brand} — do you have a minute?",Outreach,out-0083,"{""subject"": ""Quick intro — local partnership"", ""body"": ""Hi {first_name}, open to a 10‑minute chat?""}"
"{""status"": ""new"", ""last_touch_days"": 0, ""owner"": ""System""}","[""email"", ""phone"", ""crm""]",2025-08-14,"Hi, this is {agent} with {brand} — do you have a minute?",Outreach,out-0084,"{""subject"": ""Quick intro — local partnership"", ""body"": ""Hi {first_name}, open to a 10‑minute chat?""}"
"{""status"": ""new"", ""last_touch_days"": 0, ""owner"": ""System""}","[""email"", ""phone"", ""crm""]",2025-08-14,"Hi, this is {agent} with {brand} — do you have a minute?",Outreach,out-0085,"{""subject"": ""Quick intro — local partnership"", ""body"": ""Hi {first_name}, open to a 10‑minute chat?""}"
"{""status"": ""new"", ""last_touch_days"": 0, ""owner"": ""System""}","[""email"", ""phone"", ""crm""]",2025-08-14,"Hi, this is {agent} with {brand} — do you have a minute?",Outreach,out-0086,"{""subject"": ""Quick intro — local partnership"", ""body"": ""Hi {first_name}, open to a 10‑minute chat?""}"
"{""status"": ""new"", ""last_touch_days"": 0, ""owner"": ""System""}","[""email"", ""phone"", ""crm""]",2025-08-14,"Hi, this is {agent} with {brand} — do you have a minute?",Outreach,out-0087,"{""subject"": ""Quick intro — local partnership"", ""body"": ""Hi {first_name}, open to a 10‑minute chat?""}"
"{""status"": ""new"", ""last_touch_days"": 0, ""owner"": ""System""}","[""email"", ""phone"", ""crm""]",2025-08-14,"Hi, this is {agent} with {brand} — do you have a minute?",Outreach,out-0088,"{""subject"": ""Quick intro — local partnership"", ""body"": ""Hi {first_name}, open to a 10‑minute chat?""}"
"{""status"": ""new"", ""last_touch_days"": 0, ""owner"": ""System""}","[""email"", ""phone"", ""crm""]",2025-08-14,"Hi, this is {agent} with {brand} — do you have a minute?",Outreach,out-0089,"{""subject"": ""Quick intro — local partnership"", ""body"": ""Hi {first_name}, open to a 10‑minute chat?""}"
"{""status"": ""new"", ""last_touch_days"": 0, ""owner"": ""System""}","[""email"", ""phone"", ""crm""]",2025-08-14,"Hi, this is {agent} with {brand} — do you have a minute?",Outreach,out-0090,"{""subject"": ""Quick intro — local partnership"", ""body"": ""Hi {first_name}, open to a 10‑minute chat?""}"
"{""status"": ""new"", ""last_touch_days"": 0, ""owner"": ""System""}","[""email"", ""phone"", ""crm""]",2025-08-14,"Hi, this is {agent} with {brand} — do you have a minute?",Outreach,out-0091,"{""subject"": ""Quick intro — local partnership"", ""body"": ""Hi {first_name}, open to a 10‑minute chat?""}"
"{""status"": ""new"", ""last_touch_days"": 0, ""owner"": ""System""}","[""email"", ""phone"", ""crm""]",2025-08-14,"Hi, this is {agent} with {brand} — do you have a minute?",Outreach,out-0092,"{""subject"": ""Quick intro — local partnership"", ""body"": ""Hi {first_name}, open to a 10‑minute chat?""}"
"{""status"": ""new"", ""last_touch_days"": 0, ""owner"": ""System""}","[""email"", ""phone"", ""crm""]",2025-08-14,"Hi, this is {agent} with {brand} — do you have a minute?",Outreach,out-0093,"{""subject"": ""Quick intro — local partnership"", ""body"": ""Hi {first_name}, open to a 10‑minute chat?""}"
"{""status"": ""new"", ""last_touch_days"": 0, ""owner"": ""System""}","[""email"", ""phone"", ""crm""]",2025-08-14,"Hi, this is {agent} with {brand} — do you have a minute?",Outreach,out-0094,"{""subject"": ""Quick intro — local partnership"", ""body"": ""Hi {first_name}, open to a 10‑minute chat?""}"
"{""status"": ""new"", ""last_touch_days"": 0, ""owner"": ""System""}","[""email"", ""phone"", ""crm""]",2025-08-14,"Hi, this is {agent} with {brand} — do you have a minute?",Outreach,out-0095,"{""subject"": ""Quick intro — local partnership"", ""body"": ""Hi {first_name}, open to a 10‑minute chat?""}"
"{""status"": ""new"", ""last_touch_days"": 0, ""owner"": ""System""}","[""email"", ""phone"", ""crm""]",2025-08-14,"Hi, this is {agent} with {brand} — do you have a minute?",Outreach,out-0096,"{""subject"": ""Quick intro — local partnership"", ""body"": ""Hi {first_name}, open to a 10‑minute chat?""}"
"{""status"": ""new"", ""last_touch_days"": 0, ""owner"": ""System""}","[""email"", ""phone"", ""crm""]",2025-08-14,"Hi, this is {agent} with {brand} — do you have a minute?",Outreach,out-0097,"{""subject"": ""Quick intro — local partnership"", ""body"": ""Hi {first_name}, open to a 10‑minute chat?""}"
"{""status"": ""new"", ""last_touch_days"": 0, ""owner"": ""System""}","[""email"", ""phone"", ""crm""]",2025-08-14,"Hi, this is {agent} with {brand} — do you have a minute?",Outreach,out-0098,"{""subject"": ""Quick intro — local partnership"", ""body"": ""Hi {first_name}, open to a 10‑minute chat?""}"
"{""status"": ""new"", ""last_touch_days"": 0, ""owner"": ""System""}","[""email"", ""phone"", ""crm""]",2025-08-14,"Hi, this is {agent} with {brand} — do you have a minute?",Outreach,out-0099,"{""subject"": ""Quick intro — local partnership"", ""body"": ""Hi {first_name}, open to a 10‑minute chat?""}"
"{""status"": ""new"", ""last_touch_days"": 0, ""owner"": ""System""}","[""email"", ""phone"", ""crm""]",2025-08-14,"Hi, this is {agent} with {brand} — do you have a minute?",Outreach,out-0100,"{""subject"": ""Quick intro — local partnership"", ""body"": ""Hi {first_name}, open to a 10‑minute chat?""}"
"{""status"": ""new"", ""last_touch_days"": 0, ""owner"": ""System""}","[""email"", ""phone"", ""crm""]",2025-08-14,"Hi, this is {agent} with {brand} — do you have a minute?",Outreach,out-0101,"{""subject"": ""Quick intro — local partnership"", ""body"": ""Hi {first_name}, open to a 10‑minute chat?""}"
"{""status"": ""new"", ""last_touch_days"": 0, ""owner"": ""System""}","[""email"", ""phone"", ""crm""]",2025-08-14,"Hi, this is {agent} with {brand} — do you have a minute?",Outreach,out-0102,"{""subject"": ""Quick intro — local partnership"", ""body"": ""Hi {first_name}, open to a 10‑minute chat?""}"
"{""status"": ""new"", ""last_touch_days"": 0, ""owner"": ""System""}","[""email"", ""phone"", ""crm""]",2025-08-14,"Hi, this is {agent} with {brand} — do you have a minute?",Outreach,out-0103,"{""subject"": ""Quick intro — local partnership"", ""body"": ""Hi {first_name}, open to a 10‑minute chat?""}"
"{""status"": ""new"", ""last_touch_days"": 0, ""owner"": ""System""}","[""email"", ""phone"", ""crm""]",2025-08-14,"Hi, this is {agent} with {brand} — do you have a minute?",Outreach,out-0104,"{""subject"": ""Quick intro — local partnership"", ""body"": ""Hi {first_name}, open to a 10‑minute chat?""}"
"{""status"": ""new"", ""last_touch_days"": 0, ""owner"": ""System""}","[""email"", ""phone"", ""crm""]",2025-08-14,"Hi, this is {agent} with {brand} — do you have a minute?",Outreach,out-0105,"{""subject"": ""Quick intro — local partnership"", ""body"": ""Hi {first_name}, open to a 10‑minute chat?""}"
"{""status"": ""new"", ""last_touch_days"": 0, ""owner"": ""System""}","[""email"", ""phone"", ""crm""]",2025-08-14,"Hi, this is {agent} with {brand} — do you have a minute?",Outreach,out-0106,"{""subject"": ""Quick intro — local partnership"", ""body"": ""Hi {first_name}, open to a 10‑minute chat?""}"
"{""status"": ""new"", ""last_touch_days"": 0, ""owner"": ""System""}","[""email"", ""phone"", ""crm""]",2025-08-14,"Hi, this is {agent} with {brand} — do you have a minute?",Outreach,out-0107,"{""subject"": ""Quick intro — local partnership"", ""body"": ""Hi {first_name}, open to a 10‑minute chat?""}"
"{""status"": ""new"", ""last_touch_days"": 0, ""owner"": ""System""}","[""email"", ""phone"", ""crm""]",2025-08-14,"Hi, this is {agent} with {brand} — do you have a minute?",Outreach,out-0108,"{""subject"": ""Quick intro — local partnership"", ""body"": ""Hi {first_name}, open to a 10‑minute chat?""}"
"{""status"": ""new"", ""last_touch_days"": 0, ""owner"": ""System""}","[""email"", ""phone"", ""crm""]",2025-08-14,"Hi, this is {agent} with {brand} — do you have a minute?",Outreach,out-0109,"{""subject"": ""Quick intro — local partnership"", ""body"": ""Hi {first_name}, open to a 10‑minute chat?""}"
"{""status"": ""new"", ""last_touch_days"": 0, ""owner"": ""System""}","[""email"", ""phone"", ""crm""]",2025-08-14,"Hi, this is {agent} with {brand} — do you have a minute?",Outreach,out-0110,"{""subject"": ""Quick intro — local partnership"", ""body"": ""Hi {first_name}, open to a 10‑minute chat?""}"
"{""status"": ""new"", ""last_touch_days"": 0, ""owner"": ""System""}","[""email"", ""phone"", ""crm""]",2025-08-14,"Hi, this is {agent} with {brand} — do you have a minute?",Outreach,out-0111,"{""subject"": ""Quick intro — local partnership"", ""body"": ""Hi {first_name}, open to a 10‑minute chat?""}"
"{""status"": ""new"", ""last_touch_days"": 0, ""owner"": ""System""}","[""email"", ""phone"", ""crm""]",2025-08-14,"Hi, this is {agent} with {brand} — do you have a minute?",Outreach,out-0112,"{""subject"": ""Quick intro — local partnership"", ""body"": ""Hi {first_name}, open to a 10‑minute chat?""}"
"{""status"": ""new"", ""last_touch_days"": 0, ""owner"": ""System""}","[""email"", ""phone"", ""crm""]",2025-08-14,"Hi, this is {agent} with {brand} — do you have a minute?",Outreach,out-0113,"{""subject"": ""Quick intro — local partnership"", ""body"": ""Hi {first_name}, open to a 10‑minute chat?""}"
"{""status"": ""new"", ""last_touch_days"": 0, ""owner"": ""System""}","[""email"", ""phone"", ""crm""]",2025-08-14,"Hi, this is {agent} with {brand} — do you have a minute?",Outreach,out-0114,"{""subject"": ""Quick intro — local partnership"", ""body"": ""Hi {first_name}, open to a 10‑minute chat?""}"
"{""status"": ""new"", ""last_touch_days"": 0, ""owner"": ""System""}","[""email"", ""phone"", ""crm""]",2025-08-14,"Hi, this is {agent} with {brand} — do you have a minute?",Outreach,out-0115,"{""subject"": ""Quick intro — local partnership"", ""body"": ""Hi {first_name}, open to a 10‑minute chat?""}"
"{""status"": ""new"", ""last_touch_days"": 0, ""owner"": ""System""}","[""email"", ""phone"", ""crm""]",2025-08-14,"Hi, this is {agent} with {brand} — do you have a minute?",Outreach,out-0116,"{""subject"": ""Quick intro — local partnership"", ""body"": ""Hi {first_name}, open to a 10‑minute chat?""}"
"{""status"": ""new"", ""last_touch_days"": 0, ""owner"": ""System""}","[""email"", ""phone"", ""crm""]",2025-08-14,"Hi, this is {agent} with {brand} — do you have a minute?",Outreach,out-0117,"{""subject"": ""Quick intro — local partnership"", ""body"": ""Hi {first_name}, open to a 10‑minute chat?""}"
"{""status"": ""new"", ""last_touch_days"": 0, ""owner"": ""System""}","[""email"", ""phone"", ""crm""]",2025-08-14,"Hi, this is {agent} with {brand} — do you have a minute?",Outreach,out-0118,"{""subject"": ""Quick intro — local partnership"", ""body"": ""Hi {first_name}, open to a 10‑minute chat?""}"
"{""status"": ""new"", ""last_touch_days"": 0, ""owner"": ""System""}","[""email"", ""phone"", ""crm""]",2025-08-14,"Hi, this is {agent} with {brand} — do you have a minute?",Outreach,out-0119,"{""subject"": ""Quick intro — local partnership"", ""body"": ""Hi {first_name}, open to a 10‑minute chat?""}"
"{""status"": ""new"", ""last_touch_days"": 0, ""owner"": ""System""}","[""email"", ""phone"", ""crm""]",2025-08-14,"Hi, this is {agent} with {brand} — do you have a minute?",Outreach,out-0120,"{""subject"": ""Quick intro — local partnership"", ""body"": ""Hi {first_name}, open to a 10‑minute chat?""}"
"{""status"": ""new"", ""last_touch_days"": 0, ""owner"": ""System""}","[""email"", ""phone"", ""crm""]",2025-08-14,"Hi, this is {agent} with {brand} — do you have a minute?",Outreach,out-0121,"{""subject"": ""Quick intro — local partnership"", ""body"": ""Hi {first_name}, open to a 10‑minute chat?""}"
"{""status"": ""new"", ""last_touch_days"": 0, ""owner"": ""System""}","[""email"", ""phone"", ""crm""]",2025-08-14,"Hi, this is {agent} with {brand} — do you have a minute?",Outreach,out-0122,"{""subject"": ""Quick intro — local partnership"", ""body"": ""Hi {first_name}, open to a 10‑minute chat?""}"
"{""status"": ""new"", ""last_touch_days"": 0, ""owner"": ""System""}","[""email"", ""phone"", ""crm""]",2025-08-14,"Hi, this is {agent} with {brand} — do you have a minute?",Outreach,out-0123,"{""subject"": ""Quick intro — local partnership"", ""body"": ""Hi {first_name}, open to a 10‑minute chat?""}"
"{""status"": ""new"", ""last_touch_days"": 0, ""owner"": ""System""}","[""email"", ""phone"", ""crm""]",2025-08-14,"Hi, this is {agent} with {brand} — do you have a minute?",Outreach,out-0124,"{""subject"": ""Quick intro — local partnership"", ""body"": ""Hi {first_name}, open to a 10‑minute chat?""}"
"{""status"": ""new"", ""last_touch_days"": 0, ""owner"": ""System""}","[""email"", ""phone"", ""crm""]",2025-08-14,"Hi, this is {agent} with {brand} — do you have a minute?",Outreach,out-0125,"{""subject"": ""Quick intro — local partnership"", ""body"": ""Hi {first_name}, open to a 10‑minute chat?""}"
"{""status"": ""new"", ""last_touch_days"": 0, ""owner"": ""System""}","[""email"", ""phone"", ""crm""]",2025-08-14,"Hi, this is {agent} with {brand} — do you have a minute?",Outreach,out-0126,"{""subject"": ""Quick intro — local partnership"", ""body"": ""Hi {first_name}, open to a 10‑minute chat?""}"
"{""status"": ""new"", ""last_touch_days"": 0, ""owner"": ""System""}","[""email"", ""phone"", ""crm""]",2025-08-14,"Hi, this is {agent} with {brand} — do you have a minute?",Outreach,out-0127,"{""subject"": ""Quick intro — local partnership"", ""body"": ""Hi {first_name}, open to a 10‑minute chat?""}"
"{""status"": ""new"", ""last_touch_days"": 0, ""owner"": ""System""}","[""email"", ""phone"", ""crm""]",2025-08-14,"Hi, this is {agent} with {brand} — do you have a minute?",Outreach,out-0128,"{""subject"": ""Quick intro — local partnership"", ""body"": ""Hi {first_name}, open to a 10‑minute chat?""}"
"{""status"": ""new"", ""last_touch_days"": 0, ""owner"": ""System""}","[""email"", ""phone"", ""crm""]",2025-08-14,"Hi, this is {agent} with {brand} — do you have a minute?",Outreach,out-0129,"{""subject"": ""Quick intro — local partnership"", ""body"": ""Hi {first_name}, open to a 10‑minute chat?""}"
"{""status"": ""new"", ""last_touch_days"": 0, ""owner"": ""System""}","[""email"", ""phone"", ""crm""]",2025-08-14,"Hi, this is {agent} with {brand} — do you have a minute?",Outreach,out-0130,"{""subject"": ""Quick intro — local partnership"", ""body"": ""Hi {first_name}, open to a 10‑minute chat?""}"
"{""status"": ""new"", ""last_touch_days"": 0, ""owner"": ""System""}","[""email"", ""phone"", ""crm""]",2025-08-14,"Hi, this is {agent} with {brand} — do you have a minute?",Outreach,out-0131,"{""subject"": ""Quick intro — local partnership"", ""body"": ""Hi {first_name}, open to a 10‑minute chat?""}"
"{""status"": ""new"", ""last_touch_days"": 0, ""owner"": ""System""}","[""email"", ""phone"", ""crm""]",2025-08-14,"Hi, this is {agent} with {brand} — do you have a minute?",Outreach,out-0132,"{""subject"": ""Quick intro — local partnership"", ""body"": ""Hi {first_name}, open to a 10‑minute chat?""}"
"{""status"": ""new"", ""last_touch_days"": 0, ""owner"": ""System""}","[""email"", ""phone"", ""crm""]",2025-08-14,"Hi, this is {agent} with {brand} — do you have a minute?",Outreach,out-0133,"{""subject"": ""Quick intro — local partnership"", ""body"": ""Hi {first_name}, open to a 10‑minute chat?""}"
"{""status"": ""new"", ""last_touch_days"": 0, ""owner"": ""System""}","[""email"", ""phone"", ""crm""]",2025-08-14,"Hi, this is {agent} with {brand} — do you have a minute?",Outreach,out-0134,"{""subject"": ""Quick intro — local partnership"", ""body"": ""Hi {first_name}, open to a 10‑minute chat?""}"
"{""status"": ""new"", ""last_touch_days"": 0, ""owner"": ""System""}","[""email"", ""phone"", ""crm""]",2025-08-14,"Hi, this is {agent} with {brand} — do you have a minute?",Outreach,out-0135,"{""subject"": ""Quick intro — local partnership"", ""body"": ""Hi {first_name}, open to a 10‑minute chat?""}"
"{""status"": ""new"", ""last_touch_days"": 0, ""owner"": ""System""}","[""email"", ""phone"", ""crm""]",2025-08-14,"Hi, this is {agent} with {brand} — do you have a minute?",Outreach,out-0136,"{""subject"": ""Quick intro — local partnership"", ""body"": ""Hi {first_name}, open to a 10‑minute chat?""}"
"{""status"": ""new"", ""last_touch_days"": 0, ""owner"": ""System""}","[""email"", ""phone"", ""crm""]",2025-08-14,"Hi, this is {agent} with {brand} — do you have a minute?",Outreach,out-0137,"{""subject"": ""Quick intro — local partnership"", ""body"": ""Hi {first_name}, open to a 10‑minute chat?""}"
"{""status"": ""new"", ""last_touch_days"": 0, ""owner"": ""System""}","[""email"", ""phone"", ""crm""]",2025-08-14,"Hi, this is {agent} with {brand} — do you have a minute?",Outreach,out-0138,"{""subject"": ""Quick intro — local partnership"", ""body"": ""Hi {first_name}, open to a 10‑minute chat?""}"
"{""status"": ""new"", ""last_touch_days"": 0, ""owner"": ""System""}","[""email"", ""phone"", ""crm""]",2025-08-14,"Hi, this is {agent} with {brand} — do you have a minute?",Outreach,out-0139,"{""subject"": ""Quick intro — local partnership"", ""body"": ""Hi {first_name}, open to a 10‑minute chat?""}"
"{""status"": ""new"", ""last_touch_days"": 0, ""owner"": ""System""}","[""email"", ""phone"", ""crm""]",2025-08-14,"Hi, this is {agent} with {brand} — do you have a minute?",Outreach,out-0140,"{""subject"": ""Quick intro — local partnership"", ""body"": ""Hi {first_name}, open to a 10‑minute chat?""}"
"{""status"": ""new"", ""last_touch_days"": 0, ""owner"": ""System""}","[""email"", ""phone"", ""crm""]",2025-08-14,"Hi, this is {agent} with {brand} — do you have a minute?",Outreach,out-0141,"{""subject"": ""Quick intro — local partnership"", ""body"": ""Hi {first_name}, open to a 10‑minute chat?""}"
"{""status"": ""new"", ""last_touch_days"": 0, ""owner"": ""System""}","[""email"", ""phone"", ""crm""]",2025-08-14,"Hi, this is {agent} with {brand} — do you have a minute?",Outreach,out-0142,"{""subject"": ""Quick intro — local partnership"", ""body"": ""Hi {first_name}, open to a 10‑minute chat?""}"
"{""status"": ""new"", ""last_touch_days"": 0, ""owner"": ""System""}","[""email"", ""phone"", ""crm""]",2025-08-14,"Hi, this is {agent} with {brand} — do you have a minute?",Outreach,out-0143,"{""subject"": ""Quick intro — local partnership"", ""body"": ""Hi {first_name}, open to a 10‑minute chat?""}"
"{""status"": ""new"", ""last_touch_days"": 0, ""owner"": ""System""}","[""email"", ""phone"", ""crm""]",2025-08-14,"Hi, this is {agent} with {brand} — do you have a minute?",Outreach,out-0144,"{""subject"": ""Quick intro — local partnership"", ""body"": ""Hi {first_name}, open to a 10‑minute chat?""}"
"{""status"": ""new"", ""last_touch_days"": 0, ""owner"": ""System""}","[""email"", ""phone"", ""crm""]",2025-08-14,"Hi, this is {agent} with {brand} — do you have a minute?",Outreach,out-0145,"{""subject"": ""Quick intro — local partnership"", ""body"": ""Hi {first_name}, open to a 10‑minute chat?""}"
"{""status"": ""new"", ""last_touch_days"": 0, ""owner"": ""System""}","[""email"", ""phone"", ""crm""]",2025-08-14,"Hi, this is {agent} with {brand} — do you have a minute?",Outreach,out-0146,"{""subject"": ""Quick intro — local partnership"", ""body"": ""Hi {first_name}, open to a 10‑minute chat?""}"
"{""status"": ""new"", ""last_touch_days"": 0, ""owner"": ""System""}","[""email"", ""phone"", ""crm""]",2025-08-14,"Hi, this is {agent} with {brand} — do you have a minute?",Outreach,out-0147,"{""subject"": ""Quick intro — local partnership"", ""body"": ""Hi {first_name}, open to a 10‑minute chat?""}"
"{""status"": ""new"", ""last_touch_days"": 0, ""owner"": ""System""}","[""email"", ""phone"", ""crm""]",2025-08-14,"Hi, this is {agent} with {brand} — do you have a minute?",Outreach,out-0148,"{""subject"": ""Quick intro — local partnership"", ""body"": ""Hi {first_name}, open to a 10‑minute chat?""}"
"{""status"": ""new"", ""last_touch_days"": 0, ""owner"": ""System""}","[""email"", ""phone"", ""crm""]",2025-08-14,"Hi, this is {agent} with {brand} — do you have a minute?",Outreach,out-0149,"{""subject"": ""Quick intro — local partnership"", ""body"": ""Hi {first_name}, open to a 10‑minute chat?""}"
"{""status"": ""new"", ""last_touch_days"": 0, ""owner"": ""System""}","[""email"", ""phone"", ""crm""]",2025-08-14,"Hi, this is {agent} with {brand} — do you have a minute?",Outreach,out-0150,"{""subject"": ""Quick intro — local partnership"", ""body"": ""Hi {first_name}, open to a 10‑minute chat?""}"
"{""status"": ""new"", ""last_touch_days"": 0, ""owner"": ""System""}","[""email"", ""phone"", ""crm""]",2025-08-14,"Hi, this is {agent} with {brand} — do you have a minute?",Outreach,out-0151,"{""subject"": ""Quick intro — local partnership"", ""body"": ""Hi {first_name}, open to a 10‑minute chat?""}"
"{""status"": ""new"", ""last_touch_days"": 0, ""owner"": ""System""}","[""email"", ""phone"", ""crm""]",2025-08-14,"Hi, this is {agent} with {brand} — do you have a minute?",Outreach,out-0152,"{""subject"": ""Quick intro — local partnership"", ""body"": ""Hi {first_name}, open to a 10‑minute chat?""}"
"{""status"": ""new"", ""last_touch_days"": 0, ""owner"": ""System""}","[""email"", ""phone"", ""crm""]",2025-08-14,"Hi, this is {agent} with {brand} — do you have a minute?",Outreach,out-0153,"{""subject"": ""Quick intro — local partnership"", ""body"": ""Hi {first_name}, open to a 10‑minute chat?""}"
"{""status"": ""new"", ""last_touch_days"": 0, ""owner"": ""System""}","[""email"", ""phone"", ""crm""]",2025-08-14,"Hi, this is {agent} with {brand} — do you have a minute?",Outreach,out-0154,"{""subject"": ""Quick intro — local partnership"", ""body"": ""Hi {first_name}, open to a 10‑minute chat?""}"
"{""status"": ""new"", ""last_touch_days"": 0, ""owner"": ""System""}","[""email"", ""phone"", ""crm""]",2025-08-14,"Hi, this is {agent} with {brand} — do you have a minute?",Outreach,out-0155,"{""subject"": ""Quick intro — local partnership"", ""body"": ""Hi {first_name}, open to a 10‑minute chat?""}"
"{""status"": ""new"", ""last_touch_days"": 0, ""owner"": ""System""}","[""email"", ""phone"", ""crm""]",2025-08-14,"Hi, this is {agent} with {brand} — do you have a minute?",Outreach,out-0156,"{""subject"": ""Quick intro — local partnership"", ""body"": ""Hi {first_name}, open to a 10‑minute chat?""}"
"{""status"": ""new"", ""last_touch_days"": 0, ""owner"": ""System""}","[""email"", ""phone"", ""crm""]",2025-08-14,"Hi, this is {agent} with {brand} — do you have a minute?",Outreach,out-0157,"{""subject"": ""Quick intro — local partnership"", ""body"": ""Hi {first_name}, open to a 10‑minute chat?""}"
"{""status"": ""new"", ""last_touch_days"": 0, ""owner"": ""System""}","[""email"", ""phone"", ""crm""]",2025-08-14,"Hi, this is {agent} with {brand} — do you have a minute?",Outreach,out-0158,"{""subject"": ""Quick intro — local partnership"", ""body"": ""Hi {first_name}, open to a 10‑minute chat?""}"
"{""status"": ""new"", ""last_touch_days"": 0, ""owner"": ""System""}","[""email"", ""phone"", ""crm""]",2025-08-14,"Hi, this is {agent} with {brand} — do you have a minute?",Outreach,out-0159,"{""subject"": ""Quick intro — local partnership"", ""body"": ""Hi {first_name}, open to a 10‑minute chat?""}"
"{""status"": ""new"", ""last_touch_days"": 0, ""owner"": ""System""}","[""email"", ""phone"", ""crm""]",2025-08-14,"Hi, this is {agent} with {brand} — do you have a minute?",Outreach,out-0160,"{""subject"": ""Quick intro — local partnership"", ""body"": ""Hi {first_name}, open to a 10‑minute chat?""}"
"{""status"": ""new"", ""last_touch_days"": 0, ""owner"": ""System""}","[""email"", ""phone"", ""crm""]",2025-08-14,"Hi, this is {agent} with {brand} — do you have a minute?",Outreach,out-0161,"{""subject"": ""Quick intro — local partnership"", ""body"": ""Hi {first_name}, open to a 10‑minute chat?""}"
"{""status"": ""new"", ""last_touch_days"": 0, ""owner"": ""System""}","[""email"", ""phone"", ""crm""]",2025-08-14,"Hi, this is {agent} with {brand} — do you have a minute?",Outreach,out-0162,"{""subject"": ""Quick intro — local partnership"", ""body"": ""Hi {first_name}, open to a 10‑minute chat?""}"
"{""status"": ""new"", ""last_touch_days"": 0, ""owner"": ""System""}","[""email"", ""phone"", ""crm""]",2025-08-14,"Hi, this is {agent} with {brand} — do you have a minute?",Outreach,out-0163,"{""subject"": ""Quick intro — local partnership"", ""body"": ""Hi {first_name}, open to a 10‑minute chat?""}"
"{""status"": ""new"", ""last_touch_days"": 0, ""owner"": ""System""}","[""email"", ""phone"", ""crm""]",2025-08-14,"Hi, this is {agent} with {brand} — do you have a minute?",Outreach,out-0164,"{""subject"": ""Quick intro — local partnership"", ""body"": ""Hi {first_name}, open to a 10‑minute chat?""}"
"{""status"": ""new"", ""last_touch_days"": 0, ""owner"": ""System""}","[""email"", ""phone"", ""crm""]",2025-08-14,"Hi, this is {agent} with {brand} — do you have a minute?",Outreach,out-0165,"{""subject"": ""Quick intro — local partnership"", ""body"": ""Hi {first_name}, open to a 10‑minute chat?""}"
"{""status"": ""new"", ""last_touch_days"": 0, ""owner"": ""System""}","[""email"", ""phone"", ""crm""]",2025-08-14,"Hi, this is {agent} with {brand} — do you have a minute?",Outreach,out-0166,"{""subject"": ""Quick intro — local partnership"", ""body"": ""Hi {first_name}, open to a 10‑minute chat?""}"
"{""status"": ""new"", ""last_touch_days"": 0, ""owner"": ""System""}","[""email"", ""phone"", ""crm""]",2025-08-14,"Hi, this is {agent} with {brand} — do you have a minute?",Outreach,out-0167,"{""subject"": ""Quick intro — local partnership"", ""body"": ""Hi {first_name}, open to a 10‑minute chat?""}"
"{""status"": ""new"", ""last_touch_days"": 0, ""owner"": ""System""}","[""email"", ""phone"", ""crm""]",2025-08-14,"Hi, this is {agent} with {brand} — do you have a minute?",Outreach,out-0168,"{""subject"": ""Quick intro — local partnership"", ""body"": ""Hi {first_name}, open to a 10‑minute chat?""}"
"{""status"": ""new"", ""last_touch_days"": 0, ""owner"": ""System""}","[""email"", ""phone"", ""crm""]",2025-08-14,"Hi, this is {agent} with {brand} — do you have a minute?",Outreach,out-0169,"{""subject"": ""Quick intro — local partnership"", ""body"": ""Hi {first_name}, open to a 10‑minute chat?""}"
"{""status"": ""new"", ""last_touch_days"": 0, ""owner"": ""System""}","[""email"", ""phone"", ""crm""]",2025-08-14,"Hi, this is {agent} with {brand} — do you have a minute?",Outreach,out-0170,"{""subject"": ""Quick intro — local partnership"", ""body"": ""Hi {first_name}, open to a 10‑minute chat?""}"
"{""status"": ""new"", ""last_touch_days"": 0, ""owner"": ""System""}","[""email"", ""phone"", ""crm""]",2025-08-14,"Hi, this is {agent} with {brand} — do you have a minute?",Outreach,out-0171,"{""subject"": ""Quick intro — local partnership"", ""body"": ""Hi {first_name}, open to a 10‑minute chat?""}"
"{""status"": ""new"", ""last_touch_days"": 0, ""owner"": ""System""}","[""email"", ""phone"", ""crm""]",2025-08-14,"Hi, this is {agent} with {brand} — do you have a minute?",Outreach,out-0172,"{""subject"": ""Quick intro — local partnership"", ""body"": ""Hi {first_name}, open to a 10‑minute chat?""}"
"{""status"": ""new"", ""last_touch_days"": 0, ""owner"": ""System""}","[""email"", ""phone"", ""crm""]",2025-08-14,"Hi, this is {agent} with {brand} — do you have a minute?",Outreach,out-0173,"{""subject"": ""Quick intro — local partnership"", ""body"": ""Hi {first_name}, open to a 10‑minute chat?""}"
"{""status"": ""new"", ""last_touch_days"": 0, ""owner"": ""System""}","[""email"", ""phone"", ""crm""]",2025-08-14,"Hi, this is {agent} with {brand} — do you have a minute?",Outreach,out-0174,"{""subject"": ""Quick intro — local partnership"", ""body"": ""Hi {first_name}, open to a 10‑minute chat?""}"
"{""status"": ""new"", ""last_touch_days"": 0, ""owner"": ""System""}","[""email"", ""phone"", ""crm""]",2025-08-14,"Hi, this is {agent} with {brand} — do you have a minute?",Outreach,out-0175,"{""subject"": ""Quick intro — local partnership"", ""body"": ""Hi {first_name}, open to a 10‑minute chat?""}"
"{""status"": ""new"", ""last_touch_days"": 0, ""owner"": ""System""}","[""email"", ""phone"", ""crm""]",2025-08-14,"Hi, this is {agent} with {brand} — do you have a minute?",Outreach,out-0176,"{""subject"": ""Quick intro — local partnership"", ""body"": ""Hi {first_name}, open to a 10‑minute chat?""}"
"{""status"": ""new"", ""last_touch_days"": 0, ""owner"": ""System""}","[""email"", ""phone"", ""crm""]",2025-08-14,"Hi, this is {agent} with {brand} — do you have a minute?",Outreach,out-0177,"{""subject"": ""Quick intro — local partnership"", ""body"": ""Hi {first_name}, open to a 10‑minute chat?""}"
"{""status"": ""new"", ""last_touch_days"": 0, ""owner"": ""System""}","[""email"", ""phone"", ""crm""]",2025-08-14,"Hi, this is {agent} with {brand} — do you have a minute?",Outreach,out-0178,"{""subject"": ""Quick intro — local partnership"", ""body"": ""Hi {first_name}, open to a 10‑minute chat?""}"
"{""status"": ""new"", ""last_touch_days"": 0, ""owner"": ""System""}","[""email"", ""phone"", ""crm""]",2025-08-14,"Hi, this is {agent} with {brand} — do you have a minute?",Outreach,out-0179,"{""subject"": ""Quick intro — local partnership"", ""body"": ""Hi {first_name}, open to a 10‑minute chat?""}"
"{""status"": ""new"", ""last_touch_days"": 0, ""owner"": ""System""}","[""email"", ""phone"", ""crm""]",2025-08-14,"Hi, this is {agent} with {brand} — do you have a minute?",Outreach,out-0180,"{""subject"": ""Quick intro — local partnership"", ""body"": ""Hi {first_name}, open to a 10‑minute chat?""}"
"{""status"": ""new"", ""last_touch_days"": 0, ""owner"": ""System""}","[""email"", ""phone"", ""crm""]",2025-08-14,"Hi, this is {agent} with {brand} — do you have a minute?",Outreach,out-0181,"{""subject"": ""Quick intro — local partnership"", ""body"": ""Hi {first_name}, open to a 10‑minute chat?""}"
"{""status"": ""new"", ""last_touch_days"": 0, ""owner"": ""System""}","[""email"", ""phone"", ""crm""]",2025-08-14,"Hi, this is {agent} with {brand} — do you have a minute?",Outreach,out-0182,"{""subject"": ""Quick intro — local partnership"", ""body"": ""Hi {first_name}, open to a 10‑minute chat?""}"
"{""status"": ""new"", ""last_touch_days"": 0, ""owner"": ""System""}","[""email"", ""phone"", ""crm""]",2025-08-14,"Hi, this is {agent} with {brand} — do you have a minute?",Outreach,out-0183,"{""subject"": ""Quick intro — local partnership"", ""body"": ""Hi {first_name}, open to a 10‑minute chat?""}"
"{""status"": ""new"", ""last_touch_days"": 0, ""owner"": ""System""}","[""email"", ""phone"", ""crm""]",2025-08-14,"Hi, this is {agent} with {brand} — do you have a minute?",Outreach,out-0184,"{""subject"": ""Quick intro — local partnership"", ""body"": ""Hi {first_name}, open to a 10‑minute chat?""}"
"{""status"": ""new"", ""last_touch_days"": 0, ""owner"": ""System""}","[""email"", ""phone"", ""crm""]",2025-08-14,"Hi, this is {agent} with {brand} — do you have a minute?",Outreach,out-0185,"{""subject"": ""Quick intro — local partnership"", ""body"": ""Hi {first_name}, open to a 10‑minute chat?""}"
"{""status"": ""new"", ""last_touch_days"": 0, ""owner"": ""System""}","[""email"", ""phone"", ""crm""]",2025-08-14,"Hi, this is {agent} with {brand} — do you have a minute?",Outreach,out-0186,"{""subject"": ""Quick intro — local partnership"", ""body"": ""Hi {first_name}, open to a 10‑minute chat?""}"
"{""status"": ""new"", ""last_touch_days"": 0, ""owner"": ""System""}","[""email"", ""phone"", ""crm""]",2025-08-14,"Hi, this is {agent} with {brand} — do you have a minute?",Outreach,out-0187,"{""subject"": ""Quick intro — local partnership"", ""body"": ""Hi {first_name}, open to a 10‑minute chat?""}"
"{""status"": ""new"", ""last_touch_days"": 0, ""owner"": ""System""}","[""email"", ""phone"", ""crm""]",2025-08-14,"Hi, this is {agent} with {brand} — do you have a minute?",Outreach,out-0188,"{""subject"": ""Quick intro — local partnership"", ""body"": ""Hi {first_name}, open to a 10‑minute chat?""}"
"{""status"": ""new"", ""last_touch_days"": 0, ""owner"": ""System""}","[""email"", ""phone"", ""crm""]",2025-08-14,"Hi, this is {agent} with {brand} — do you have a minute?",Outreach,out-0189,"{""subject"": ""Quick intro — local partnership"", ""body"": ""Hi {first_name}, open to a 10‑minute chat?""}"
"{""status"": ""new"", ""last_touch_days"": 0, ""owner"": ""System""}","[""email"", ""phone"", ""crm""]",2025-08-14,"Hi, this is {agent} with {brand} — do you have a minute?",Outreach,out-0190,"{""subject"": ""Quick intro — local partnership"", ""body"": ""Hi {first_name}, open to a 10‑minute chat?""}"
"{""status"": ""new"", ""last_touch_days"": 0, ""owner"": ""System""}","[""email"", ""phone"", ""crm""]",2025-08-14,"Hi, this is {agent} with {brand} — do you have a minute?",Outreach,out-0191,"{""subject"": ""Quick intro — local partnership"", ""body"": ""Hi {first_name}, open to a 10‑minute chat?""}"
"{""status"": ""new"", ""last_touch_days"": 0, ""owner"": ""System""}","[""email"", ""phone"", ""crm""]",2025-08-14,"Hi, this is {agent} with {brand} — do you have a minute?",Outreach,out-0192,"{""subject"": ""Quick intro — local partnership"", ""body"": ""Hi {first_name}, open to a 10‑minute chat?""}"
"{""status"": ""new"", ""last_touch_days"": 0, ""owner"": ""System""}","[""email"", ""phone"", ""crm""]",2025-08-14,"Hi, this is {agent} with {brand} — do you have a minute?",Outreach,out-0193,"{""subject"": ""Quick intro — local partnership"", ""body"": ""Hi {first_name}, open to a 10‑minute chat?""}"
"{""status"": ""new"", ""last_touch_days"": 0, ""owner"": ""System""}","[""email"", ""phone"", ""crm""]",2025-08-14,"Hi, this is {agent} with {brand} — do you have a minute?",Outreach,out-0194,"{""subject"": ""Quick intro — local partnership"", ""body"": ""Hi {first_name}, open to a 10‑minute chat?""}"
"{""status"": ""new"", ""last_touch_days"": 0, ""owner"": ""System""}","[""email"", ""phone"", ""crm""]",2025-08-14,"Hi, this is {agent} with {brand} — do you have a minute?",Outreach,out-0195,"{""subject"": ""Quick intro — local partnership"", ""body"": ""Hi {first_name}, open to a 10‑minute chat?""}"
"{""status"": ""new"", ""last_touch_days"": 0, ""owner"": ""System""}","[""email"", ""phone"", ""crm""]",2025-08-14,"Hi, this is {agent} with {brand} — do you have a minute?",Outreach,out-0196,"{""subject"": ""Quick intro — local partnership"", ""body"": ""Hi {first_name}, open to a 10‑minute chat?""}"
"{""status"": ""new"", ""last_touch_days"": 0, ""owner"": ""System""}","[""email"", ""phone"", ""crm""]",2025-08-14,"Hi, this is {agent} with {brand} — do you have a minute?",Outreach,out-0197,"{""subject"": ""Quick intro — local partnership"", ""body"": ""Hi {first_name}, open to a 10‑minute chat?""}"
"{""status"": ""new"", ""last_touch_days"": 0, ""owner"": ""System""}","[""email"", ""phone"", ""crm""]",2025-08-14,"Hi, this is {agent} with {brand} — do you have a minute?",Outreach,out-0198,"{""subject"": ""Quick intro — local partnership"", ""body"": ""Hi {first_name}, open to a 10‑minute chat?""}"
"{""status"": ""new"", ""last_touch_days"": 0, ""owner"": ""System""}","[""email"", ""phone"", ""crm""]",2025-08-14,"Hi, this is {agent} with {brand} — do you have a minute?",Outreach,out-0199,"{""subject"": ""Quick intro — local partnership"", ""body"": ""Hi {first_name}, open to a 10‑minute chat?""}"
"{""status"": ""new"", ""last_touch_days"": 0, ""owner"": ""System""}","[""email"", ""phone"", ""crm""]",2025-08-14,"Hi, this is {agent} with {brand} — do you have a minute?",Outreach,out-0200,"{""subject"": ""Quick intro — local partnership"", ""body"": ""Hi {first_name}, open to a 10‑minute chat?""}"
"{""status"": ""new"", ""last_touch_days"": 0, ""owner"": ""System""}","[""email"", ""phone"", ""crm""]",2025-08-14,"Hi, this is {agent} with {brand} — do you have a minute?",Outreach,out-0201,"{""subject"": ""Quick intro — local partnership"", ""body"": ""Hi {first_name}, open to a 10‑minute chat?""}"
"{""status"": ""new"", ""last_touch_days"": 0, ""owner"": ""System""}","[""email"", ""phone"", ""crm""]",2025-08-14,"Hi, this is {agent} with {brand} — do you have a minute?",Outreach,out-0202,"{""subject"": ""Quick intro — local partnership"", ""body"": ""Hi {first_name}, open to a 10‑minute chat?""}"
"{""status"": ""new"", ""last_touch_days"": 0, ""owner"": ""System""}","[""email"", ""phone"", ""crm""]",2025-08-14,"Hi, this is {agent} with {brand} — do you have a minute?",Outreach,out-0203,"{""subject"": ""Quick intro — local partnership"", ""body"": ""Hi {first_name}, open to a 10‑minute chat?""}"
"{""status"": ""new"", ""last_touch_days"": 0, ""owner"": ""System""}","[""email"", ""phone"", ""crm""]",2025-08-14,"Hi, this is {agent} with {brand} — do you have a minute?",Outreach,out-0204,"{""subject"": ""Quick intro — local partnership"", ""body"": ""Hi {first_name}, open to a 10‑minute chat?""}"
"{""status"": ""new"", ""last_touch_days"": 0, ""owner"": ""System""}","[""email"", ""phone"", ""crm""]",2025-08-14,"Hi, this is {agent} with {brand} — do you have a minute?",Outreach,out-0205,"{""subject"": ""Quick intro — local partnership"", ""body"": ""Hi {first_name}, open to a 10‑minute chat?""}"
"{""status"": ""new"", ""last_touch_days"": 0, ""owner"": ""System""}","[""email"", ""phone"", ""crm""]",2025-08-14,"Hi, this is {agent} with {brand} — do you have a minute?",Outreach,out-0206,"{""subject"": ""Quick intro — local partnership"", ""body"": ""Hi {first_name}, open to a 10‑minute chat?""}"
"{""status"": ""new"", ""last_touch_days"": 0, ""owner"": ""System""}","[""email"", ""phone"", ""crm""]",2025-08-14,"Hi, this is {agent} with {brand} — do you have a minute?",Outreach,out-0207,"{""subject"": ""Quick intro — local partnership"", ""body"": ""Hi {first_name}, open to a 10‑minute chat?""}"
"{""status"": ""new"", ""last_touch_days"": 0, ""owner"": ""System""}","[""email"", ""phone"", ""crm""]",2025-08-14,"Hi, this is {agent} with {brand} — do you have a minute?",Outreach,out-0208,"{""subject"": ""Quick intro — local partnership"", ""body"": ""Hi {first_name}, open to a 10‑minute chat?""}"
"{""status"": ""new"", ""last_touch_days"": 0, ""owner"": ""System""}","[""email"", ""phone"", ""crm""]",2025-08-14,"Hi, this is {agent} with {brand} — do you have a minute?",Outreach,out-0209,"{""subject"": ""Quick intro — local partnership"", ""body"": ""Hi {first_name}, open to a 10‑minute chat?""}"
"{""status"": ""new"", ""last_touch_days"": 0, ""owner"": ""System""}","[""email"", ""phone"", ""crm""]",2025-08-14,"Hi, this is {agent} with {brand} — do you have a minute?",Outreach,out-0210,"{""subject"": ""Quick intro — local partnership"", ""body"": ""Hi {first_name}, open to a 10‑minute chat?""}"
"{""status"": ""new"", ""last_touch_days"": 0, ""owner"": ""System""}","[""email"", ""phone"", ""crm""]",2025-08-14,"Hi, this is {agent} with {brand} — do you have a minute?",Outreach,out-0211,"{""subject"": ""Quick intro — local partnership"", ""body"": ""Hi {first_name}, open to a 10‑minute chat?""}"
"{""status"": ""new"", ""last_touch_days"": 0, ""owner"": ""System""}","[""email"", ""phone"", ""crm""]",2025-08-14,"Hi, this is {agent} with {brand} — do you have a minute?",Outreach,out-0212,"{""subject"": ""Quick intro — local partnership"", ""body"": ""Hi {first_name}, open to a 10‑minute chat?""}"
"{""status"": ""new"", ""last_touch_days"": 0, ""owner"": ""System""}","[""email"", ""phone"", ""crm""]",2025-08-14,"Hi, this is {agent} with {brand} — do you have a minute?",Outreach,out-0213,"{""subject"": ""Quick intro — local partnership"", ""body"": ""Hi {first_name}, open to a 10‑minute chat?""}"
"{""status"": ""new"", ""last_touch_days"": 0, ""owner"": ""System""}","[""email"", ""phone"", ""crm""]",2025-08-14,"Hi, this is {agent} with {brand} — do you have a minute?",Outreach,out-0214,"{""subject"": ""Quick intro — local partnership"", ""body"": ""Hi {first_name}, open to a 10‑minute chat?""}"
"{""status"": ""new"", ""last_touch_days"": 0, ""owner"": ""System""}","[""email"", ""phone"", ""crm""]",2025-08-14,"Hi, this is {agent} with {brand} — do you have a minute?",Outreach,out-0215,"{""subject"": ""Quick intro — local partnership"", ""body"": ""Hi {first_name}, open to a 10‑minute chat?""}"
"{""status"": ""new"", ""last_touch_days"": 0, ""owner"": ""System""}","[""email"", ""phone"", ""crm""]",2025-08-14,"Hi, this is {agent} with {brand} — do you have a minute?",Outreach,out-0216,"{""subject"": ""Quick intro — local partnership"", ""body"": ""Hi {first_name}, open to a 10‑minute chat?""}"
"{""status"": ""new"", ""last_touch_days"": 0, ""owner"": ""System""}","[""email"", ""phone"", ""crm""]",2025-08-14,"Hi, this is {agent} with {brand} — do you have a minute?",Outreach,out-0217,"{""subject"": ""Quick intro — local partnership"", ""body"": ""Hi {first_name}, open to a 10‑minute chat?""}"
"{""status"": ""new"", ""last_touch_days"": 0, ""owner"": ""System""}","[""email"", ""phone"", ""crm""]",2025-08-14,"Hi, this is {agent} with {brand} — do you have a minute?",Outreach,out-0218,"{""subject"": ""Quick intro — local partnership"", ""body"": ""Hi {first_name}, open to a 10‑minute chat?""}"
"{""status"": ""new"", ""last_touch_days"": 0, ""owner"": ""System""}","[""email"", ""phone"", ""crm""]",2025-08-14,"Hi, this is {agent} with {brand} — do you have a minute?",Outreach,out-0219,"{""subject"": ""Quick intro — local partnership"", ""body"": ""Hi {first_name}, open to a 10‑minute chat?""}"
"{""status"": ""new"", ""last_touch_days"": 0, ""owner"": ""System""}","[""email"", ""phone"", ""crm""]",2025-08-14,"Hi, this is {agent} with {brand} — do you have a minute?",Outreach,out-0220,"{""subject"": ""Quick intro — local partnership"", ""body"": ""Hi {first_name}, open to a 10‑minute chat?""}"
