tags,last_updated,paytable,category,id,volatility,rtp
"[""paytable"", ""odds""]",2025-08-14,"[{""match"": 0, ""payout"": 0}, {""match"": 1, ""payout"": 1}, {""match"": 2, ""payout"": 4}, {""match"": 3, ""payout"": 9}, {""match"": 4, ""payout"": 16}, {""match"": 5, ""payout"": 25}, {""match"": 6, ""payout"": 36}, {""match"": 7, ""payout"": 49}, {""match"": 8, ""payout"": 64}, {""match"": 9, ""payout"": 81}]",Payout Logic,payout-0001,Medium,95.2
"[""paytable"", ""odds""]",2025-08-14,"[{""match"": 0, ""payout"": 0}, {""match"": 1, ""payout"": 1}, {""match"": 2, ""payout"": 4}, {""match"": 3, ""payout"": 9}, {""match"": 4, ""payout"": 16}, {""match"": 5, ""payout"": 25}, {""match"": 6, ""payout"": 36}, {""match"": 7, ""payout"": 49}, {""match"": 8, ""payout"": 64}, {""match"": 9, ""payout"": 81}]",Payout Logic,payout-0002,Medium,95.2
"[""paytable"", ""odds""]",2025-08-14,"[{""match"": 0, ""payout"": 0}, {""match"": 1, ""payout"": 1}, {""match"": 2, ""payout"": 4}, {""match"": 3, ""payout"": 9}, {""match"": 4, ""payout"": 16}, {""match"": 5, ""payout"": 25}, {""match"": 6, ""payout"": 36}, {""match"": 7, ""payout"": 49}, {""match"": 8, ""payout"": 64}, {""match"": 9, ""payout"": 81}]",Payout Logic,payout-0003,Very High,95.2
"[""paytable"", ""odds""]",2025-08-14,"[{""match"": 0, ""payout"": 0}, {""match"": 1, ""payout"": 1}, {""match"": 2, ""payout"": 4}, {""match"": 3, ""payout"": 9}, {""match"": 4, ""payout"": 16}, {""match"": 5, ""payout"": 25}, {""match"": 6, ""payout"": 36}, {""match"": 7, ""payout"": 49}, {""match"": 8, ""payout"": 64}, {""match"": 9, ""payout"": 81}]",Payout Logic,payout-0004,Very High,95.2
"[""paytable"", ""odds""]",2025-08-14,"[{""match"": 0, ""payout"": 0}, {""match"": 1, ""payout"": 1}, {""match"": 2, ""payout"": 4}, {""match"": 3, ""payout"": 9}, {""match"": 4, ""payout"": 16}, {""match"": 5, ""payout"": 25}, {""match"": 6, ""payout"": 36}, {""match"": 7, ""payout"": 49}, {""match"": 8, ""payout"": 64}, {""match"": 9, ""payout"": 81}]",Payout Logic,payout-0005,Low,95.2
"[""paytable"", ""odds""]",2025-08-14,"[{""match"": 0, ""payout"": 0}, {""match"": 1, ""payout"": 1}, {""match"": 2, ""payout"": 4}, {""match"": 3, ""payout"": 9}, {""match"": 4, ""payout"": 16}, {""match"": 5, ""payout"": 25}, {""match"": 6, ""payout"": 36}, {""match"": 7, ""payout"": 49}, {""match"": 8, ""payout"": 64}, {""match"": 9, ""payout"": 81}]",Payout Logic,payout-0006,Medium,95.2
"[""paytable"", ""odds""]",2025-08-14,"[{""match"": 0, ""payout"": 0}, {""match"": 1, ""payout"": 1}, {""match"": 2, ""payout"": 4}, {""match"": 3, ""payout"": 9}, {""match"": 4, ""payout"": 16}, {""match"": 5, ""payout"": 25}, {""match"": 6, ""payout"": 36}, {""match"": 7, ""payout"": 49}, {""match"": 8, ""payout"": 64}, {""match"": 9, ""payout"": 81}]",Payout Logic,payout-0007,Medium,95.2
"[""paytable"", ""odds""]",2025-08-14,"[{""match"": 0, ""payout"": 0}, {""match"": 1, ""payout"": 1}, {""match"": 2, ""payout"": 4}, {""match"": 3, ""payout"": 9}, {""match"": 4, ""payout"": 16}, {""match"": 5, ""payout"": 25}, {""match"": 6, ""payout"": 36}, {""match"": 7, ""payout"": 49}, {""match"": 8, ""payout"": 64}, {""match"": 9, ""payout"": 81}]",Payout Logic,payout-0008,High,95.2
"[""paytable"", ""odds""]",2025-08-14,"[{""match"": 0, ""payout"": 0}, {""match"": 1, ""payout"": 1}, {""match"": 2, ""payout"": 4}, {""match"": 3, ""payout"": 9}, {""match"": 4, ""payout"": 16}, {""match"": 5, ""payout"": 25}, {""match"": 6, ""payout"": 36}, {""match"": 7, ""payout"": 49}, {""match"": 8, ""payout"": 64}, {""match"": 9, ""payout"": 81}]",Payout Logic,payout-0009,Very High,95.2
"[""paytable"", ""odds""]",2025-08-14,"[{""match"": 0, ""payout"": 0}, {""match"": 1, ""payout"": 1}, {""match"": 2, ""payout"": 4}, {""match"": 3, ""payout"": 9}, {""match"": 4, ""payout"": 16}, {""match"": 5, ""payout"": 25}, {""match"": 6, ""payout"": 36}, {""match"": 7, ""payout"": 49}, {""match"": 8, ""payout"": 64}, {""match"": 9, ""payout"": 81}]",Payout Logic,payout-0010,High,95.2
"[""paytable"", ""odds""]",2025-08-14,"[{""match"": 0, ""payout"": 0}, {""match"": 1, ""payout"": 1}, {""match"": 2, ""payout"": 4}, {""match"": 3, ""payout"": 9}, {""match"": 4, ""payout"": 16}, {""match"": 5, ""payout"": 25}, {""match"": 6, ""payout"": 36}, {""match"": 7, ""payout"": 49}, {""match"": 8, ""payout"": 64}, {""match"": 9, ""payout"": 81}]",Payout Logic,payout-0011,High,95.2
"[""paytable"", ""odds""]",2025-08-14,"[{""match"": 0, ""payout"": 0}, {""match"": 1, ""payout"": 1}, {""match"": 2, ""payout"": 4}, {""match"": 3, ""payout"": 9}, {""match"": 4, ""payout"": 16}, {""match"": 5, ""payout"": 25}, {""match"": 6, ""payout"": 36}, {""match"": 7, ""payout"": 49}, {""match"": 8, ""payout"": 64}, {""match"": 9, ""payout"": 81}]",Payout Logic,payout-0012,Very High,95.2
"[""paytable"", ""odds""]",2025-08-14,"[{""match"": 0, ""payout"": 0}, {""match"": 1, ""payout"": 1}, {""match"": 2, ""payout"": 4}, {""match"": 3, ""payout"": 9}, {""match"": 4, ""payout"": 16}, {""match"": 5, ""payout"": 25}, {""match"": 6, ""payout"": 36}, {""match"": 7, ""payout"": 49}, {""match"": 8, ""payout"": 64}, {""match"": 9, ""payout"": 81}]",Payout Logic,payout-0013,Very High,95.2
"[""paytable"", ""odds""]",2025-08-14,"[{""match"": 0, ""payout"": 0}, {""match"": 1, ""payout"": 1}, {""match"": 2, ""payout"": 4}, {""match"": 3, ""payout"": 9}, {""match"": 4, ""payout"": 16}, {""match"": 5, ""payout"": 25}, {""match"": 6, ""payout"": 36}, {""match"": 7, ""payout"": 49}, {""match"": 8, ""payout"": 64}, {""match"": 9, ""payout"": 81}]",Payout Logic,payout-0014,Medium,95.2
"[""paytable"", ""odds""]",2025-08-14,"[{""match"": 0, ""payout"": 0}, {""match"": 1, ""payout"": 1}, {""match"": 2, ""payout"": 4}, {""match"": 3, ""payout"": 9}, {""match"": 4, ""payout"": 16}, {""match"": 5, ""payout"": 25}, {""match"": 6, ""payout"": 36}, {""match"": 7, ""payout"": 49}, {""match"": 8, ""payout"": 64}, {""match"": 9, ""payout"": 81}]",Payout Logic,payout-0015,Low,95.2
"[""paytable"", ""odds""]",2025-08-14,"[{""match"": 0, ""payout"": 0}, {""match"": 1, ""payout"": 1}, {""match"": 2, ""payout"": 4}, {""match"": 3, ""payout"": 9}, {""match"": 4, ""payout"": 16}, {""match"": 5, ""payout"": 25}, {""match"": 6, ""payout"": 36}, {""match"": 7, ""payout"": 49}, {""match"": 8, ""payout"": 64}, {""match"": 9, ""payout"": 81}]",Payout Logic,payout-0016,High,95.2
"[""paytable"", ""odds""]",2025-08-14,"[{""match"": 0, ""payout"": 0}, {""match"": 1, ""payout"": 1}, {""match"": 2, ""payout"": 4}, {""match"": 3, ""payout"": 9}, {""match"": 4, ""payout"": 16}, {""match"": 5, ""payout"": 25}, {""match"": 6, ""payout"": 36}, {""match"": 7, ""payout"": 49}, {""match"": 8, ""payout"": 64}, {""match"": 9, ""payout"": 81}]",Payout Logic,payout-0017,Very High,95.2
"[""paytable"", ""odds""]",2025-08-14,"[{""match"": 0, ""payout"": 0}, {""match"": 1, ""payout"": 1}, {""match"": 2, ""payout"": 4}, {""match"": 3, ""payout"": 9}, {""match"": 4, ""payout"": 16}, {""match"": 5, ""payout"": 25}, {""match"": 6, ""payout"": 36}, {""match"": 7, ""payout"": 49}, {""match"": 8, ""payout"": 64}, {""match"": 9, ""payout"": 81}]",Payout Logic,payout-0018,Very High,95.2
"[""paytable"", ""odds""]",2025-08-14,"[{""match"": 0, ""payout"": 0}, {""match"": 1, ""payout"": 1}, {""match"": 2, ""payout"": 4}, {""match"": 3, ""payout"": 9}, {""match"": 4, ""payout"": 16}, {""match"": 5, ""payout"": 25}, {""match"": 6, ""payout"": 36}, {""match"": 7, ""payout"": 49}, {""match"": 8, ""payout"": 64}, {""match"": 9, ""payout"": 81}]",Payout Logic,payout-0019,Medium,95.2
"[""paytable"", ""odds""]",2025-08-14,"[{""match"": 0, ""payout"": 0}, {""match"": 1, ""payout"": 1}, {""match"": 2, ""payout"": 4}, {""match"": 3, ""payout"": 9}, {""match"": 4, ""payout"": 16}, {""match"": 5, ""payout"": 25}, {""match"": 6, ""payout"": 36}, {""match"": 7, ""payout"": 49}, {""match"": 8, ""payout"": 64}, {""match"": 9, ""payout"": 81}]",Payout Logic,payout-0020,Very High,95.2
"[""paytable"", ""odds""]",2025-08-14,"[{""match"": 0, ""payout"": 0}, {""match"": 1, ""payout"": 1}, {""match"": 2, ""payout"": 4}, {""match"": 3, ""payout"": 9}, {""match"": 4, ""payout"": 16}, {""match"": 5, ""payout"": 25}, {""match"": 6, ""payout"": 36}, {""match"": 7, ""payout"": 49}, {""match"": 8, ""payout"": 64}, {""match"": 9, ""payout"": 81}]",Payout Logic,payout-0021,Medium,95.2
"[""paytable"", ""odds""]",2025-08-14,"[{""match"": 0, ""payout"": 0}, {""match"": 1, ""payout"": 1}, {""match"": 2, ""payout"": 4}, {""match"": 3, ""payout"": 9}, {""match"": 4, ""payout"": 16}, {""match"": 5, ""payout"": 25}, {""match"": 6, ""payout"": 36}, {""match"": 7, ""payout"": 49}, {""match"": 8, ""payout"": 64}, {""match"": 9, ""payout"": 81}]",Payout Logic,payout-0022,Low,95.2
"[""paytable"", ""odds""]",2025-08-14,"[{""match"": 0, ""payout"": 0}, {""match"": 1, ""payout"": 1}, {""match"": 2, ""payout"": 4}, {""match"": 3, ""payout"": 9}, {""match"": 4, ""payout"": 16}, {""match"": 5, ""payout"": 25}, {""match"": 6, ""payout"": 36}, {""match"": 7, ""payout"": 49}, {""match"": 8, ""payout"": 64}, {""match"": 9, ""payout"": 81}]",Payout Logic,payout-0023,Very High,95.2
"[""paytable"", ""odds""]",2025-08-14,"[{""match"": 0, ""payout"": 0}, {""match"": 1, ""payout"": 1}, {""match"": 2, ""payout"": 4}, {""match"": 3, ""payout"": 9}, {""match"": 4, ""payout"": 16}, {""match"": 5, ""payout"": 25}, {""match"": 6, ""payout"": 36}, {""match"": 7, ""payout"": 49}, {""match"": 8, ""payout"": 64}, {""match"": 9, ""payout"": 81}]",Payout Logic,payout-0024,Low,95.2
"[""paytable"", ""odds""]",2025-08-14,"[{""match"": 0, ""payout"": 0}, {""match"": 1, ""payout"": 1}, {""match"": 2, ""payout"": 4}, {""match"": 3, ""payout"": 9}, {""match"": 4, ""payout"": 16}, {""match"": 5, ""payout"": 25}, {""match"": 6, ""payout"": 36}, {""match"": 7, ""payout"": 49}, {""match"": 8, ""payout"": 64}, {""match"": 9, ""payout"": 81}]",Payout Logic,payout-0025,Low,95.2
"[""paytable"", ""odds""]",2025-08-14,"[{""match"": 0, ""payout"": 0}, {""match"": 1, ""payout"": 1}, {""match"": 2, ""payout"": 4}, {""match"": 3, ""payout"": 9}, {""match"": 4, ""payout"": 16}, {""match"": 5, ""payout"": 25}, {""match"": 6, ""payout"": 36}, {""match"": 7, ""payout"": 49}, {""match"": 8, ""payout"": 64}, {""match"": 9, ""payout"": 81}]",Payout Logic,payout-0026,Medium,95.2
"[""paytable"", ""odds""]",2025-08-14,"[{""match"": 0, ""payout"": 0}, {""match"": 1, ""payout"": 1}, {""match"": 2, ""payout"": 4}, {""match"": 3, ""payout"": 9}, {""match"": 4, ""payout"": 16}, {""match"": 5, ""payout"": 25}, {""match"": 6, ""payout"": 36}, {""match"": 7, ""payout"": 49}, {""match"": 8, ""payout"": 64}, {""match"": 9, ""payout"": 81}]",Payout Logic,payout-0027,Medium,95.2
"[""paytable"", ""odds""]",2025-08-14,"[{""match"": 0, ""payout"": 0}, {""match"": 1, ""payout"": 1}, {""match"": 2, ""payout"": 4}, {""match"": 3, ""payout"": 9}, {""match"": 4, ""payout"": 16}, {""match"": 5, ""payout"": 25}, {""match"": 6, ""payout"": 36}, {""match"": 7, ""payout"": 49}, {""match"": 8, ""payout"": 64}, {""match"": 9, ""payout"": 81}]",Payout Logic,payout-0028,High,95.2
"[""paytable"", ""odds""]",2025-08-14,"[{""match"": 0, ""payout"": 0}, {""match"": 1, ""payout"": 1}, {""match"": 2, ""payout"": 4}, {""match"": 3, ""payout"": 9}, {""match"": 4, ""payout"": 16}, {""match"": 5, ""payout"": 25}, {""match"": 6, ""payout"": 36}, {""match"": 7, ""payout"": 49}, {""match"": 8, ""payout"": 64}, {""match"": 9, ""payout"": 81}]",Payout Logic,payout-0029,High,95.2
"[""paytable"", ""odds""]",2025-08-14,"[{""match"": 0, ""payout"": 0}, {""match"": 1, ""payout"": 1}, {""match"": 2, ""payout"": 4}, {""match"": 3, ""payout"": 9}, {""match"": 4, ""payout"": 16}, {""match"": 5, ""payout"": 25}, {""match"": 6, ""payout"": 36}, {""match"": 7, ""payout"": 49}, {""match"": 8, ""payout"": 64}, {""match"": 9, ""payout"": 81}]",Payout Logic,payout-0030,Low,95.2
"[""paytable"", ""odds""]",2025-08-14,"[{""match"": 0, ""payout"": 0}, {""match"": 1, ""payout"": 1}, {""match"": 2, ""payout"": 4}, {""match"": 3, ""payout"": 9}, {""match"": 4, ""payout"": 16}, {""match"": 5, ""payout"": 25}, {""match"": 6, ""payout"": 36}, {""match"": 7, ""payout"": 49}, {""match"": 8, ""payout"": 64}, {""match"": 9, ""payout"": 81}]",Payout Logic,payout-0031,High,95.2
"[""paytable"", ""odds""]",2025-08-14,"[{""match"": 0, ""payout"": 0}, {""match"": 1, ""payout"": 1}, {""match"": 2, ""payout"": 4}, {""match"": 3, ""payout"": 9}, {""match"": 4, ""payout"": 16}, {""match"": 5, ""payout"": 25}, {""match"": 6, ""payout"": 36}, {""match"": 7, ""payout"": 49}, {""match"": 8, ""payout"": 64}, {""match"": 9, ""payout"": 81}]",Payout Logic,payout-0032,Medium,95.2
"[""paytable"", ""odds""]",2025-08-14,"[{""match"": 0, ""payout"": 0}, {""match"": 1, ""payout"": 1}, {""match"": 2, ""payout"": 4}, {""match"": 3, ""payout"": 9}, {""match"": 4, ""payout"": 16}, {""match"": 5, ""payout"": 25}, {""match"": 6, ""payout"": 36}, {""match"": 7, ""payout"": 49}, {""match"": 8, ""payout"": 64}, {""match"": 9, ""payout"": 81}]",Payout Logic,payout-0033,High,95.2
"[""paytable"", ""odds""]",2025-08-14,"[{""match"": 0, ""payout"": 0}, {""match"": 1, ""payout"": 1}, {""match"": 2, ""payout"": 4}, {""match"": 3, ""payout"": 9}, {""match"": 4, ""payout"": 16}, {""match"": 5, ""payout"": 25}, {""match"": 6, ""payout"": 36}, {""match"": 7, ""payout"": 49}, {""match"": 8, ""payout"": 64}, {""match"": 9, ""payout"": 81}]",Payout Logic,payout-0034,Low,95.2
"[""paytable"", ""odds""]",2025-08-14,"[{""match"": 0, ""payout"": 0}, {""match"": 1, ""payout"": 1}, {""match"": 2, ""payout"": 4}, {""match"": 3, ""payout"": 9}, {""match"": 4, ""payout"": 16}, {""match"": 5, ""payout"": 25}, {""match"": 6, ""payout"": 36}, {""match"": 7, ""payout"": 49}, {""match"": 8, ""payout"": 64}, {""match"": 9, ""payout"": 81}]",Payout Logic,payout-0035,High,95.2
"[""paytable"", ""odds""]",2025-08-14,"[{""match"": 0, ""payout"": 0}, {""match"": 1, ""payout"": 1}, {""match"": 2, ""payout"": 4}, {""match"": 3, ""payout"": 9}, {""match"": 4, ""payout"": 16}, {""match"": 5, ""payout"": 25}, {""match"": 6, ""payout"": 36}, {""match"": 7, ""payout"": 49}, {""match"": 8, ""payout"": 64}, {""match"": 9, ""payout"": 81}]",Payout Logic,payout-0036,Medium,95.2
"[""paytable"", ""odds""]",2025-08-14,"[{""match"": 0, ""payout"": 0}, {""match"": 1, ""payout"": 1}, {""match"": 2, ""payout"": 4}, {""match"": 3, ""payout"": 9}, {""match"": 4, ""payout"": 16}, {""match"": 5, ""payout"": 25}, {""match"": 6, ""payout"": 36}, {""match"": 7, ""payout"": 49}, {""match"": 8, ""payout"": 64}, {""match"": 9, ""payout"": 81}]",Payout Logic,payout-0037,Medium,95.2
"[""paytable"", ""odds""]",2025-08-14,"[{""match"": 0, ""payout"": 0}, {""match"": 1, ""payout"": 1}, {""match"": 2, ""payout"": 4}, {""match"": 3, ""payout"": 9}, {""match"": 4, ""payout"": 16}, {""match"": 5, ""payout"": 25}, {""match"": 6, ""payout"": 36}, {""match"": 7, ""payout"": 49}, {""match"": 8, ""payout"": 64}, {""match"": 9, ""payout"": 81}]",Payout Logic,payout-0038,Very High,95.2
"[""paytable"", ""odds""]",2025-08-14,"[{""match"": 0, ""payout"": 0}, {""match"": 1, ""payout"": 1}, {""match"": 2, ""payout"": 4}, {""match"": 3, ""payout"": 9}, {""match"": 4, ""payout"": 16}, {""match"": 5, ""payout"": 25}, {""match"": 6, ""payout"": 36}, {""match"": 7, ""payout"": 49}, {""match"": 8, ""payout"": 64}, {""match"": 9, ""payout"": 81}]",Payout Logic,payout-0039,Medium,95.2
"[""paytable"", ""odds""]",2025-08-14,"[{""match"": 0, ""payout"": 0}, {""match"": 1, ""payout"": 1}, {""match"": 2, ""payout"": 4}, {""match"": 3, ""payout"": 9}, {""match"": 4, ""payout"": 16}, {""match"": 5, ""payout"": 25}, {""match"": 6, ""payout"": 36}, {""match"": 7, ""payout"": 49}, {""match"": 8, ""payout"": 64}, {""match"": 9, ""payout"": 81}]",Payout Logic,payout-0040,Low,95.2
"[""paytable"", ""odds""]",2025-08-14,"[{""match"": 0, ""payout"": 0}, {""match"": 1, ""payout"": 1}, {""match"": 2, ""payout"": 4}, {""match"": 3, ""payout"": 9}, {""match"": 4, ""payout"": 16}, {""match"": 5, ""payout"": 25}, {""match"": 6, ""payout"": 36}, {""match"": 7, ""payout"": 49}, {""match"": 8, ""payout"": 64}, {""match"": 9, ""payout"": 81}]",Payout Logic,payout-0041,Medium,95.2
"[""paytable"", ""odds""]",2025-08-14,"[{""match"": 0, ""payout"": 0}, {""match"": 1, ""payout"": 1}, {""match"": 2, ""payout"": 4}, {""match"": 3, ""payout"": 9}, {""match"": 4, ""payout"": 16}, {""match"": 5, ""payout"": 25}, {""match"": 6, ""payout"": 36}, {""match"": 7, ""payout"": 49}, {""match"": 8, ""payout"": 64}, {""match"": 9, ""payout"": 81}]",Payout Logic,payout-0042,High,95.2
"[""paytable"", ""odds""]",2025-08-14,"[{""match"": 0, ""payout"": 0}, {""match"": 1, ""payout"": 1}, {""match"": 2, ""payout"": 4}, {""match"": 3, ""payout"": 9}, {""match"": 4, ""payout"": 16}, {""match"": 5, ""payout"": 25}, {""match"": 6, ""payout"": 36}, {""match"": 7, ""payout"": 49}, {""match"": 8, ""payout"": 64}, {""match"": 9, ""payout"": 81}]",Payout Logic,payout-0043,Very High,95.2
"[""paytable"", ""odds""]",2025-08-14,"[{""match"": 0, ""payout"": 0}, {""match"": 1, ""payout"": 1}, {""match"": 2, ""payout"": 4}, {""match"": 3, ""payout"": 9}, {""match"": 4, ""payout"": 16}, {""match"": 5, ""payout"": 25}, {""match"": 6, ""payout"": 36}, {""match"": 7, ""payout"": 49}, {""match"": 8, ""payout"": 64}, {""match"": 9, ""payout"": 81}]",Payout Logic,payout-0044,Very High,95.2
"[""paytable"", ""odds""]",2025-08-14,"[{""match"": 0, ""payout"": 0}, {""match"": 1, ""payout"": 1}, {""match"": 2, ""payout"": 4}, {""match"": 3, ""payout"": 9}, {""match"": 4, ""payout"": 16}, {""match"": 5, ""payout"": 25}, {""match"": 6, ""payout"": 36}, {""match"": 7, ""payout"": 49}, {""match"": 8, ""payout"": 64}, {""match"": 9, ""payout"": 81}]",Payout Logic,payout-0045,Medium,95.2
"[""paytable"", ""odds""]",2025-08-14,"[{""match"": 0, ""payout"": 0}, {""match"": 1, ""payout"": 1}, {""match"": 2, ""payout"": 4}, {""match"": 3, ""payout"": 9}, {""match"": 4, ""payout"": 16}, {""match"": 5, ""payout"": 25}, {""match"": 6, ""payout"": 36}, {""match"": 7, ""payout"": 49}, {""match"": 8, ""payout"": 64}, {""match"": 9, ""payout"": 81}]",Payout Logic,payout-0046,Medium,95.2
"[""paytable"", ""odds""]",2025-08-14,"[{""match"": 0, ""payout"": 0}, {""match"": 1, ""payout"": 1}, {""match"": 2, ""payout"": 4}, {""match"": 3, ""payout"": 9}, {""match"": 4, ""payout"": 16}, {""match"": 5, ""payout"": 25}, {""match"": 6, ""payout"": 36}, {""match"": 7, ""payout"": 49}, {""match"": 8, ""payout"": 64}, {""match"": 9, ""payout"": 81}]",Payout Logic,payout-0047,High,95.2
"[""paytable"", ""odds""]",2025-08-14,"[{""match"": 0, ""payout"": 0}, {""match"": 1, ""payout"": 1}, {""match"": 2, ""payout"": 4}, {""match"": 3, ""payout"": 9}, {""match"": 4, ""payout"": 16}, {""match"": 5, ""payout"": 25}, {""match"": 6, ""payout"": 36}, {""match"": 7, ""payout"": 49}, {""match"": 8, ""payout"": 64}, {""match"": 9, ""payout"": 81}]",Payout Logic,payout-0048,High,95.2
"[""paytable"", ""odds""]",2025-08-14,"[{""match"": 0, ""payout"": 0}, {""match"": 1, ""payout"": 1}, {""match"": 2, ""payout"": 4}, {""match"": 3, ""payout"": 9}, {""match"": 4, ""payout"": 16}, {""match"": 5, ""payout"": 25}, {""match"": 6, ""payout"": 36}, {""match"": 7, ""payout"": 49}, {""match"": 8, ""payout"": 64}, {""match"": 9, ""payout"": 81}]",Payout Logic,payout-0049,Very High,95.2
"[""paytable"", ""odds""]",2025-08-14,"[{""match"": 0, ""payout"": 0}, {""match"": 1, ""payout"": 1}, {""match"": 2, ""payout"": 4}, {""match"": 3, ""payout"": 9}, {""match"": 4, ""payout"": 16}, {""match"": 5, ""payout"": 25}, {""match"": 6, ""payout"": 36}, {""match"": 7, ""payout"": 49}, {""match"": 8, ""payout"": 64}, {""match"": 9, ""payout"": 81}]",Payout Logic,payout-0050,Medium,95.2
"[""paytable"", ""odds""]",2025-08-14,"[{""match"": 0, ""payout"": 0}, {""match"": 1, ""payout"": 1}, {""match"": 2, ""payout"": 4}, {""match"": 3, ""payout"": 9}, {""match"": 4, ""payout"": 16}, {""match"": 5, ""payout"": 25}, {""match"": 6, ""payout"": 36}, {""match"": 7, ""payout"": 49}, {""match"": 8, ""payout"": 64}, {""match"": 9, ""payout"": 81}]",Payout Logic,payout-0051,Low,95.2
"[""paytable"", ""odds""]",2025-08-14,"[{""match"": 0, ""payout"": 0}, {""match"": 1, ""payout"": 1}, {""match"": 2, ""payout"": 4}, {""match"": 3, ""payout"": 9}, {""match"": 4, ""payout"": 16}, {""match"": 5, ""payout"": 25}, {""match"": 6, ""payout"": 36}, {""match"": 7, ""payout"": 49}, {""match"": 8, ""payout"": 64}, {""match"": 9, ""payout"": 81}]",Payout Logic,payout-0052,Very High,95.2
"[""paytable"", ""odds""]",2025-08-14,"[{""match"": 0, ""payout"": 0}, {""match"": 1, ""payout"": 1}, {""match"": 2, ""payout"": 4}, {""match"": 3, ""payout"": 9}, {""match"": 4, ""payout"": 16}, {""match"": 5, ""payout"": 25}, {""match"": 6, ""payout"": 36}, {""match"": 7, ""payout"": 49}, {""match"": 8, ""payout"": 64}, {""match"": 9, ""payout"": 81}]",Payout Logic,payout-0053,Very High,95.2
"[""paytable"", ""odds""]",2025-08-14,"[{""match"": 0, ""payout"": 0}, {""match"": 1, ""payout"": 1}, {""match"": 2, ""payout"": 4}, {""match"": 3, ""payout"": 9}, {""match"": 4, ""payout"": 16}, {""match"": 5, ""payout"": 25}, {""match"": 6, ""payout"": 36}, {""match"": 7, ""payout"": 49}, {""match"": 8, ""payout"": 64}, {""match"": 9, ""payout"": 81}]",Payout Logic,payout-0054,Low,95.2
"[""paytable"", ""odds""]",2025-08-14,"[{""match"": 0, ""payout"": 0}, {""match"": 1, ""payout"": 1}, {""match"": 2, ""payout"": 4}, {""match"": 3, ""payout"": 9}, {""match"": 4, ""payout"": 16}, {""match"": 5, ""payout"": 25}, {""match"": 6, ""payout"": 36}, {""match"": 7, ""payout"": 49}, {""match"": 8, ""payout"": 64}, {""match"": 9, ""payout"": 81}]",Payout Logic,payout-0055,High,95.2
"[""paytable"", ""odds""]",2025-08-14,"[{""match"": 0, ""payout"": 0}, {""match"": 1, ""payout"": 1}, {""match"": 2, ""payout"": 4}, {""match"": 3, ""payout"": 9}, {""match"": 4, ""payout"": 16}, {""match"": 5, ""payout"": 25}, {""match"": 6, ""payout"": 36}, {""match"": 7, ""payout"": 49}, {""match"": 8, ""payout"": 64}, {""match"": 9, ""payout"": 81}]",Payout Logic,payout-0056,High,95.2
"[""paytable"", ""odds""]",2025-08-14,"[{""match"": 0, ""payout"": 0}, {""match"": 1, ""payout"": 1}, {""match"": 2, ""payout"": 4}, {""match"": 3, ""payout"": 9}, {""match"": 4, ""payout"": 16}, {""match"": 5, ""payout"": 25}, {""match"": 6, ""payout"": 36}, {""match"": 7, ""payout"": 49}, {""match"": 8, ""payout"": 64}, {""match"": 9, ""payout"": 81}]",Payout Logic,payout-0057,Medium,95.2
"[""paytable"", ""odds""]",2025-08-14,"[{""match"": 0, ""payout"": 0}, {""match"": 1, ""payout"": 1}, {""match"": 2, ""payout"": 4}, {""match"": 3, ""payout"": 9}, {""match"": 4, ""payout"": 16}, {""match"": 5, ""payout"": 25}, {""match"": 6, ""payout"": 36}, {""match"": 7, ""payout"": 49}, {""match"": 8, ""payout"": 64}, {""match"": 9, ""payout"": 81}]",Payout Logic,payout-0058,Low,95.2
"[""paytable"", ""odds""]",2025-08-14,"[{""match"": 0, ""payout"": 0}, {""match"": 1, ""payout"": 1}, {""match"": 2, ""payout"": 4}, {""match"": 3, ""payout"": 9}, {""match"": 4, ""payout"": 16}, {""match"": 5, ""payout"": 25}, {""match"": 6, ""payout"": 36}, {""match"": 7, ""payout"": 49}, {""match"": 8, ""payout"": 64}, {""match"": 9, ""payout"": 81}]",Payout Logic,payout-0059,Low,95.2
"[""paytable"", ""odds""]",2025-08-14,"[{""match"": 0, ""payout"": 0}, {""match"": 1, ""payout"": 1}, {""match"": 2, ""payout"": 4}, {""match"": 3, ""payout"": 9}, {""match"": 4, ""payout"": 16}, {""match"": 5, ""payout"": 25}, {""match"": 6, ""payout"": 36}, {""match"": 7, ""payout"": 49}, {""match"": 8, ""payout"": 64}, {""match"": 9, ""payout"": 81}]",Payout Logic,payout-0060,High,95.2
"[""paytable"", ""odds""]",2025-08-14,"[{""match"": 0, ""payout"": 0}, {""match"": 1, ""payout"": 1}, {""match"": 2, ""payout"": 4}, {""match"": 3, ""payout"": 9}, {""match"": 4, ""payout"": 16}, {""match"": 5, ""payout"": 25}, {""match"": 6, ""payout"": 36}, {""match"": 7, ""payout"": 49}, {""match"": 8, ""payout"": 64}, {""match"": 9, ""payout"": 81}]",Payout Logic,payout-0061,Very High,95.2
"[""paytable"", ""odds""]",2025-08-14,"[{""match"": 0, ""payout"": 0}, {""match"": 1, ""payout"": 1}, {""match"": 2, ""payout"": 4}, {""match"": 3, ""payout"": 9}, {""match"": 4, ""payout"": 16}, {""match"": 5, ""payout"": 25}, {""match"": 6, ""payout"": 36}, {""match"": 7, ""payout"": 49}, {""match"": 8, ""payout"": 64}, {""match"": 9, ""payout"": 81}]",Payout Logic,payout-0062,High,95.2
"[""paytable"", ""odds""]",2025-08-14,"[{""match"": 0, ""payout"": 0}, {""match"": 1, ""payout"": 1}, {""match"": 2, ""payout"": 4}, {""match"": 3, ""payout"": 9}, {""match"": 4, ""payout"": 16}, {""match"": 5, ""payout"": 25}, {""match"": 6, ""payout"": 36}, {""match"": 7, ""payout"": 49}, {""match"": 8, ""payout"": 64}, {""match"": 9, ""payout"": 81}]",Payout Logic,payout-0063,Very High,95.2
"[""paytable"", ""odds""]",2025-08-14,"[{""match"": 0, ""payout"": 0}, {""match"": 1, ""payout"": 1}, {""match"": 2, ""payout"": 4}, {""match"": 3, ""payout"": 9}, {""match"": 4, ""payout"": 16}, {""match"": 5, ""payout"": 25}, {""match"": 6, ""payout"": 36}, {""match"": 7, ""payout"": 49}, {""match"": 8, ""payout"": 64}, {""match"": 9, ""payout"": 81}]",Payout Logic,payout-0064,Medium,95.2
"[""paytable"", ""odds""]",2025-08-14,"[{""match"": 0, ""payout"": 0}, {""match"": 1, ""payout"": 1}, {""match"": 2, ""payout"": 4}, {""match"": 3, ""payout"": 9}, {""match"": 4, ""payout"": 16}, {""match"": 5, ""payout"": 25}, {""match"": 6, ""payout"": 36}, {""match"": 7, ""payout"": 49}, {""match"": 8, ""payout"": 64}, {""match"": 9, ""payout"": 81}]",Payout Logic,payout-0065,Very High,95.2
"[""paytable"", ""odds""]",2025-08-14,"[{""match"": 0, ""payout"": 0}, {""match"": 1, ""payout"": 1}, {""match"": 2, ""payout"": 4}, {""match"": 3, ""payout"": 9}, {""match"": 4, ""payout"": 16}, {""match"": 5, ""payout"": 25}, {""match"": 6, ""payout"": 36}, {""match"": 7, ""payout"": 49}, {""match"": 8, ""payout"": 64}, {""match"": 9, ""payout"": 81}]",Payout Logic,payout-0066,High,95.2
"[""paytable"", ""odds""]",2025-08-14,"[{""match"": 0, ""payout"": 0}, {""match"": 1, ""payout"": 1}, {""match"": 2, ""payout"": 4}, {""match"": 3, ""payout"": 9}, {""match"": 4, ""payout"": 16}, {""match"": 5, ""payout"": 25}, {""match"": 6, ""payout"": 36}, {""match"": 7, ""payout"": 49}, {""match"": 8, ""payout"": 64}, {""match"": 9, ""payout"": 81}]",Payout Logic,payout-0067,Low,95.2
"[""paytable"", ""odds""]",2025-08-14,"[{""match"": 0, ""payout"": 0}, {""match"": 1, ""payout"": 1}, {""match"": 2, ""payout"": 4}, {""match"": 3, ""payout"": 9}, {""match"": 4, ""payout"": 16}, {""match"": 5, ""payout"": 25}, {""match"": 6, ""payout"": 36}, {""match"": 7, ""payout"": 49}, {""match"": 8, ""payout"": 64}, {""match"": 9, ""payout"": 81}]",Payout Logic,payout-0068,High,95.2
"[""paytable"", ""odds""]",2025-08-14,"[{""match"": 0, ""payout"": 0}, {""match"": 1, ""payout"": 1}, {""match"": 2, ""payout"": 4}, {""match"": 3, ""payout"": 9}, {""match"": 4, ""payout"": 16}, {""match"": 5, ""payout"": 25}, {""match"": 6, ""payout"": 36}, {""match"": 7, ""payout"": 49}, {""match"": 8, ""payout"": 64}, {""match"": 9, ""payout"": 81}]",Payout Logic,payout-0069,Very High,95.2
"[""paytable"", ""odds""]",2025-08-14,"[{""match"": 0, ""payout"": 0}, {""match"": 1, ""payout"": 1}, {""match"": 2, ""payout"": 4}, {""match"": 3, ""payout"": 9}, {""match"": 4, ""payout"": 16}, {""match"": 5, ""payout"": 25}, {""match"": 6, ""payout"": 36}, {""match"": 7, ""payout"": 49}, {""match"": 8, ""payout"": 64}, {""match"": 9, ""payout"": 81}]",Payout Logic,payout-0070,High,95.2
"[""paytable"", ""odds""]",2025-08-14,"[{""match"": 0, ""payout"": 0}, {""match"": 1, ""payout"": 1}, {""match"": 2, ""payout"": 4}, {""match"": 3, ""payout"": 9}, {""match"": 4, ""payout"": 16}, {""match"": 5, ""payout"": 25}, {""match"": 6, ""payout"": 36}, {""match"": 7, ""payout"": 49}, {""match"": 8, ""payout"": 64}, {""match"": 9, ""payout"": 81}]",Payout Logic,payout-0071,Medium,95.2
"[""paytable"", ""odds""]",2025-08-14,"[{""match"": 0, ""payout"": 0}, {""match"": 1, ""payout"": 1}, {""match"": 2, ""payout"": 4}, {""match"": 3, ""payout"": 9}, {""match"": 4, ""payout"": 16}, {""match"": 5, ""payout"": 25}, {""match"": 6, ""payout"": 36}, {""match"": 7, ""payout"": 49}, {""match"": 8, ""payout"": 64}, {""match"": 9, ""payout"": 81}]",Payout Logic,payout-0072,Medium,95.2
"[""paytable"", ""odds""]",2025-08-14,"[{""match"": 0, ""payout"": 0}, {""match"": 1, ""payout"": 1}, {""match"": 2, ""payout"": 4}, {""match"": 3, ""payout"": 9}, {""match"": 4, ""payout"": 16}, {""match"": 5, ""payout"": 25}, {""match"": 6, ""payout"": 36}, {""match"": 7, ""payout"": 49}, {""match"": 8, ""payout"": 64}, {""match"": 9, ""payout"": 81}]",Payout Logic,payout-0073,Low,95.2
"[""paytable"", ""odds""]",2025-08-14,"[{""match"": 0, ""payout"": 0}, {""match"": 1, ""payout"": 1}, {""match"": 2, ""payout"": 4}, {""match"": 3, ""payout"": 9}, {""match"": 4, ""payout"": 16}, {""match"": 5, ""payout"": 25}, {""match"": 6, ""payout"": 36}, {""match"": 7, ""payout"": 49}, {""match"": 8, ""payout"": 64}, {""match"": 9, ""payout"": 81}]",Payout Logic,payout-0074,Very High,95.2
"[""paytable"", ""odds""]",2025-08-14,"[{""match"": 0, ""payout"": 0}, {""match"": 1, ""payout"": 1}, {""match"": 2, ""payout"": 4}, {""match"": 3, ""payout"": 9}, {""match"": 4, ""payout"": 16}, {""match"": 5, ""payout"": 25}, {""match"": 6, ""payout"": 36}, {""match"": 7, ""payout"": 49}, {""match"": 8, ""payout"": 64}, {""match"": 9, ""payout"": 81}]",Payout Logic,payout-0075,Medium,95.2
"[""paytable"", ""odds""]",2025-08-14,"[{""match"": 0, ""payout"": 0}, {""match"": 1, ""payout"": 1}, {""match"": 2, ""payout"": 4}, {""match"": 3, ""payout"": 9}, {""match"": 4, ""payout"": 16}, {""match"": 5, ""payout"": 25}, {""match"": 6, ""payout"": 36}, {""match"": 7, ""payout"": 49}, {""match"": 8, ""payout"": 64}, {""match"": 9, ""payout"": 81}]",Payout Logic,payout-0076,Low,95.2
"[""paytable"", ""odds""]",2025-08-14,"[{""match"": 0, ""payout"": 0}, {""match"": 1, ""payout"": 1}, {""match"": 2, ""payout"": 4}, {""match"": 3, ""payout"": 9}, {""match"": 4, ""payout"": 16}, {""match"": 5, ""payout"": 25}, {""match"": 6, ""payout"": 36}, {""match"": 7, ""payout"": 49}, {""match"": 8, ""payout"": 64}, {""match"": 9, ""payout"": 81}]",Payout Logic,payout-0077,High,95.2
"[""paytable"", ""odds""]",2025-08-14,"[{""match"": 0, ""payout"": 0}, {""match"": 1, ""payout"": 1}, {""match"": 2, ""payout"": 4}, {""match"": 3, ""payout"": 9}, {""match"": 4, ""payout"": 16}, {""match"": 5, ""payout"": 25}, {""match"": 6, ""payout"": 36}, {""match"": 7, ""payout"": 49}, {""match"": 8, ""payout"": 64}, {""match"": 9, ""payout"": 81}]",Payout Logic,payout-0078,Very High,95.2
"[""paytable"", ""odds""]",2025-08-14,"[{""match"": 0, ""payout"": 0}, {""match"": 1, ""payout"": 1}, {""match"": 2, ""payout"": 4}, {""match"": 3, ""payout"": 9}, {""match"": 4, ""payout"": 16}, {""match"": 5, ""payout"": 25}, {""match"": 6, ""payout"": 36}, {""match"": 7, ""payout"": 49}, {""match"": 8, ""payout"": 64}, {""match"": 9, ""payout"": 81}]",Payout Logic,payout-0079,High,95.2
"[""paytable"", ""odds""]",2025-08-14,"[{""match"": 0, ""payout"": 0}, {""match"": 1, ""payout"": 1}, {""match"": 2, ""payout"": 4}, {""match"": 3, ""payout"": 9}, {""match"": 4, ""payout"": 16}, {""match"": 5, ""payout"": 25}, {""match"": 6, ""payout"": 36}, {""match"": 7, ""payout"": 49}, {""match"": 8, ""payout"": 64}, {""match"": 9, ""payout"": 81}]",Payout Logic,payout-0080,Very High,95.2
"[""paytable"", ""odds""]",2025-08-14,"[{""match"": 0, ""payout"": 0}, {""match"": 1, ""payout"": 1}, {""match"": 2, ""payout"": 4}, {""match"": 3, ""payout"": 9}, {""match"": 4, ""payout"": 16}, {""match"": 5, ""payout"": 25}, {""match"": 6, ""payout"": 36}, {""match"": 7, ""payout"": 49}, {""match"": 8, ""payout"": 64}, {""match"": 9, ""payout"": 81}]",Payout Logic,payout-0081,Low,95.2
"[""paytable"", ""odds""]",2025-08-14,"[{""match"": 0, ""payout"": 0}, {""match"": 1, ""payout"": 1}, {""match"": 2, ""payout"": 4}, {""match"": 3, ""payout"": 9}, {""match"": 4, ""payout"": 16}, {""match"": 5, ""payout"": 25}, {""match"": 6, ""payout"": 36}, {""match"": 7, ""payout"": 49}, {""match"": 8, ""payout"": 64}, {""match"": 9, ""payout"": 81}]",Payout Logic,payout-0082,Very High,95.2
"[""paytable"", ""odds""]",2025-08-14,"[{""match"": 0, ""payout"": 0}, {""match"": 1, ""payout"": 1}, {""match"": 2, ""payout"": 4}, {""match"": 3, ""payout"": 9}, {""match"": 4, ""payout"": 16}, {""match"": 5, ""payout"": 25}, {""match"": 6, ""payout"": 36}, {""match"": 7, ""payout"": 49}, {""match"": 8, ""payout"": 64}, {""match"": 9, ""payout"": 81}]",Payout Logic,payout-0083,Medium,95.2
"[""paytable"", ""odds""]",2025-08-14,"[{""match"": 0, ""payout"": 0}, {""match"": 1, ""payout"": 1}, {""match"": 2, ""payout"": 4}, {""match"": 3, ""payout"": 9}, {""match"": 4, ""payout"": 16}, {""match"": 5, ""payout"": 25}, {""match"": 6, ""payout"": 36}, {""match"": 7, ""payout"": 49}, {""match"": 8, ""payout"": 64}, {""match"": 9, ""payout"": 81}]",Payout Logic,payout-0084,High,95.2
"[""paytable"", ""odds""]",2025-08-14,"[{""match"": 0, ""payout"": 0}, {""match"": 1, ""payout"": 1}, {""match"": 2, ""payout"": 4}, {""match"": 3, ""payout"": 9}, {""match"": 4, ""payout"": 16}, {""match"": 5, ""payout"": 25}, {""match"": 6, ""payout"": 36}, {""match"": 7, ""payout"": 49}, {""match"": 8, ""payout"": 64}, {""match"": 9, ""payout"": 81}]",Payout Logic,payout-0085,High,95.2
"[""paytable"", ""odds""]",2025-08-14,"[{""match"": 0, ""payout"": 0}, {""match"": 1, ""payout"": 1}, {""match"": 2, ""payout"": 4}, {""match"": 3, ""payout"": 9}, {""match"": 4, ""payout"": 16}, {""match"": 5, ""payout"": 25}, {""match"": 6, ""payout"": 36}, {""match"": 7, ""payout"": 49}, {""match"": 8, ""payout"": 64}, {""match"": 9, ""payout"": 81}]",Payout Logic,payout-0086,Medium,95.2
"[""paytable"", ""odds""]",2025-08-14,"[{""match"": 0, ""payout"": 0}, {""match"": 1, ""payout"": 1}, {""match"": 2, ""payout"": 4}, {""match"": 3, ""payout"": 9}, {""match"": 4, ""payout"": 16}, {""match"": 5, ""payout"": 25}, {""match"": 6, ""payout"": 36}, {""match"": 7, ""payout"": 49}, {""match"": 8, ""payout"": 64}, {""match"": 9, ""payout"": 81}]",Payout Logic,payout-0087,Medium,95.2
"[""paytable"", ""odds""]",2025-08-14,"[{""match"": 0, ""payout"": 0}, {""match"": 1, ""payout"": 1}, {""match"": 2, ""payout"": 4}, {""match"": 3, ""payout"": 9}, {""match"": 4, ""payout"": 16}, {""match"": 5, ""payout"": 25}, {""match"": 6, ""payout"": 36}, {""match"": 7, ""payout"": 49}, {""match"": 8, ""payout"": 64}, {""match"": 9, ""payout"": 81}]",Payout Logic,payout-0088,High,95.2
"[""paytable"", ""odds""]",2025-08-14,"[{""match"": 0, ""payout"": 0}, {""match"": 1, ""payout"": 1}, {""match"": 2, ""payout"": 4}, {""match"": 3, ""payout"": 9}, {""match"": 4, ""payout"": 16}, {""match"": 5, ""payout"": 25}, {""match"": 6, ""payout"": 36}, {""match"": 7, ""payout"": 49}, {""match"": 8, ""payout"": 64}, {""match"": 9, ""payout"": 81}]",Payout Logic,payout-0089,Very High,95.2
"[""paytable"", ""odds""]",2025-08-14,"[{""match"": 0, ""payout"": 0}, {""match"": 1, ""payout"": 1}, {""match"": 2, ""payout"": 4}, {""match"": 3, ""payout"": 9}, {""match"": 4, ""payout"": 16}, {""match"": 5, ""payout"": 25}, {""match"": 6, ""payout"": 36}, {""match"": 7, ""payout"": 49}, {""match"": 8, ""payout"": 64}, {""match"": 9, ""payout"": 81}]",Payout Logic,payout-0090,Very High,95.2
"[""paytable"", ""odds""]",2025-08-14,"[{""match"": 0, ""payout"": 0}, {""match"": 1, ""payout"": 1}, {""match"": 2, ""payout"": 4}, {""match"": 3, ""payout"": 9}, {""match"": 4, ""payout"": 16}, {""match"": 5, ""payout"": 25}, {""match"": 6, ""payout"": 36}, {""match"": 7, ""payout"": 49}, {""match"": 8, ""payout"": 64}, {""match"": 9, ""payout"": 81}]",Payout Logic,payout-0091,Medium,95.2
"[""paytable"", ""odds""]",2025-08-14,"[{""match"": 0, ""payout"": 0}, {""match"": 1, ""payout"": 1}, {""match"": 2, ""payout"": 4}, {""match"": 3, ""payout"": 9}, {""match"": 4, ""payout"": 16}, {""match"": 5, ""payout"": 25}, {""match"": 6, ""payout"": 36}, {""match"": 7, ""payout"": 49}, {""match"": 8, ""payout"": 64}, {""match"": 9, ""payout"": 81}]",Payout Logic,payout-0092,Low,95.2
"[""paytable"", ""odds""]",2025-08-14,"[{""match"": 0, ""payout"": 0}, {""match"": 1, ""payout"": 1}, {""match"": 2, ""payout"": 4}, {""match"": 3, ""payout"": 9}, {""match"": 4, ""payout"": 16}, {""match"": 5, ""payout"": 25}, {""match"": 6, ""payout"": 36}, {""match"": 7, ""payout"": 49}, {""match"": 8, ""payout"": 64}, {""match"": 9, ""payout"": 81}]",Payout Logic,payout-0093,Low,95.2
"[""paytable"", ""odds""]",2025-08-14,"[{""match"": 0, ""payout"": 0}, {""match"": 1, ""payout"": 1}, {""match"": 2, ""payout"": 4}, {""match"": 3, ""payout"": 9}, {""match"": 4, ""payout"": 16}, {""match"": 5, ""payout"": 25}, {""match"": 6, ""payout"": 36}, {""match"": 7, ""payout"": 49}, {""match"": 8, ""payout"": 64}, {""match"": 9, ""payout"": 81}]",Payout Logic,payout-0094,High,95.2
"[""paytable"", ""odds""]",2025-08-14,"[{""match"": 0, ""payout"": 0}, {""match"": 1, ""payout"": 1}, {""match"": 2, ""payout"": 4}, {""match"": 3, ""payout"": 9}, {""match"": 4, ""payout"": 16}, {""match"": 5, ""payout"": 25}, {""match"": 6, ""payout"": 36}, {""match"": 7, ""payout"": 49}, {""match"": 8, ""payout"": 64}, {""match"": 9, ""payout"": 81}]",Payout Logic,payout-0095,Medium,95.2
"[""paytable"", ""odds""]",2025-08-14,"[{""match"": 0, ""payout"": 0}, {""match"": 1, ""payout"": 1}, {""match"": 2, ""payout"": 4}, {""match"": 3, ""payout"": 9}, {""match"": 4, ""payout"": 16}, {""match"": 5, ""payout"": 25}, {""match"": 6, ""payout"": 36}, {""match"": 7, ""payout"": 49}, {""match"": 8, ""payout"": 64}, {""match"": 9, ""payout"": 81}]",Payout Logic,payout-0096,High,95.2
"[""paytable"", ""odds""]",2025-08-14,"[{""match"": 0, ""payout"": 0}, {""match"": 1, ""payout"": 1}, {""match"": 2, ""payout"": 4}, {""match"": 3, ""payout"": 9}, {""match"": 4, ""payout"": 16}, {""match"": 5, ""payout"": 25}, {""match"": 6, ""payout"": 36}, {""match"": 7, ""payout"": 49}, {""match"": 8, ""payout"": 64}, {""match"": 9, ""payout"": 81}]",Payout Logic,payout-0097,High,95.2
"[""paytable"", ""odds""]",2025-08-14,"[{""match"": 0, ""payout"": 0}, {""match"": 1, ""payout"": 1}, {""match"": 2, ""payout"": 4}, {""match"": 3, ""payout"": 9}, {""match"": 4, ""payout"": 16}, {""match"": 5, ""payout"": 25}, {""match"": 6, ""payout"": 36}, {""match"": 7, ""payout"": 49}, {""match"": 8, ""payout"": 64}, {""match"": 9, ""payout"": 81}]",Payout Logic,payout-0098,Low,95.2
"[""paytable"", ""odds""]",2025-08-14,"[{""match"": 0, ""payout"": 0}, {""match"": 1, ""payout"": 1}, {""match"": 2, ""payout"": 4}, {""match"": 3, ""payout"": 9}, {""match"": 4, ""payout"": 16}, {""match"": 5, ""payout"": 25}, {""match"": 6, ""payout"": 36}, {""match"": 7, ""payout"": 49}, {""match"": 8, ""payout"": 64}, {""match"": 9, ""payout"": 81}]",Payout Logic,payout-0099,High,95.2
"[""paytable"", ""odds""]",2025-08-14,"[{""match"": 0, ""payout"": 0}, {""match"": 1, ""payout"": 1}, {""match"": 2, ""payout"": 4}, {""match"": 3, ""payout"": 9}, {""match"": 4, ""payout"": 16}, {""match"": 5, ""payout"": 25}, {""match"": 6, ""payout"": 36}, {""match"": 7, ""payout"": 49}, {""match"": 8, ""payout"": 64}, {""match"": 9, ""payout"": 81}]",Payout Logic,payout-0100,Medium,95.2
"[""paytable"", ""odds""]",2025-08-14,"[{""match"": 0, ""payout"": 0}, {""match"": 1, ""payout"": 1}, {""match"": 2, ""payout"": 4}, {""match"": 3, ""payout"": 9}, {""match"": 4, ""payout"": 16}, {""match"": 5, ""payout"": 25}, {""match"": 6, ""payout"": 36}, {""match"": 7, ""payout"": 49}, {""match"": 8, ""payout"": 64}, {""match"": 9, ""payout"": 81}]",Payout Logic,payout-0101,Medium,95.2
"[""paytable"", ""odds""]",2025-08-14,"[{""match"": 0, ""payout"": 0}, {""match"": 1, ""payout"": 1}, {""match"": 2, ""payout"": 4}, {""match"": 3, ""payout"": 9}, {""match"": 4, ""payout"": 16}, {""match"": 5, ""payout"": 25}, {""match"": 6, ""payout"": 36}, {""match"": 7, ""payout"": 49}, {""match"": 8, ""payout"": 64}, {""match"": 9, ""payout"": 81}]",Payout Logic,payout-0102,High,95.2
"[""paytable"", ""odds""]",2025-08-14,"[{""match"": 0, ""payout"": 0}, {""match"": 1, ""payout"": 1}, {""match"": 2, ""payout"": 4}, {""match"": 3, ""payout"": 9}, {""match"": 4, ""payout"": 16}, {""match"": 5, ""payout"": 25}, {""match"": 6, ""payout"": 36}, {""match"": 7, ""payout"": 49}, {""match"": 8, ""payout"": 64}, {""match"": 9, ""payout"": 81}]",Payout Logic,payout-0103,High,95.2
"[""paytable"", ""odds""]",2025-08-14,"[{""match"": 0, ""payout"": 0}, {""match"": 1, ""payout"": 1}, {""match"": 2, ""payout"": 4}, {""match"": 3, ""payout"": 9}, {""match"": 4, ""payout"": 16}, {""match"": 5, ""payout"": 25}, {""match"": 6, ""payout"": 36}, {""match"": 7, ""payout"": 49}, {""match"": 8, ""payout"": 64}, {""match"": 9, ""payout"": 81}]",Payout Logic,payout-0104,High,95.2
"[""paytable"", ""odds""]",2025-08-14,"[{""match"": 0, ""payout"": 0}, {""match"": 1, ""payout"": 1}, {""match"": 2, ""payout"": 4}, {""match"": 3, ""payout"": 9}, {""match"": 4, ""payout"": 16}, {""match"": 5, ""payout"": 25}, {""match"": 6, ""payout"": 36}, {""match"": 7, ""payout"": 49}, {""match"": 8, ""payout"": 64}, {""match"": 9, ""payout"": 81}]",Payout Logic,payout-0105,Very High,95.2
"[""paytable"", ""odds""]",2025-08-14,"[{""match"": 0, ""payout"": 0}, {""match"": 1, ""payout"": 1}, {""match"": 2, ""payout"": 4}, {""match"": 3, ""payout"": 9}, {""match"": 4, ""payout"": 16}, {""match"": 5, ""payout"": 25}, {""match"": 6, ""payout"": 36}, {""match"": 7, ""payout"": 49}, {""match"": 8, ""payout"": 64}, {""match"": 9, ""payout"": 81}]",Payout Logic,payout-0106,High,95.2
"[""paytable"", ""odds""]",2025-08-14,"[{""match"": 0, ""payout"": 0}, {""match"": 1, ""payout"": 1}, {""match"": 2, ""payout"": 4}, {""match"": 3, ""payout"": 9}, {""match"": 4, ""payout"": 16}, {""match"": 5, ""payout"": 25}, {""match"": 6, ""payout"": 36}, {""match"": 7, ""payout"": 49}, {""match"": 8, ""payout"": 64}, {""match"": 9, ""payout"": 81}]",Payout Logic,payout-0107,High,95.2
"[""paytable"", ""odds""]",2025-08-14,"[{""match"": 0, ""payout"": 0}, {""match"": 1, ""payout"": 1}, {""match"": 2, ""payout"": 4}, {""match"": 3, ""payout"": 9}, {""match"": 4, ""payout"": 16}, {""match"": 5, ""payout"": 25}, {""match"": 6, ""payout"": 36}, {""match"": 7, ""payout"": 49}, {""match"": 8, ""payout"": 64}, {""match"": 9, ""payout"": 81}]",Payout Logic,payout-0108,Low,95.2
"[""paytable"", ""odds""]",2025-08-14,"[{""match"": 0, ""payout"": 0}, {""match"": 1, ""payout"": 1}, {""match"": 2, ""payout"": 4}, {""match"": 3, ""payout"": 9}, {""match"": 4, ""payout"": 16}, {""match"": 5, ""payout"": 25}, {""match"": 6, ""payout"": 36}, {""match"": 7, ""payout"": 49}, {""match"": 8, ""payout"": 64}, {""match"": 9, ""payout"": 81}]",Payout Logic,payout-0109,Very High,95.2
"[""paytable"", ""odds""]",2025-08-14,"[{""match"": 0, ""payout"": 0}, {""match"": 1, ""payout"": 1}, {""match"": 2, ""payout"": 4}, {""match"": 3, ""payout"": 9}, {""match"": 4, ""payout"": 16}, {""match"": 5, ""payout"": 25}, {""match"": 6, ""payout"": 36}, {""match"": 7, ""payout"": 49}, {""match"": 8, ""payout"": 64}, {""match"": 9, ""payout"": 81}]",Payout Logic,payout-0110,Medium,95.2
"[""paytable"", ""odds""]",2025-08-14,"[{""match"": 0, ""payout"": 0}, {""match"": 1, ""payout"": 1}, {""match"": 2, ""payout"": 4}, {""match"": 3, ""payout"": 9}, {""match"": 4, ""payout"": 16}, {""match"": 5, ""payout"": 25}, {""match"": 6, ""payout"": 36}, {""match"": 7, ""payout"": 49}, {""match"": 8, ""payout"": 64}, {""match"": 9, ""payout"": 81}]",Payout Logic,payout-0111,High,95.2
"[""paytable"", ""odds""]",2025-08-14,"[{""match"": 0, ""payout"": 0}, {""match"": 1, ""payout"": 1}, {""match"": 2, ""payout"": 4}, {""match"": 3, ""payout"": 9}, {""match"": 4, ""payout"": 16}, {""match"": 5, ""payout"": 25}, {""match"": 6, ""payout"": 36}, {""match"": 7, ""payout"": 49}, {""match"": 8, ""payout"": 64}, {""match"": 9, ""payout"": 81}]",Payout Logic,payout-0112,High,95.2
"[""paytable"", ""odds""]",2025-08-14,"[{""match"": 0, ""payout"": 0}, {""match"": 1, ""payout"": 1}, {""match"": 2, ""payout"": 4}, {""match"": 3, ""payout"": 9}, {""match"": 4, ""payout"": 16}, {""match"": 5, ""payout"": 25}, {""match"": 6, ""payout"": 36}, {""match"": 7, ""payout"": 49}, {""match"": 8, ""payout"": 64}, {""match"": 9, ""payout"": 81}]",Payout Logic,payout-0113,Very High,95.2
"[""paytable"", ""odds""]",2025-08-14,"[{""match"": 0, ""payout"": 0}, {""match"": 1, ""payout"": 1}, {""match"": 2, ""payout"": 4}, {""match"": 3, ""payout"": 9}, {""match"": 4, ""payout"": 16}, {""match"": 5, ""payout"": 25}, {""match"": 6, ""payout"": 36}, {""match"": 7, ""payout"": 49}, {""match"": 8, ""payout"": 64}, {""match"": 9, ""payout"": 81}]",Payout Logic,payout-0114,Low,95.2
"[""paytable"", ""odds""]",2025-08-14,"[{""match"": 0, ""payout"": 0}, {""match"": 1, ""payout"": 1}, {""match"": 2, ""payout"": 4}, {""match"": 3, ""payout"": 9}, {""match"": 4, ""payout"": 16}, {""match"": 5, ""payout"": 25}, {""match"": 6, ""payout"": 36}, {""match"": 7, ""payout"": 49}, {""match"": 8, ""payout"": 64}, {""match"": 9, ""payout"": 81}]",Payout Logic,payout-0115,Very High,95.2
"[""paytable"", ""odds""]",2025-08-14,"[{""match"": 0, ""payout"": 0}, {""match"": 1, ""payout"": 1}, {""match"": 2, ""payout"": 4}, {""match"": 3, ""payout"": 9}, {""match"": 4, ""payout"": 16}, {""match"": 5, ""payout"": 25}, {""match"": 6, ""payout"": 36}, {""match"": 7, ""payout"": 49}, {""match"": 8, ""payout"": 64}, {""match"": 9, ""payout"": 81}]",Payout Logic,payout-0116,High,95.2
"[""paytable"", ""odds""]",2025-08-14,"[{""match"": 0, ""payout"": 0}, {""match"": 1, ""payout"": 1}, {""match"": 2, ""payout"": 4}, {""match"": 3, ""payout"": 9}, {""match"": 4, ""payout"": 16}, {""match"": 5, ""payout"": 25}, {""match"": 6, ""payout"": 36}, {""match"": 7, ""payout"": 49}, {""match"": 8, ""payout"": 64}, {""match"": 9, ""payout"": 81}]",Payout Logic,payout-0117,Medium,95.2
"[""paytable"", ""odds""]",2025-08-14,"[{""match"": 0, ""payout"": 0}, {""match"": 1, ""payout"": 1}, {""match"": 2, ""payout"": 4}, {""match"": 3, ""payout"": 9}, {""match"": 4, ""payout"": 16}, {""match"": 5, ""payout"": 25}, {""match"": 6, ""payout"": 36}, {""match"": 7, ""payout"": 49}, {""match"": 8, ""payout"": 64}, {""match"": 9, ""payout"": 81}]",Payout Logic,payout-0118,Very High,95.2
"[""paytable"", ""odds""]",2025-08-14,"[{""match"": 0, ""payout"": 0}, {""match"": 1, ""payout"": 1}, {""match"": 2, ""payout"": 4}, {""match"": 3, ""payout"": 9}, {""match"": 4, ""payout"": 16}, {""match"": 5, ""payout"": 25}, {""match"": 6, ""payout"": 36}, {""match"": 7, ""payout"": 49}, {""match"": 8, ""payout"": 64}, {""match"": 9, ""payout"": 81}]",Payout Logic,payout-0119,Low,95.2
"[""paytable"", ""odds""]",2025-08-14,"[{""match"": 0, ""payout"": 0}, {""match"": 1, ""payout"": 1}, {""match"": 2, ""payout"": 4}, {""match"": 3, ""payout"": 9}, {""match"": 4, ""payout"": 16}, {""match"": 5, ""payout"": 25}, {""match"": 6, ""payout"": 36}, {""match"": 7, ""payout"": 49}, {""match"": 8, ""payout"": 64}, {""match"": 9, ""payout"": 81}]",Payout Logic,payout-0120,High,95.2
"[""paytable"", ""odds""]",2025-08-14,"[{""match"": 0, ""payout"": 0}, {""match"": 1, ""payout"": 1}, {""match"": 2, ""payout"": 4}, {""match"": 3, ""payout"": 9}, {""match"": 4, ""payout"": 16}, {""match"": 5, ""payout"": 25}, {""match"": 6, ""payout"": 36}, {""match"": 7, ""payout"": 49}, {""match"": 8, ""payout"": 64}, {""match"": 9, ""payout"": 81}]",Payout Logic,payout-0121,Very High,95.2
"[""paytable"", ""odds""]",2025-08-14,"[{""match"": 0, ""payout"": 0}, {""match"": 1, ""payout"": 1}, {""match"": 2, ""payout"": 4}, {""match"": 3, ""payout"": 9}, {""match"": 4, ""payout"": 16}, {""match"": 5, ""payout"": 25}, {""match"": 6, ""payout"": 36}, {""match"": 7, ""payout"": 49}, {""match"": 8, ""payout"": 64}, {""match"": 9, ""payout"": 81}]",Payout Logic,payout-0122,Low,95.2
"[""paytable"", ""odds""]",2025-08-14,"[{""match"": 0, ""payout"": 0}, {""match"": 1, ""payout"": 1}, {""match"": 2, ""payout"": 4}, {""match"": 3, ""payout"": 9}, {""match"": 4, ""payout"": 16}, {""match"": 5, ""payout"": 25}, {""match"": 6, ""payout"": 36}, {""match"": 7, ""payout"": 49}, {""match"": 8, ""payout"": 64}, {""match"": 9, ""payout"": 81}]",Payout Logic,payout-0123,Low,95.2
"[""paytable"", ""odds""]",2025-08-14,"[{""match"": 0, ""payout"": 0}, {""match"": 1, ""payout"": 1}, {""match"": 2, ""payout"": 4}, {""match"": 3, ""payout"": 9}, {""match"": 4, ""payout"": 16}, {""match"": 5, ""payout"": 25}, {""match"": 6, ""payout"": 36}, {""match"": 7, ""payout"": 49}, {""match"": 8, ""payout"": 64}, {""match"": 9, ""payout"": 81}]",Payout Logic,payout-0124,Low,95.2
"[""paytable"", ""odds""]",2025-08-14,"[{""match"": 0, ""payout"": 0}, {""match"": 1, ""payout"": 1}, {""match"": 2, ""payout"": 4}, {""match"": 3, ""payout"": 9}, {""match"": 4, ""payout"": 16}, {""match"": 5, ""payout"": 25}, {""match"": 6, ""payout"": 36}, {""match"": 7, ""payout"": 49}, {""match"": 8, ""payout"": 64}, {""match"": 9, ""payout"": 81}]",Payout Logic,payout-0125,Very High,95.2
"[""paytable"", ""odds""]",2025-08-14,"[{""match"": 0, ""payout"": 0}, {""match"": 1, ""payout"": 1}, {""match"": 2, ""payout"": 4}, {""match"": 3, ""payout"": 9}, {""match"": 4, ""payout"": 16}, {""match"": 5, ""payout"": 25}, {""match"": 6, ""payout"": 36}, {""match"": 7, ""payout"": 49}, {""match"": 8, ""payout"": 64}, {""match"": 9, ""payout"": 81}]",Payout Logic,payout-0126,High,95.2
"[""paytable"", ""odds""]",2025-08-14,"[{""match"": 0, ""payout"": 0}, {""match"": 1, ""payout"": 1}, {""match"": 2, ""payout"": 4}, {""match"": 3, ""payout"": 9}, {""match"": 4, ""payout"": 16}, {""match"": 5, ""payout"": 25}, {""match"": 6, ""payout"": 36}, {""match"": 7, ""payout"": 49}, {""match"": 8, ""payout"": 64}, {""match"": 9, ""payout"": 81}]",Payout Logic,payout-0127,Low,95.2
"[""paytable"", ""odds""]",2025-08-14,"[{""match"": 0, ""payout"": 0}, {""match"": 1, ""payout"": 1}, {""match"": 2, ""payout"": 4}, {""match"": 3, ""payout"": 9}, {""match"": 4, ""payout"": 16}, {""match"": 5, ""payout"": 25}, {""match"": 6, ""payout"": 36}, {""match"": 7, ""payout"": 49}, {""match"": 8, ""payout"": 64}, {""match"": 9, ""payout"": 81}]",Payout Logic,payout-0128,Low,95.2
"[""paytable"", ""odds""]",2025-08-14,"[{""match"": 0, ""payout"": 0}, {""match"": 1, ""payout"": 1}, {""match"": 2, ""payout"": 4}, {""match"": 3, ""payout"": 9}, {""match"": 4, ""payout"": 16}, {""match"": 5, ""payout"": 25}, {""match"": 6, ""payout"": 36}, {""match"": 7, ""payout"": 49}, {""match"": 8, ""payout"": 64}, {""match"": 9, ""payout"": 81}]",Payout Logic,payout-0129,High,95.2
"[""paytable"", ""odds""]",2025-08-14,"[{""match"": 0, ""payout"": 0}, {""match"": 1, ""payout"": 1}, {""match"": 2, ""payout"": 4}, {""match"": 3, ""payout"": 9}, {""match"": 4, ""payout"": 16}, {""match"": 5, ""payout"": 25}, {""match"": 6, ""payout"": 36}, {""match"": 7, ""payout"": 49}, {""match"": 8, ""payout"": 64}, {""match"": 9, ""payout"": 81}]",Payout Logic,payout-0130,High,95.2
"[""paytable"", ""odds""]",2025-08-14,"[{""match"": 0, ""payout"": 0}, {""match"": 1, ""payout"": 1}, {""match"": 2, ""payout"": 4}, {""match"": 3, ""payout"": 9}, {""match"": 4, ""payout"": 16}, {""match"": 5, ""payout"": 25}, {""match"": 6, ""payout"": 36}, {""match"": 7, ""payout"": 49}, {""match"": 8, ""payout"": 64}, {""match"": 9, ""payout"": 81}]",Payout Logic,payout-0131,Low,95.2
"[""paytable"", ""odds""]",2025-08-14,"[{""match"": 0, ""payout"": 0}, {""match"": 1, ""payout"": 1}, {""match"": 2, ""payout"": 4}, {""match"": 3, ""payout"": 9}, {""match"": 4, ""payout"": 16}, {""match"": 5, ""payout"": 25}, {""match"": 6, ""payout"": 36}, {""match"": 7, ""payout"": 49}, {""match"": 8, ""payout"": 64}, {""match"": 9, ""payout"": 81}]",Payout Logic,payout-0132,Medium,95.2
"[""paytable"", ""odds""]",2025-08-14,"[{""match"": 0, ""payout"": 0}, {""match"": 1, ""payout"": 1}, {""match"": 2, ""payout"": 4}, {""match"": 3, ""payout"": 9}, {""match"": 4, ""payout"": 16}, {""match"": 5, ""payout"": 25}, {""match"": 6, ""payout"": 36}, {""match"": 7, ""payout"": 49}, {""match"": 8, ""payout"": 64}, {""match"": 9, ""payout"": 81}]",Payout Logic,payout-0133,Medium,95.2
"[""paytable"", ""odds""]",2025-08-14,"[{""match"": 0, ""payout"": 0}, {""match"": 1, ""payout"": 1}, {""match"": 2, ""payout"": 4}, {""match"": 3, ""payout"": 9}, {""match"": 4, ""payout"": 16}, {""match"": 5, ""payout"": 25}, {""match"": 6, ""payout"": 36}, {""match"": 7, ""payout"": 49}, {""match"": 8, ""payout"": 64}, {""match"": 9, ""payout"": 81}]",Payout Logic,payout-0134,Low,95.2
"[""paytable"", ""odds""]",2025-08-14,"[{""match"": 0, ""payout"": 0}, {""match"": 1, ""payout"": 1}, {""match"": 2, ""payout"": 4}, {""match"": 3, ""payout"": 9}, {""match"": 4, ""payout"": 16}, {""match"": 5, ""payout"": 25}, {""match"": 6, ""payout"": 36}, {""match"": 7, ""payout"": 49}, {""match"": 8, ""payout"": 64}, {""match"": 9, ""payout"": 81}]",Payout Logic,payout-0135,High,95.2
"[""paytable"", ""odds""]",2025-08-14,"[{""match"": 0, ""payout"": 0}, {""match"": 1, ""payout"": 1}, {""match"": 2, ""payout"": 4}, {""match"": 3, ""payout"": 9}, {""match"": 4, ""payout"": 16}, {""match"": 5, ""payout"": 25}, {""match"": 6, ""payout"": 36}, {""match"": 7, ""payout"": 49}, {""match"": 8, ""payout"": 64}, {""match"": 9, ""payout"": 81}]",Payout Logic,payout-0136,Low,95.2
"[""paytable"", ""odds""]",2025-08-14,"[{""match"": 0, ""payout"": 0}, {""match"": 1, ""payout"": 1}, {""match"": 2, ""payout"": 4}, {""match"": 3, ""payout"": 9}, {""match"": 4, ""payout"": 16}, {""match"": 5, ""payout"": 25}, {""match"": 6, ""payout"": 36}, {""match"": 7, ""payout"": 49}, {""match"": 8, ""payout"": 64}, {""match"": 9, ""payout"": 81}]",Payout Logic,payout-0137,High,95.2
"[""paytable"", ""odds""]",2025-08-14,"[{""match"": 0, ""payout"": 0}, {""match"": 1, ""payout"": 1}, {""match"": 2, ""payout"": 4}, {""match"": 3, ""payout"": 9}, {""match"": 4, ""payout"": 16}, {""match"": 5, ""payout"": 25}, {""match"": 6, ""payout"": 36}, {""match"": 7, ""payout"": 49}, {""match"": 8, ""payout"": 64}, {""match"": 9, ""payout"": 81}]",Payout Logic,payout-0138,Medium,95.2
"[""paytable"", ""odds""]",2025-08-14,"[{""match"": 0, ""payout"": 0}, {""match"": 1, ""payout"": 1}, {""match"": 2, ""payout"": 4}, {""match"": 3, ""payout"": 9}, {""match"": 4, ""payout"": 16}, {""match"": 5, ""payout"": 25}, {""match"": 6, ""payout"": 36}, {""match"": 7, ""payout"": 49}, {""match"": 8, ""payout"": 64}, {""match"": 9, ""payout"": 81}]",Payout Logic,payout-0139,Low,95.2
"[""paytable"", ""odds""]",2025-08-14,"[{""match"": 0, ""payout"": 0}, {""match"": 1, ""payout"": 1}, {""match"": 2, ""payout"": 4}, {""match"": 3, ""payout"": 9}, {""match"": 4, ""payout"": 16}, {""match"": 5, ""payout"": 25}, {""match"": 6, ""payout"": 36}, {""match"": 7, ""payout"": 49}, {""match"": 8, ""payout"": 64}, {""match"": 9, ""payout"": 81}]",Payout Logic,payout-0140,Very High,95.2
"[""paytable"", ""odds""]",2025-08-14,"[{""match"": 0, ""payout"": 0}, {""match"": 1, ""payout"": 1}, {""match"": 2, ""payout"": 4}, {""match"": 3, ""payout"": 9}, {""match"": 4, ""payout"": 16}, {""match"": 5, ""payout"": 25}, {""match"": 6, ""payout"": 36}, {""match"": 7, ""payout"": 49}, {""match"": 8, ""payout"": 64}, {""match"": 9, ""payout"": 81}]",Payout Logic,payout-0141,Low,95.2
"[""paytable"", ""odds""]",2025-08-14,"[{""match"": 0, ""payout"": 0}, {""match"": 1, ""payout"": 1}, {""match"": 2, ""payout"": 4}, {""match"": 3, ""payout"": 9}, {""match"": 4, ""payout"": 16}, {""match"": 5, ""payout"": 25}, {""match"": 6, ""payout"": 36}, {""match"": 7, ""payout"": 49}, {""match"": 8, ""payout"": 64}, {""match"": 9, ""payout"": 81}]",Payout Logic,payout-0142,Low,95.2
"[""paytable"", ""odds""]",2025-08-14,"[{""match"": 0, ""payout"": 0}, {""match"": 1, ""payout"": 1}, {""match"": 2, ""payout"": 4}, {""match"": 3, ""payout"": 9}, {""match"": 4, ""payout"": 16}, {""match"": 5, ""payout"": 25}, {""match"": 6, ""payout"": 36}, {""match"": 7, ""payout"": 49}, {""match"": 8, ""payout"": 64}, {""match"": 9, ""payout"": 81}]",Payout Logic,payout-0143,High,95.2
"[""paytable"", ""odds""]",2025-08-14,"[{""match"": 0, ""payout"": 0}, {""match"": 1, ""payout"": 1}, {""match"": 2, ""payout"": 4}, {""match"": 3, ""payout"": 9}, {""match"": 4, ""payout"": 16}, {""match"": 5, ""payout"": 25}, {""match"": 6, ""payout"": 36}, {""match"": 7, ""payout"": 49}, {""match"": 8, ""payout"": 64}, {""match"": 9, ""payout"": 81}]",Payout Logic,payout-0144,Low,95.2
"[""paytable"", ""odds""]",2025-08-14,"[{""match"": 0, ""payout"": 0}, {""match"": 1, ""payout"": 1}, {""match"": 2, ""payout"": 4}, {""match"": 3, ""payout"": 9}, {""match"": 4, ""payout"": 16}, {""match"": 5, ""payout"": 25}, {""match"": 6, ""payout"": 36}, {""match"": 7, ""payout"": 49}, {""match"": 8, ""payout"": 64}, {""match"": 9, ""payout"": 81}]",Payout Logic,payout-0145,Low,95.2
"[""paytable"", ""odds""]",2025-08-14,"[{""match"": 0, ""payout"": 0}, {""match"": 1, ""payout"": 1}, {""match"": 2, ""payout"": 4}, {""match"": 3, ""payout"": 9}, {""match"": 4, ""payout"": 16}, {""match"": 5, ""payout"": 25}, {""match"": 6, ""payout"": 36}, {""match"": 7, ""payout"": 49}, {""match"": 8, ""payout"": 64}, {""match"": 9, ""payout"": 81}]",Payout Logic,payout-0146,Low,95.2
"[""paytable"", ""odds""]",2025-08-14,"[{""match"": 0, ""payout"": 0}, {""match"": 1, ""payout"": 1}, {""match"": 2, ""payout"": 4}, {""match"": 3, ""payout"": 9}, {""match"": 4, ""payout"": 16}, {""match"": 5, ""payout"": 25}, {""match"": 6, ""payout"": 36}, {""match"": 7, ""payout"": 49}, {""match"": 8, ""payout"": 64}, {""match"": 9, ""payout"": 81}]",Payout Logic,payout-0147,High,95.2
"[""paytable"", ""odds""]",2025-08-14,"[{""match"": 0, ""payout"": 0}, {""match"": 1, ""payout"": 1}, {""match"": 2, ""payout"": 4}, {""match"": 3, ""payout"": 9}, {""match"": 4, ""payout"": 16}, {""match"": 5, ""payout"": 25}, {""match"": 6, ""payout"": 36}, {""match"": 7, ""payout"": 49}, {""match"": 8, ""payout"": 64}, {""match"": 9, ""payout"": 81}]",Payout Logic,payout-0148,Medium,95.2
"[""paytable"", ""odds""]",2025-08-14,"[{""match"": 0, ""payout"": 0}, {""match"": 1, ""payout"": 1}, {""match"": 2, ""payout"": 4}, {""match"": 3, ""payout"": 9}, {""match"": 4, ""payout"": 16}, {""match"": 5, ""payout"": 25}, {""match"": 6, ""payout"": 36}, {""match"": 7, ""payout"": 49}, {""match"": 8, ""payout"": 64}, {""match"": 9, ""payout"": 81}]",Payout Logic,payout-0149,High,95.2
"[""paytable"", ""odds""]",2025-08-14,"[{""match"": 0, ""payout"": 0}, {""match"": 1, ""payout"": 1}, {""match"": 2, ""payout"": 4}, {""match"": 3, ""payout"": 9}, {""match"": 4, ""payout"": 16}, {""match"": 5, ""payout"": 25}, {""match"": 6, ""payout"": 36}, {""match"": 7, ""payout"": 49}, {""match"": 8, ""payout"": 64}, {""match"": 9, ""payout"": 81}]",Payout Logic,payout-0150,Medium,95.2
"[""paytable"", ""odds""]",2025-08-14,"[{""match"": 0, ""payout"": 0}, {""match"": 1, ""payout"": 1}, {""match"": 2, ""payout"": 4}, {""match"": 3, ""payout"": 9}, {""match"": 4, ""payout"": 16}, {""match"": 5, ""payout"": 25}, {""match"": 6, ""payout"": 36}, {""match"": 7, ""payout"": 49}, {""match"": 8, ""payout"": 64}, {""match"": 9, ""payout"": 81}]",Payout Logic,payout-0151,Low,95.2
"[""paytable"", ""odds""]",2025-08-14,"[{""match"": 0, ""payout"": 0}, {""match"": 1, ""payout"": 1}, {""match"": 2, ""payout"": 4}, {""match"": 3, ""payout"": 9}, {""match"": 4, ""payout"": 16}, {""match"": 5, ""payout"": 25}, {""match"": 6, ""payout"": 36}, {""match"": 7, ""payout"": 49}, {""match"": 8, ""payout"": 64}, {""match"": 9, ""payout"": 81}]",Payout Logic,payout-0152,High,95.2
"[""paytable"", ""odds""]",2025-08-14,"[{""match"": 0, ""payout"": 0}, {""match"": 1, ""payout"": 1}, {""match"": 2, ""payout"": 4}, {""match"": 3, ""payout"": 9}, {""match"": 4, ""payout"": 16}, {""match"": 5, ""payout"": 25}, {""match"": 6, ""payout"": 36}, {""match"": 7, ""payout"": 49}, {""match"": 8, ""payout"": 64}, {""match"": 9, ""payout"": 81}]",Payout Logic,payout-0153,Very High,95.2
"[""paytable"", ""odds""]",2025-08-14,"[{""match"": 0, ""payout"": 0}, {""match"": 1, ""payout"": 1}, {""match"": 2, ""payout"": 4}, {""match"": 3, ""payout"": 9}, {""match"": 4, ""payout"": 16}, {""match"": 5, ""payout"": 25}, {""match"": 6, ""payout"": 36}, {""match"": 7, ""payout"": 49}, {""match"": 8, ""payout"": 64}, {""match"": 9, ""payout"": 81}]",Payout Logic,payout-0154,Medium,95.2
"[""paytable"", ""odds""]",2025-08-14,"[{""match"": 0, ""payout"": 0}, {""match"": 1, ""payout"": 1}, {""match"": 2, ""payout"": 4}, {""match"": 3, ""payout"": 9}, {""match"": 4, ""payout"": 16}, {""match"": 5, ""payout"": 25}, {""match"": 6, ""payout"": 36}, {""match"": 7, ""payout"": 49}, {""match"": 8, ""payout"": 64}, {""match"": 9, ""payout"": 81}]",Payout Logic,payout-0155,Low,95.2
"[""paytable"", ""odds""]",2025-08-14,"[{""match"": 0, ""payout"": 0}, {""match"": 1, ""payout"": 1}, {""match"": 2, ""payout"": 4}, {""match"": 3, ""payout"": 9}, {""match"": 4, ""payout"": 16}, {""match"": 5, ""payout"": 25}, {""match"": 6, ""payout"": 36}, {""match"": 7, ""payout"": 49}, {""match"": 8, ""payout"": 64}, {""match"": 9, ""payout"": 81}]",Payout Logic,payout-0156,Very High,95.2
"[""paytable"", ""odds""]",2025-08-14,"[{""match"": 0, ""payout"": 0}, {""match"": 1, ""payout"": 1}, {""match"": 2, ""payout"": 4}, {""match"": 3, ""payout"": 9}, {""match"": 4, ""payout"": 16}, {""match"": 5, ""payout"": 25}, {""match"": 6, ""payout"": 36}, {""match"": 7, ""payout"": 49}, {""match"": 8, ""payout"": 64}, {""match"": 9, ""payout"": 81}]",Payout Logic,payout-0157,Very High,95.2
"[""paytable"", ""odds""]",2025-08-14,"[{""match"": 0, ""payout"": 0}, {""match"": 1, ""payout"": 1}, {""match"": 2, ""payout"": 4}, {""match"": 3, ""payout"": 9}, {""match"": 4, ""payout"": 16}, {""match"": 5, ""payout"": 25}, {""match"": 6, ""payout"": 36}, {""match"": 7, ""payout"": 49}, {""match"": 8, ""payout"": 64}, {""match"": 9, ""payout"": 81}]",Payout Logic,payout-0158,High,95.2
"[""paytable"", ""odds""]",2025-08-14,"[{""match"": 0, ""payout"": 0}, {""match"": 1, ""payout"": 1}, {""match"": 2, ""payout"": 4}, {""match"": 3, ""payout"": 9}, {""match"": 4, ""payout"": 16}, {""match"": 5, ""payout"": 25}, {""match"": 6, ""payout"": 36}, {""match"": 7, ""payout"": 49}, {""match"": 8, ""payout"": 64}, {""match"": 9, ""payout"": 81}]",Payout Logic,payout-0159,Very High,95.2
"[""paytable"", ""odds""]",2025-08-14,"[{""match"": 0, ""payout"": 0}, {""match"": 1, ""payout"": 1}, {""match"": 2, ""payout"": 4}, {""match"": 3, ""payout"": 9}, {""match"": 4, ""payout"": 16}, {""match"": 5, ""payout"": 25}, {""match"": 6, ""payout"": 36}, {""match"": 7, ""payout"": 49}, {""match"": 8, ""payout"": 64}, {""match"": 9, ""payout"": 81}]",Payout Logic,payout-0160,Low,95.2
"[""paytable"", ""odds""]",2025-08-14,"[{""match"": 0, ""payout"": 0}, {""match"": 1, ""payout"": 1}, {""match"": 2, ""payout"": 4}, {""match"": 3, ""payout"": 9}, {""match"": 4, ""payout"": 16}, {""match"": 5, ""payout"": 25}, {""match"": 6, ""payout"": 36}, {""match"": 7, ""payout"": 49}, {""match"": 8, ""payout"": 64}, {""match"": 9, ""payout"": 81}]",Payout Logic,payout-0161,Medium,95.2
"[""paytable"", ""odds""]",2025-08-14,"[{""match"": 0, ""payout"": 0}, {""match"": 1, ""payout"": 1}, {""match"": 2, ""payout"": 4}, {""match"": 3, ""payout"": 9}, {""match"": 4, ""payout"": 16}, {""match"": 5, ""payout"": 25}, {""match"": 6, ""payout"": 36}, {""match"": 7, ""payout"": 49}, {""match"": 8, ""payout"": 64}, {""match"": 9, ""payout"": 81}]",Payout Logic,payout-0162,Low,95.2
"[""paytable"", ""odds""]",2025-08-14,"[{""match"": 0, ""payout"": 0}, {""match"": 1, ""payout"": 1}, {""match"": 2, ""payout"": 4}, {""match"": 3, ""payout"": 9}, {""match"": 4, ""payout"": 16}, {""match"": 5, ""payout"": 25}, {""match"": 6, ""payout"": 36}, {""match"": 7, ""payout"": 49}, {""match"": 8, ""payout"": 64}, {""match"": 9, ""payout"": 81}]",Payout Logic,payout-0163,Very High,95.2
"[""paytable"", ""odds""]",2025-08-14,"[{""match"": 0, ""payout"": 0}, {""match"": 1, ""payout"": 1}, {""match"": 2, ""payout"": 4}, {""match"": 3, ""payout"": 9}, {""match"": 4, ""payout"": 16}, {""match"": 5, ""payout"": 25}, {""match"": 6, ""payout"": 36}, {""match"": 7, ""payout"": 49}, {""match"": 8, ""payout"": 64}, {""match"": 9, ""payout"": 81}]",Payout Logic,payout-0164,Very High,95.2
"[""paytable"", ""odds""]",2025-08-14,"[{""match"": 0, ""payout"": 0}, {""match"": 1, ""payout"": 1}, {""match"": 2, ""payout"": 4}, {""match"": 3, ""payout"": 9}, {""match"": 4, ""payout"": 16}, {""match"": 5, ""payout"": 25}, {""match"": 6, ""payout"": 36}, {""match"": 7, ""payout"": 49}, {""match"": 8, ""payout"": 64}, {""match"": 9, ""payout"": 81}]",Payout Logic,payout-0165,Low,95.2
"[""paytable"", ""odds""]",2025-08-14,"[{""match"": 0, ""payout"": 0}, {""match"": 1, ""payout"": 1}, {""match"": 2, ""payout"": 4}, {""match"": 3, ""payout"": 9}, {""match"": 4, ""payout"": 16}, {""match"": 5, ""payout"": 25}, {""match"": 6, ""payout"": 36}, {""match"": 7, ""payout"": 49}, {""match"": 8, ""payout"": 64}, {""match"": 9, ""payout"": 81}]",Payout Logic,payout-0166,Low,95.2
"[""paytable"", ""odds""]",2025-08-14,"[{""match"": 0, ""payout"": 0}, {""match"": 1, ""payout"": 1}, {""match"": 2, ""payout"": 4}, {""match"": 3, ""payout"": 9}, {""match"": 4, ""payout"": 16}, {""match"": 5, ""payout"": 25}, {""match"": 6, ""payout"": 36}, {""match"": 7, ""payout"": 49}, {""match"": 8, ""payout"": 64}, {""match"": 9, ""payout"": 81}]",Payout Logic,payout-0167,Very High,95.2
"[""paytable"", ""odds""]",2025-08-14,"[{""match"": 0, ""payout"": 0}, {""match"": 1, ""payout"": 1}, {""match"": 2, ""payout"": 4}, {""match"": 3, ""payout"": 9}, {""match"": 4, ""payout"": 16}, {""match"": 5, ""payout"": 25}, {""match"": 6, ""payout"": 36}, {""match"": 7, ""payout"": 49}, {""match"": 8, ""payout"": 64}, {""match"": 9, ""payout"": 81}]",Payout Logic,payout-0168,Medium,95.2
"[""paytable"", ""odds""]",2025-08-14,"[{""match"": 0, ""payout"": 0}, {""match"": 1, ""payout"": 1}, {""match"": 2, ""payout"": 4}, {""match"": 3, ""payout"": 9}, {""match"": 4, ""payout"": 16}, {""match"": 5, ""payout"": 25}, {""match"": 6, ""payout"": 36}, {""match"": 7, ""payout"": 49}, {""match"": 8, ""payout"": 64}, {""match"": 9, ""payout"": 81}]",Payout Logic,payout-0169,Medium,95.2
"[""paytable"", ""odds""]",2025-08-14,"[{""match"": 0, ""payout"": 0}, {""match"": 1, ""payout"": 1}, {""match"": 2, ""payout"": 4}, {""match"": 3, ""payout"": 9}, {""match"": 4, ""payout"": 16}, {""match"": 5, ""payout"": 25}, {""match"": 6, ""payout"": 36}, {""match"": 7, ""payout"": 49}, {""match"": 8, ""payout"": 64}, {""match"": 9, ""payout"": 81}]",Payout Logic,payout-0170,Medium,95.2
"[""paytable"", ""odds""]",2025-08-14,"[{""match"": 0, ""payout"": 0}, {""match"": 1, ""payout"": 1}, {""match"": 2, ""payout"": 4}, {""match"": 3, ""payout"": 9}, {""match"": 4, ""payout"": 16}, {""match"": 5, ""payout"": 25}, {""match"": 6, ""payout"": 36}, {""match"": 7, ""payout"": 49}, {""match"": 8, ""payout"": 64}, {""match"": 9, ""payout"": 81}]",Payout Logic,payout-0171,High,95.2
"[""paytable"", ""odds""]",2025-08-14,"[{""match"": 0, ""payout"": 0}, {""match"": 1, ""payout"": 1}, {""match"": 2, ""payout"": 4}, {""match"": 3, ""payout"": 9}, {""match"": 4, ""payout"": 16}, {""match"": 5, ""payout"": 25}, {""match"": 6, ""payout"": 36}, {""match"": 7, ""payout"": 49}, {""match"": 8, ""payout"": 64}, {""match"": 9, ""payout"": 81}]",Payout Logic,payout-0172,Low,95.2
"[""paytable"", ""odds""]",2025-08-14,"[{""match"": 0, ""payout"": 0}, {""match"": 1, ""payout"": 1}, {""match"": 2, ""payout"": 4}, {""match"": 3, ""payout"": 9}, {""match"": 4, ""payout"": 16}, {""match"": 5, ""payout"": 25}, {""match"": 6, ""payout"": 36}, {""match"": 7, ""payout"": 49}, {""match"": 8, ""payout"": 64}, {""match"": 9, ""payout"": 81}]",Payout Logic,payout-0173,High,95.2
"[""paytable"", ""odds""]",2025-08-14,"[{""match"": 0, ""payout"": 0}, {""match"": 1, ""payout"": 1}, {""match"": 2, ""payout"": 4}, {""match"": 3, ""payout"": 9}, {""match"": 4, ""payout"": 16}, {""match"": 5, ""payout"": 25}, {""match"": 6, ""payout"": 36}, {""match"": 7, ""payout"": 49}, {""match"": 8, ""payout"": 64}, {""match"": 9, ""payout"": 81}]",Payout Logic,payout-0174,Medium,95.2
"[""paytable"", ""odds""]",2025-08-14,"[{""match"": 0, ""payout"": 0}, {""match"": 1, ""payout"": 1}, {""match"": 2, ""payout"": 4}, {""match"": 3, ""payout"": 9}, {""match"": 4, ""payout"": 16}, {""match"": 5, ""payout"": 25}, {""match"": 6, ""payout"": 36}, {""match"": 7, ""payout"": 49}, {""match"": 8, ""payout"": 64}, {""match"": 9, ""payout"": 81}]",Payout Logic,payout-0175,High,95.2
"[""paytable"", ""odds""]",2025-08-14,"[{""match"": 0, ""payout"": 0}, {""match"": 1, ""payout"": 1}, {""match"": 2, ""payout"": 4}, {""match"": 3, ""payout"": 9}, {""match"": 4, ""payout"": 16}, {""match"": 5, ""payout"": 25}, {""match"": 6, ""payout"": 36}, {""match"": 7, ""payout"": 49}, {""match"": 8, ""payout"": 64}, {""match"": 9, ""payout"": 81}]",Payout Logic,payout-0176,Medium,95.2
"[""paytable"", ""odds""]",2025-08-14,"[{""match"": 0, ""payout"": 0}, {""match"": 1, ""payout"": 1}, {""match"": 2, ""payout"": 4}, {""match"": 3, ""payout"": 9}, {""match"": 4, ""payout"": 16}, {""match"": 5, ""payout"": 25}, {""match"": 6, ""payout"": 36}, {""match"": 7, ""payout"": 49}, {""match"": 8, ""payout"": 64}, {""match"": 9, ""payout"": 81}]",Payout Logic,payout-0177,Very High,95.2
"[""paytable"", ""odds""]",2025-08-14,"[{""match"": 0, ""payout"": 0}, {""match"": 1, ""payout"": 1}, {""match"": 2, ""payout"": 4}, {""match"": 3, ""payout"": 9}, {""match"": 4, ""payout"": 16}, {""match"": 5, ""payout"": 25}, {""match"": 6, ""payout"": 36}, {""match"": 7, ""payout"": 49}, {""match"": 8, ""payout"": 64}, {""match"": 9, ""payout"": 81}]",Payout Logic,payout-0178,Very High,95.2
"[""paytable"", ""odds""]",2025-08-14,"[{""match"": 0, ""payout"": 0}, {""match"": 1, ""payout"": 1}, {""match"": 2, ""payout"": 4}, {""match"": 3, ""payout"": 9}, {""match"": 4, ""payout"": 16}, {""match"": 5, ""payout"": 25}, {""match"": 6, ""payout"": 36}, {""match"": 7, ""payout"": 49}, {""match"": 8, ""payout"": 64}, {""match"": 9, ""payout"": 81}]",Payout Logic,payout-0179,Medium,95.2
"[""paytable"", ""odds""]",2025-08-14,"[{""match"": 0, ""payout"": 0}, {""match"": 1, ""payout"": 1}, {""match"": 2, ""payout"": 4}, {""match"": 3, ""payout"": 9}, {""match"": 4, ""payout"": 16}, {""match"": 5, ""payout"": 25}, {""match"": 6, ""payout"": 36}, {""match"": 7, ""payout"": 49}, {""match"": 8, ""payout"": 64}, {""match"": 9, ""payout"": 81}]",Payout Logic,payout-0180,Very High,95.2
"[""paytable"", ""odds""]",2025-08-14,"[{""match"": 0, ""payout"": 0}, {""match"": 1, ""payout"": 1}, {""match"": 2, ""payout"": 4}, {""match"": 3, ""payout"": 9}, {""match"": 4, ""payout"": 16}, {""match"": 5, ""payout"": 25}, {""match"": 6, ""payout"": 36}, {""match"": 7, ""payout"": 49}, {""match"": 8, ""payout"": 64}, {""match"": 9, ""payout"": 81}]",Payout Logic,payout-0181,Low,95.2
"[""paytable"", ""odds""]",2025-08-14,"[{""match"": 0, ""payout"": 0}, {""match"": 1, ""payout"": 1}, {""match"": 2, ""payout"": 4}, {""match"": 3, ""payout"": 9}, {""match"": 4, ""payout"": 16}, {""match"": 5, ""payout"": 25}, {""match"": 6, ""payout"": 36}, {""match"": 7, ""payout"": 49}, {""match"": 8, ""payout"": 64}, {""match"": 9, ""payout"": 81}]",Payout Logic,payout-0182,Medium,95.2
"[""paytable"", ""odds""]",2025-08-14,"[{""match"": 0, ""payout"": 0}, {""match"": 1, ""payout"": 1}, {""match"": 2, ""payout"": 4}, {""match"": 3, ""payout"": 9}, {""match"": 4, ""payout"": 16}, {""match"": 5, ""payout"": 25}, {""match"": 6, ""payout"": 36}, {""match"": 7, ""payout"": 49}, {""match"": 8, ""payout"": 64}, {""match"": 9, ""payout"": 81}]",Payout Logic,payout-0183,High,95.2
"[""paytable"", ""odds""]",2025-08-14,"[{""match"": 0, ""payout"": 0}, {""match"": 1, ""payout"": 1}, {""match"": 2, ""payout"": 4}, {""match"": 3, ""payout"": 9}, {""match"": 4, ""payout"": 16}, {""match"": 5, ""payout"": 25}, {""match"": 6, ""payout"": 36}, {""match"": 7, ""payout"": 49}, {""match"": 8, ""payout"": 64}, {""match"": 9, ""payout"": 81}]",Payout Logic,payout-0184,High,95.2
"[""paytable"", ""odds""]",2025-08-14,"[{""match"": 0, ""payout"": 0}, {""match"": 1, ""payout"": 1}, {""match"": 2, ""payout"": 4}, {""match"": 3, ""payout"": 9}, {""match"": 4, ""payout"": 16}, {""match"": 5, ""payout"": 25}, {""match"": 6, ""payout"": 36}, {""match"": 7, ""payout"": 49}, {""match"": 8, ""payout"": 64}, {""match"": 9, ""payout"": 81}]",Payout Logic,payout-0185,High,95.2
"[""paytable"", ""odds""]",2025-08-14,"[{""match"": 0, ""payout"": 0}, {""match"": 1, ""payout"": 1}, {""match"": 2, ""payout"": 4}, {""match"": 3, ""payout"": 9}, {""match"": 4, ""payout"": 16}, {""match"": 5, ""payout"": 25}, {""match"": 6, ""payout"": 36}, {""match"": 7, ""payout"": 49}, {""match"": 8, ""payout"": 64}, {""match"": 9, ""payout"": 81}]",Payout Logic,payout-0186,Low,95.2
"[""paytable"", ""odds""]",2025-08-14,"[{""match"": 0, ""payout"": 0}, {""match"": 1, ""payout"": 1}, {""match"": 2, ""payout"": 4}, {""match"": 3, ""payout"": 9}, {""match"": 4, ""payout"": 16}, {""match"": 5, ""payout"": 25}, {""match"": 6, ""payout"": 36}, {""match"": 7, ""payout"": 49}, {""match"": 8, ""payout"": 64}, {""match"": 9, ""payout"": 81}]",Payout Logic,payout-0187,Low,95.2
"[""paytable"", ""odds""]",2025-08-14,"[{""match"": 0, ""payout"": 0}, {""match"": 1, ""payout"": 1}, {""match"": 2, ""payout"": 4}, {""match"": 3, ""payout"": 9}, {""match"": 4, ""payout"": 16}, {""match"": 5, ""payout"": 25}, {""match"": 6, ""payout"": 36}, {""match"": 7, ""payout"": 49}, {""match"": 8, ""payout"": 64}, {""match"": 9, ""payout"": 81}]",Payout Logic,payout-0188,Very High,95.2
"[""paytable"", ""odds""]",2025-08-14,"[{""match"": 0, ""payout"": 0}, {""match"": 1, ""payout"": 1}, {""match"": 2, ""payout"": 4}, {""match"": 3, ""payout"": 9}, {""match"": 4, ""payout"": 16}, {""match"": 5, ""payout"": 25}, {""match"": 6, ""payout"": 36}, {""match"": 7, ""payout"": 49}, {""match"": 8, ""payout"": 64}, {""match"": 9, ""payout"": 81}]",Payout Logic,payout-0189,Low,95.2
"[""paytable"", ""odds""]",2025-08-14,"[{""match"": 0, ""payout"": 0}, {""match"": 1, ""payout"": 1}, {""match"": 2, ""payout"": 4}, {""match"": 3, ""payout"": 9}, {""match"": 4, ""payout"": 16}, {""match"": 5, ""payout"": 25}, {""match"": 6, ""payout"": 36}, {""match"": 7, ""payout"": 49}, {""match"": 8, ""payout"": 64}, {""match"": 9, ""payout"": 81}]",Payout Logic,payout-0190,Very High,95.2
"[""paytable"", ""odds""]",2025-08-14,"[{""match"": 0, ""payout"": 0}, {""match"": 1, ""payout"": 1}, {""match"": 2, ""payout"": 4}, {""match"": 3, ""payout"": 9}, {""match"": 4, ""payout"": 16}, {""match"": 5, ""payout"": 25}, {""match"": 6, ""payout"": 36}, {""match"": 7, ""payout"": 49}, {""match"": 8, ""payout"": 64}, {""match"": 9, ""payout"": 81}]",Payout Logic,payout-0191,Very High,95.2
"[""paytable"", ""odds""]",2025-08-14,"[{""match"": 0, ""payout"": 0}, {""match"": 1, ""payout"": 1}, {""match"": 2, ""payout"": 4}, {""match"": 3, ""payout"": 9}, {""match"": 4, ""payout"": 16}, {""match"": 5, ""payout"": 25}, {""match"": 6, ""payout"": 36}, {""match"": 7, ""payout"": 49}, {""match"": 8, ""payout"": 64}, {""match"": 9, ""payout"": 81}]",Payout Logic,payout-0192,High,95.2
"[""paytable"", ""odds""]",2025-08-14,"[{""match"": 0, ""payout"": 0}, {""match"": 1, ""payout"": 1}, {""match"": 2, ""payout"": 4}, {""match"": 3, ""payout"": 9}, {""match"": 4, ""payout"": 16}, {""match"": 5, ""payout"": 25}, {""match"": 6, ""payout"": 36}, {""match"": 7, ""payout"": 49}, {""match"": 8, ""payout"": 64}, {""match"": 9, ""payout"": 81}]",Payout Logic,payout-0193,High,95.2
"[""paytable"", ""odds""]",2025-08-14,"[{""match"": 0, ""payout"": 0}, {""match"": 1, ""payout"": 1}, {""match"": 2, ""payout"": 4}, {""match"": 3, ""payout"": 9}, {""match"": 4, ""payout"": 16}, {""match"": 5, ""payout"": 25}, {""match"": 6, ""payout"": 36}, {""match"": 7, ""payout"": 49}, {""match"": 8, ""payout"": 64}, {""match"": 9, ""payout"": 81}]",Payout Logic,payout-0194,Low,95.2
"[""paytable"", ""odds""]",2025-08-14,"[{""match"": 0, ""payout"": 0}, {""match"": 1, ""payout"": 1}, {""match"": 2, ""payout"": 4}, {""match"": 3, ""payout"": 9}, {""match"": 4, ""payout"": 16}, {""match"": 5, ""payout"": 25}, {""match"": 6, ""payout"": 36}, {""match"": 7, ""payout"": 49}, {""match"": 8, ""payout"": 64}, {""match"": 9, ""payout"": 81}]",Payout Logic,payout-0195,High,95.2
"[""paytable"", ""odds""]",2025-08-14,"[{""match"": 0, ""payout"": 0}, {""match"": 1, ""payout"": 1}, {""match"": 2, ""payout"": 4}, {""match"": 3, ""payout"": 9}, {""match"": 4, ""payout"": 16}, {""match"": 5, ""payout"": 25}, {""match"": 6, ""payout"": 36}, {""match"": 7, ""payout"": 49}, {""match"": 8, ""payout"": 64}, {""match"": 9, ""payout"": 81}]",Payout Logic,payout-0196,High,95.2
"[""paytable"", ""odds""]",2025-08-14,"[{""match"": 0, ""payout"": 0}, {""match"": 1, ""payout"": 1}, {""match"": 2, ""payout"": 4}, {""match"": 3, ""payout"": 9}, {""match"": 4, ""payout"": 16}, {""match"": 5, ""payout"": 25}, {""match"": 6, ""payout"": 36}, {""match"": 7, ""payout"": 49}, {""match"": 8, ""payout"": 64}, {""match"": 9, ""payout"": 81}]",Payout Logic,payout-0197,High,95.2
"[""paytable"", ""odds""]",2025-08-14,"[{""match"": 0, ""payout"": 0}, {""match"": 1, ""payout"": 1}, {""match"": 2, ""payout"": 4}, {""match"": 3, ""payout"": 9}, {""match"": 4, ""payout"": 16}, {""match"": 5, ""payout"": 25}, {""match"": 6, ""payout"": 36}, {""match"": 7, ""payout"": 49}, {""match"": 8, ""payout"": 64}, {""match"": 9, ""payout"": 81}]",Payout Logic,payout-0198,High,95.2
"[""paytable"", ""odds""]",2025-08-14,"[{""match"": 0, ""payout"": 0}, {""match"": 1, ""payout"": 1}, {""match"": 2, ""payout"": 4}, {""match"": 3, ""payout"": 9}, {""match"": 4, ""payout"": 16}, {""match"": 5, ""payout"": 25}, {""match"": 6, ""payout"": 36}, {""match"": 7, ""payout"": 49}, {""match"": 8, ""payout"": 64}, {""match"": 9, ""payout"": 81}]",Payout Logic,payout-0199,Medium,95.2
"[""paytable"", ""odds""]",2025-08-14,"[{""match"": 0, ""payout"": 0}, {""match"": 1, ""payout"": 1}, {""match"": 2, ""payout"": 4}, {""match"": 3, ""payout"": 9}, {""match"": 4, ""payout"": 16}, {""match"": 5, ""payout"": 25}, {""match"": 6, ""payout"": 36}, {""match"": 7, ""payout"": 49}, {""match"": 8, ""payout"": 64}, {""match"": 9, ""payout"": 81}]",Payout Logic,payout-0200,Low,95.2
"[""paytable"", ""odds""]",2025-08-14,"[{""match"": 0, ""payout"": 0}, {""match"": 1, ""payout"": 1}, {""match"": 2, ""payout"": 4}, {""match"": 3, ""payout"": 9}, {""match"": 4, ""payout"": 16}, {""match"": 5, ""payout"": 25}, {""match"": 6, ""payout"": 36}, {""match"": 7, ""payout"": 49}, {""match"": 8, ""payout"": 64}, {""match"": 9, ""payout"": 81}]",Payout Logic,payout-0201,Very High,95.2
"[""paytable"", ""odds""]",2025-08-14,"[{""match"": 0, ""payout"": 0}, {""match"": 1, ""payout"": 1}, {""match"": 2, ""payout"": 4}, {""match"": 3, ""payout"": 9}, {""match"": 4, ""payout"": 16}, {""match"": 5, ""payout"": 25}, {""match"": 6, ""payout"": 36}, {""match"": 7, ""payout"": 49}, {""match"": 8, ""payout"": 64}, {""match"": 9, ""payout"": 81}]",Payout Logic,payout-0202,Medium,95.2
"[""paytable"", ""odds""]",2025-08-14,"[{""match"": 0, ""payout"": 0}, {""match"": 1, ""payout"": 1}, {""match"": 2, ""payout"": 4}, {""match"": 3, ""payout"": 9}, {""match"": 4, ""payout"": 16}, {""match"": 5, ""payout"": 25}, {""match"": 6, ""payout"": 36}, {""match"": 7, ""payout"": 49}, {""match"": 8, ""payout"": 64}, {""match"": 9, ""payout"": 81}]",Payout Logic,payout-0203,Low,95.2
"[""paytable"", ""odds""]",2025-08-14,"[{""match"": 0, ""payout"": 0}, {""match"": 1, ""payout"": 1}, {""match"": 2, ""payout"": 4}, {""match"": 3, ""payout"": 9}, {""match"": 4, ""payout"": 16}, {""match"": 5, ""payout"": 25}, {""match"": 6, ""payout"": 36}, {""match"": 7, ""payout"": 49}, {""match"": 8, ""payout"": 64}, {""match"": 9, ""payout"": 81}]",Payout Logic,payout-0204,Medium,95.2
"[""paytable"", ""odds""]",2025-08-14,"[{""match"": 0, ""payout"": 0}, {""match"": 1, ""payout"": 1}, {""match"": 2, ""payout"": 4}, {""match"": 3, ""payout"": 9}, {""match"": 4, ""payout"": 16}, {""match"": 5, ""payout"": 25}, {""match"": 6, ""payout"": 36}, {""match"": 7, ""payout"": 49}, {""match"": 8, ""payout"": 64}, {""match"": 9, ""payout"": 81}]",Payout Logic,payout-0205,High,95.2
"[""paytable"", ""odds""]",2025-08-14,"[{""match"": 0, ""payout"": 0}, {""match"": 1, ""payout"": 1}, {""match"": 2, ""payout"": 4}, {""match"": 3, ""payout"": 9}, {""match"": 4, ""payout"": 16}, {""match"": 5, ""payout"": 25}, {""match"": 6, ""payout"": 36}, {""match"": 7, ""payout"": 49}, {""match"": 8, ""payout"": 64}, {""match"": 9, ""payout"": 81}]",Payout Logic,payout-0206,Low,95.2
"[""paytable"", ""odds""]",2025-08-14,"[{""match"": 0, ""payout"": 0}, {""match"": 1, ""payout"": 1}, {""match"": 2, ""payout"": 4}, {""match"": 3, ""payout"": 9}, {""match"": 4, ""payout"": 16}, {""match"": 5, ""payout"": 25}, {""match"": 6, ""payout"": 36}, {""match"": 7, ""payout"": 49}, {""match"": 8, ""payout"": 64}, {""match"": 9, ""payout"": 81}]",Payout Logic,payout-0207,High,95.2
"[""paytable"", ""odds""]",2025-08-14,"[{""match"": 0, ""payout"": 0}, {""match"": 1, ""payout"": 1}, {""match"": 2, ""payout"": 4}, {""match"": 3, ""payout"": 9}, {""match"": 4, ""payout"": 16}, {""match"": 5, ""payout"": 25}, {""match"": 6, ""payout"": 36}, {""match"": 7, ""payout"": 49}, {""match"": 8, ""payout"": 64}, {""match"": 9, ""payout"": 81}]",Payout Logic,payout-0208,Low,95.2
"[""paytable"", ""odds""]",2025-08-14,"[{""match"": 0, ""payout"": 0}, {""match"": 1, ""payout"": 1}, {""match"": 2, ""payout"": 4}, {""match"": 3, ""payout"": 9}, {""match"": 4, ""payout"": 16}, {""match"": 5, ""payout"": 25}, {""match"": 6, ""payout"": 36}, {""match"": 7, ""payout"": 49}, {""match"": 8, ""payout"": 64}, {""match"": 9, ""payout"": 81}]",Payout Logic,payout-0209,High,95.2
"[""paytable"", ""odds""]",2025-08-14,"[{""match"": 0, ""payout"": 0}, {""match"": 1, ""payout"": 1}, {""match"": 2, ""payout"": 4}, {""match"": 3, ""payout"": 9}, {""match"": 4, ""payout"": 16}, {""match"": 5, ""payout"": 25}, {""match"": 6, ""payout"": 36}, {""match"": 7, ""payout"": 49}, {""match"": 8, ""payout"": 64}, {""match"": 9, ""payout"": 81}]",Payout Logic,payout-0210,Very High,95.2
"[""paytable"", ""odds""]",2025-08-14,"[{""match"": 0, ""payout"": 0}, {""match"": 1, ""payout"": 1}, {""match"": 2, ""payout"": 4}, {""match"": 3, ""payout"": 9}, {""match"": 4, ""payout"": 16}, {""match"": 5, ""payout"": 25}, {""match"": 6, ""payout"": 36}, {""match"": 7, ""payout"": 49}, {""match"": 8, ""payout"": 64}, {""match"": 9, ""payout"": 81}]",Payout Logic,payout-0211,Medium,95.2
"[""paytable"", ""odds""]",2025-08-14,"[{""match"": 0, ""payout"": 0}, {""match"": 1, ""payout"": 1}, {""match"": 2, ""payout"": 4}, {""match"": 3, ""payout"": 9}, {""match"": 4, ""payout"": 16}, {""match"": 5, ""payout"": 25}, {""match"": 6, ""payout"": 36}, {""match"": 7, ""payout"": 49}, {""match"": 8, ""payout"": 64}, {""match"": 9, ""payout"": 81}]",Payout Logic,payout-0212,Medium,95.2
"[""paytable"", ""odds""]",2025-08-14,"[{""match"": 0, ""payout"": 0}, {""match"": 1, ""payout"": 1}, {""match"": 2, ""payout"": 4}, {""match"": 3, ""payout"": 9}, {""match"": 4, ""payout"": 16}, {""match"": 5, ""payout"": 25}, {""match"": 6, ""payout"": 36}, {""match"": 7, ""payout"": 49}, {""match"": 8, ""payout"": 64}, {""match"": 9, ""payout"": 81}]",Payout Logic,payout-0213,Medium,95.2
"[""paytable"", ""odds""]",2025-08-14,"[{""match"": 0, ""payout"": 0}, {""match"": 1, ""payout"": 1}, {""match"": 2, ""payout"": 4}, {""match"": 3, ""payout"": 9}, {""match"": 4, ""payout"": 16}, {""match"": 5, ""payout"": 25}, {""match"": 6, ""payout"": 36}, {""match"": 7, ""payout"": 49}, {""match"": 8, ""payout"": 64}, {""match"": 9, ""payout"": 81}]",Payout Logic,payout-0214,Low,95.2
"[""paytable"", ""odds""]",2025-08-14,"[{""match"": 0, ""payout"": 0}, {""match"": 1, ""payout"": 1}, {""match"": 2, ""payout"": 4}, {""match"": 3, ""payout"": 9}, {""match"": 4, ""payout"": 16}, {""match"": 5, ""payout"": 25}, {""match"": 6, ""payout"": 36}, {""match"": 7, ""payout"": 49}, {""match"": 8, ""payout"": 64}, {""match"": 9, ""payout"": 81}]",Payout Logic,payout-0215,Low,95.2
"[""paytable"", ""odds""]",2025-08-14,"[{""match"": 0, ""payout"": 0}, {""match"": 1, ""payout"": 1}, {""match"": 2, ""payout"": 4}, {""match"": 3, ""payout"": 9}, {""match"": 4, ""payout"": 16}, {""match"": 5, ""payout"": 25}, {""match"": 6, ""payout"": 36}, {""match"": 7, ""payout"": 49}, {""match"": 8, ""payout"": 64}, {""match"": 9, ""payout"": 81}]",Payout Logic,payout-0216,Very High,95.2
"[""paytable"", ""odds""]",2025-08-14,"[{""match"": 0, ""payout"": 0}, {""match"": 1, ""payout"": 1}, {""match"": 2, ""payout"": 4}, {""match"": 3, ""payout"": 9}, {""match"": 4, ""payout"": 16}, {""match"": 5, ""payout"": 25}, {""match"": 6, ""payout"": 36}, {""match"": 7, ""payout"": 49}, {""match"": 8, ""payout"": 64}, {""match"": 9, ""payout"": 81}]",Payout Logic,payout-0217,Very High,95.2
"[""paytable"", ""odds""]",2025-08-14,"[{""match"": 0, ""payout"": 0}, {""match"": 1, ""payout"": 1}, {""match"": 2, ""payout"": 4}, {""match"": 3, ""payout"": 9}, {""match"": 4, ""payout"": 16}, {""match"": 5, ""payout"": 25}, {""match"": 6, ""payout"": 36}, {""match"": 7, ""payout"": 49}, {""match"": 8, ""payout"": 64}, {""match"": 9, ""payout"": 81}]",Payout Logic,payout-0218,Medium,95.2
"[""paytable"", ""odds""]",2025-08-14,"[{""match"": 0, ""payout"": 0}, {""match"": 1, ""payout"": 1}, {""match"": 2, ""payout"": 4}, {""match"": 3, ""payout"": 9}, {""match"": 4, ""payout"": 16}, {""match"": 5, ""payout"": 25}, {""match"": 6, ""payout"": 36}, {""match"": 7, ""payout"": 49}, {""match"": 8, ""payout"": 64}, {""match"": 9, ""payout"": 81}]",Payout Logic,payout-0219,Medium,95.2
"[""paytable"", ""odds""]",2025-08-14,"[{""match"": 0, ""payout"": 0}, {""match"": 1, ""payout"": 1}, {""match"": 2, ""payout"": 4}, {""match"": 3, ""payout"": 9}, {""match"": 4, ""payout"": 16}, {""match"": 5, ""payout"": 25}, {""match"": 6, ""payout"": 36}, {""match"": 7, ""payout"": 49}, {""match"": 8, ""payout"": 64}, {""match"": 9, ""payout"": 81}]",Payout Logic,payout-0220,High,95.2
