tags,last_updated,directions,brand,product_name,compliance,category,id,ingredients
"[""ingredients"", ""directions"", ""compliance""]",2025-08-14,Mist on panel. Spread & buff. Avoid hot surfaces.,Bold & Buff,Ceramic Spray Sealant,"{""lot_code"": ""LOT-1001"", ""made_in"": ""Canada"", ""net_content"": ""16 fl oz (473 mL)"", ""regulatory"": [""OSHA GHS""]}",Product Label,label-0001,"[""Sodium Laureth Sulfate"", ""Citrus Peel Oil"", ""Preservative"", ""Polydimethylsiloxane"", ""Cocamidopropyl Betaine""]"
"[""ingredients"", ""directions"", ""compliance""]",2025-08-14,"Dilute 1:256 (0.5 oz/gal). Foam, agitate, rinse, dry.",Bold & Buff,Citrus Foam Wash,"{""lot_code"": ""LOT-1002"", ""made_in"": ""USA"", ""net_content"": ""16 fl oz (473 mL)"", ""regulatory"": [""OSHA GHS""]}",Product Label,label-0002,"[""Preservative"", ""Sodium Laureth Sulfate"", ""Water"", ""Sodium Chloride"", ""SiO2 Emulsion""]"
"[""ingredients"", ""directions"", ""compliance""]",2025-08-14,Mist on panel. Spread & buff. Avoid hot surfaces.,Bold & Buff,Graphene Quick Detailer,"{""lot_code"": ""LOT-1003"", ""made_in"": ""Mexico"", ""net_content"": ""16 fl oz (473 mL)"", ""regulatory"": [""OSHA GHS""]}",Product Label,label-0003,"[""Water"", ""Citrus Peel Oil"", ""Polydimethylsiloxane"", ""Sodium Laureth Sulfate"", ""Cocamidopropyl Betaine""]"
"[""ingredients"", ""directions"", ""compliance""]",2025-08-14,Mist on panel. Spread & buff. Avoid hot surfaces.,Bold & Buff,Graphene Quick Detailer,"{""lot_code"": ""LOT-1004"", ""made_in"": ""USA"", ""net_content"": ""16 fl oz (473 mL)"", ""regulatory"": [""OSHA GHS""]}",Product Label,label-0004,"[""Citrus Peel Oil"", ""Preservative"", ""Water"", ""Cocamidopropyl Betaine"", ""Polydimethylsiloxane""]"
"[""ingredients"", ""directions"", ""compliance""]",2025-08-14,"Dilute 1:256 (0.5 oz/gal). Foam, agitate, rinse, dry.",Bold & Buff,Ceramic Spray Sealant,"{""lot_code"": ""LOT-1005"", ""made_in"": ""USA"", ""net_content"": ""24 fl oz (710 mL)"", ""regulatory"": [""OSHA GHS""]}",Product Label,label-0005,"[""Sodium Laureth Sulfate"", ""Polydimethylsiloxane"", ""Sodium Chloride"", ""Citrus Peel Oil"", ""Preservative""]"
"[""ingredients"", ""directions"", ""compliance""]",2025-08-14,Mist on panel. Spread & buff. Avoid hot surfaces.,Bold & Buff,Graphene Quick Detailer,"{""lot_code"": ""LOT-1006"", ""made_in"": ""Mexico"", ""net_content"": ""24 fl oz (710 mL)"", ""regulatory"": [""OSHA GHS""]}",Product Label,label-0006,"[""Sodium Laureth Sulfate"", ""Citrus Peel Oil"", ""Sodium Chloride"", ""SiO2 Emulsion"", ""Polydimethylsiloxane""]"
"[""ingredients"", ""directions"", ""compliance""]",2025-08-14,Mist on panel. Spread & buff. Avoid hot surfaces.,Bold & Buff,Citrus Foam Wash,"{""lot_code"": ""LOT-1007"", ""made_in"": ""Canada"", ""net_content"": ""16 fl oz (473 mL)"", ""regulatory"": [""OSHA GHS""]}",Product Label,label-0007,"[""Sodium Chloride"", ""Polydimethylsiloxane"", ""SiO2 Emulsion"", ""Citrus Peel Oil"", ""Sodium Laureth Sulfate""]"
"[""ingredients"", ""directions"", ""compliance""]",2025-08-14,Mist on panel. Spread & buff. Avoid hot surfaces.,Bold & Buff,Graphene Quick Detailer,"{""lot_code"": ""LOT-1008"", ""made_in"": ""Canada"", ""net_content"": ""16 fl oz (473 mL)"", ""regulatory"": [""OSHA GHS""]}",Product Label,label-0008,"[""Citrus Peel Oil"", ""Polydimethylsiloxane"", ""Water"", ""Preservative"", ""Sodium Laureth Sulfate""]"
"[""ingredients"", ""directions"", ""compliance""]",2025-08-14,Mist on panel. Spread & buff. Avoid hot surfaces.,Bold & Buff,Ceramic Spray Sealant,"{""lot_code"": ""LOT-1009"", ""made_in"": ""Canada"", ""net_content"": ""24 fl oz (710 mL)"", ""regulatory"": [""OSHA GHS""]}",Product Label,label-0009,"[""Cocamidopropyl Betaine"", ""Sodium Laureth Sulfate"", ""Citrus Peel Oil"", ""SiO2 Emulsion"", ""Sodium Chloride""]"
"[""ingredients"", ""directions"", ""compliance""]",2025-08-14,"Dilute 1:256 (0.5 oz/gal). Foam, agitate, rinse, dry.",Bold & Buff,Graphene Quick Detailer,"{""lot_code"": ""LOT-1010"", ""made_in"": ""Canada"", ""net_content"": ""24 fl oz (710 mL)"", ""regulatory"": [""OSHA GHS""]}",Product Label,label-0010,"[""Sodium Chloride"", ""Preservative"", ""Citrus Peel Oil"", ""Cocamidopropyl Betaine"", ""Sodium Laureth Sulfate""]"
"[""ingredients"", ""directions"", ""compliance""]",2025-08-14,Mist on panel. Spread & buff. Avoid hot surfaces.,Bold & Buff,Graphene Quick Detailer,"{""lot_code"": ""LOT-1011"", ""made_in"": ""Canada"", ""net_content"": ""24 fl oz (710 mL)"", ""regulatory"": [""OSHA GHS""]}",Product Label,label-0011,"[""Sodium Laureth Sulfate"", ""Polydimethylsiloxane"", ""Water"", ""Citrus Peel Oil"", ""Sodium Chloride""]"
"[""ingredients"", ""directions"", ""compliance""]",2025-08-14,"Dilute 1:256 (0.5 oz/gal). Foam, agitate, rinse, dry.",Bold & Buff,Ceramic Spray Sealant,"{""lot_code"": ""LOT-1012"", ""made_in"": ""USA"", ""net_content"": ""16 fl oz (473 mL)"", ""regulatory"": [""OSHA GHS""]}",Product Label,label-0012,"[""Water"", ""Polydimethylsiloxane"", ""Citrus Peel Oil"", ""Preservative"", ""Sodium Chloride""]"
"[""ingredients"", ""directions"", ""compliance""]",2025-08-14,Mist on panel. Spread & buff. Avoid hot surfaces.,Bold & Buff,Ceramic Spray Sealant,"{""lot_code"": ""LOT-1013"", ""made_in"": ""Canada"", ""net_content"": ""24 fl oz (710 mL)"", ""regulatory"": [""OSHA GHS""]}",Product Label,label-0013,"[""SiO2 Emulsion"", ""Cocamidopropyl Betaine"", ""Sodium Laureth Sulfate"", ""Polydimethylsiloxane"", ""Water""]"
"[""ingredients"", ""directions"", ""compliance""]",2025-08-14,Mist on panel. Spread & buff. Avoid hot surfaces.,Bold & Buff,Graphene Quick Detailer,"{""lot_code"": ""LOT-1014"", ""made_in"": ""Canada"", ""net_content"": ""24 fl oz (710 mL)"", ""regulatory"": [""OSHA GHS""]}",Product Label,label-0014,"[""Water"", ""SiO2 Emulsion"", ""Sodium Laureth Sulfate"", ""Sodium Chloride"", ""Cocamidopropyl Betaine""]"
"[""ingredients"", ""directions"", ""compliance""]",2025-08-14,"Dilute 1:256 (0.5 oz/gal). Foam, agitate, rinse, dry.",Bold & Buff,Citrus Foam Wash,"{""lot_code"": ""LOT-1015"", ""made_in"": ""Mexico"", ""net_content"": ""24 fl oz (710 mL)"", ""regulatory"": [""OSHA GHS""]}",Product Label,label-0015,"[""SiO2 Emulsion"", ""Sodium Laureth Sulfate"", ""Polydimethylsiloxane"", ""Cocamidopropyl Betaine"", ""Sodium Chloride""]"
"[""ingredients"", ""directions"", ""compliance""]",2025-08-14,Mist on panel. Spread & buff. Avoid hot surfaces.,Bold & Buff,Graphene Quick Detailer,"{""lot_code"": ""LOT-1016"", ""made_in"": ""USA"", ""net_content"": ""16 fl oz (473 mL)"", ""regulatory"": [""OSHA GHS""]}",Product Label,label-0016,"[""Polydimethylsiloxane"", ""Sodium Laureth Sulfate"", ""Sodium Chloride"", ""SiO2 Emulsion"", ""Water""]"
"[""ingredients"", ""directions"", ""compliance""]",2025-08-14,"Dilute 1:256 (0.5 oz/gal). Foam, agitate, rinse, dry.",Bold & Buff,Ceramic Spray Sealant,"{""lot_code"": ""LOT-1017"", ""made_in"": ""Mexico"", ""net_content"": ""16 fl oz (473 mL)"", ""regulatory"": [""OSHA GHS""]}",Product Label,label-0017,"[""Polydimethylsiloxane"", ""Preservative"", ""Sodium Chloride"", ""SiO2 Emulsion"", ""Sodium Laureth Sulfate""]"
"[""ingredients"", ""directions"", ""compliance""]",2025-08-14,Mist on panel. Spread & buff. Avoid hot surfaces.,Bold & Buff,Ceramic Spray Sealant,"{""lot_code"": ""LOT-1018"", ""made_in"": ""USA"", ""net_content"": ""24 fl oz (710 mL)"", ""regulatory"": [""OSHA GHS""]}",Product Label,label-0018,"[""Citrus Peel Oil"", ""SiO2 Emulsion"", ""Preservative"", ""Sodium Laureth Sulfate"", ""Cocamidopropyl Betaine""]"
"[""ingredients"", ""directions"", ""compliance""]",2025-08-14,"Dilute 1:256 (0.5 oz/gal). Foam, agitate, rinse, dry.",Bold & Buff,Ceramic Spray Sealant,"{""lot_code"": ""LOT-1019"", ""made_in"": ""Canada"", ""net_content"": ""16 fl oz (473 mL)"", ""regulatory"": [""OSHA GHS""]}",Product Label,label-0019,"[""Preservative"", ""Sodium Laureth Sulfate"", ""Cocamidopropyl Betaine"", ""Sodium Chloride"", ""Citrus Peel Oil""]"
"[""ingredients"", ""directions"", ""compliance""]",2025-08-14,Mist on panel. Spread & buff. Avoid hot surfaces.,Bold & Buff,Ceramic Spray Sealant,"{""lot_code"": ""LOT-1020"", ""made_in"": ""USA"", ""net_content"": ""24 fl oz (710 mL)"", ""regulatory"": [""OSHA GHS""]}",Product Label,label-0020,"[""SiO2 Emulsion"", ""Citrus Peel Oil"", ""Sodium Chloride"", ""Sodium Laureth Sulfate"", ""Cocamidopropyl Betaine""]"
"[""ingredients"", ""directions"", ""compliance""]",2025-08-14,"Dilute 1:256 (0.5 oz/gal). Foam, agitate, rinse, dry.",Bold & Buff,Graphene Quick Detailer,"{""lot_code"": ""LOT-1021"", ""made_in"": ""Canada"", ""net_content"": ""16 fl oz (473 mL)"", ""regulatory"": [""OSHA GHS""]}",Product Label,label-0021,"[""Sodium Laureth Sulfate"", ""SiO2 Emulsion"", ""Cocamidopropyl Betaine"", ""Citrus Peel Oil"", ""Sodium Chloride""]"
"[""ingredients"", ""directions"", ""compliance""]",2025-08-14,"Dilute 1:256 (0.5 oz/gal). Foam, agitate, rinse, dry.",Bold & Buff,Ceramic Spray Sealant,"{""lot_code"": ""LOT-1022"", ""made_in"": ""Canada"", ""net_content"": ""16 fl oz (473 mL)"", ""regulatory"": [""OSHA GHS""]}",Product Label,label-0022,"[""Sodium Chloride"", ""Sodium Laureth Sulfate"", ""SiO2 Emulsion"", ""Water"", ""Citrus Peel Oil""]"
"[""ingredients"", ""directions"", ""compliance""]",2025-08-14,"Dilute 1:256 (0.5 oz/gal). Foam, agitate, rinse, dry.",Bold & Buff,Graphene Quick Detailer,"{""lot_code"": ""LOT-1023"", ""made_in"": ""USA"", ""net_content"": ""24 fl oz (710 mL)"", ""regulatory"": [""OSHA GHS""]}",Product Label,label-0023,"[""Preservative"", ""SiO2 Emulsion"", ""Cocamidopropyl Betaine"", ""Polydimethylsiloxane"", ""Sodium Chloride""]"
"[""ingredients"", ""directions"", ""compliance""]",2025-08-14,Mist on panel. Spread & buff. Avoid hot surfaces.,Bold & Buff,Citrus Foam Wash,"{""lot_code"": ""LOT-1024"", ""made_in"": ""Mexico"", ""net_content"": ""24 fl oz (710 mL)"", ""regulatory"": [""OSHA GHS""]}",Product Label,label-0024,"[""Sodium Laureth Sulfate"", ""Cocamidopropyl Betaine"", ""Polydimethylsiloxane"", ""Sodium Chloride"", ""SiO2 Emulsion""]"
"[""ingredients"", ""directions"", ""compliance""]",2025-08-14,"Dilute 1:256 (0.5 oz/gal). Foam, agitate, rinse, dry.",Bold & Buff,Ceramic Spray Sealant,"{""lot_code"": ""LOT-1025"", ""made_in"": ""Mexico"", ""net_content"": ""24 fl oz (710 mL)"", ""regulatory"": [""OSHA GHS""]}",Product Label,label-0025,"[""Citrus Peel Oil"", ""Water"", ""Cocamidopropyl Betaine"", ""Polydimethylsiloxane"", ""Preservative""]"
"[""ingredients"", ""directions"", ""compliance""]",2025-08-14,Mist on panel. Spread & buff. Avoid hot surfaces.,Bold & Buff,Citrus Foam Wash,"{""lot_code"": ""LOT-1026"", ""made_in"": ""USA"", ""net_content"": ""24 fl oz (710 mL)"", ""regulatory"": [""OSHA GHS""]}",Product Label,label-0026,"[""Preservative"", ""Citrus Peel Oil"", ""SiO2 Emulsion"", ""Polydimethylsiloxane"", ""Sodium Laureth Sulfate""]"
"[""ingredients"", ""directions"", ""compliance""]",2025-08-14,"Dilute 1:256 (0.5 oz/gal). Foam, agitate, rinse, dry.",Bold & Buff,Ceramic Spray Sealant,"{""lot_code"": ""LOT-1027"", ""made_in"": ""Mexico"", ""net_content"": ""24 fl oz (710 mL)"", ""regulatory"": [""OSHA GHS""]}",Product Label,label-0027,"[""Citrus Peel Oil"", ""Sodium Laureth Sulfate"", ""SiO2 Emulsion"", ""Polydimethylsiloxane"", ""Sodium Chloride""]"
"[""ingredients"", ""directions"", ""compliance""]",2025-08-14,"Dilute 1:256 (0.5 oz/gal). Foam, agitate, rinse, dry.",Bold & Buff,Graphene Quick Detailer,"{""lot_code"": ""LOT-1028"", ""made_in"": ""Canada"", ""net_content"": ""16 fl oz (473 mL)"", ""regulatory"": [""OSHA GHS""]}",Product Label,label-0028,"[""Sodium Chloride"", ""Water"", ""Polydimethylsiloxane"", ""Cocamidopropyl Betaine"", ""Sodium Laureth Sulfate""]"
"[""ingredients"", ""directions"", ""compliance""]",2025-08-14,"Dilute 1:256 (0.5 oz/gal). Foam, agitate, rinse, dry.",Bold & Buff,Graphene Quick Detailer,"{""lot_code"": ""LOT-1029"", ""made_in"": ""USA"", ""net_content"": ""16 fl oz (473 mL)"", ""regulatory"": [""OSHA GHS""]}",Product Label,label-0029,"[""Polydimethylsiloxane"", ""Sodium Laureth Sulfate"", ""Citrus Peel Oil"", ""Water"", ""Sodium Chloride""]"
"[""ingredients"", ""directions"", ""compliance""]",2025-08-14,"Dilute 1:256 (0.5 oz/gal). Foam, agitate, rinse, dry.",Bold & Buff,Citrus Foam Wash,"{""lot_code"": ""LOT-1030"", ""made_in"": ""Canada"", ""net_content"": ""16 fl oz (473 mL)"", ""regulatory"": [""OSHA GHS""]}",Product Label,label-0030,"[""SiO2 Emulsion"", ""Water"", ""Sodium Laureth Sulfate"", ""Cocamidopropyl Betaine"", ""Preservative""]"
"[""ingredients"", ""directions"", ""compliance""]",2025-08-14,"Dilute 1:256 (0.5 oz/gal). Foam, agitate, rinse, dry.",Bold & Buff,Graphene Quick Detailer,"{""lot_code"": ""LOT-1031"", ""made_in"": ""USA"", ""net_content"": ""16 fl oz (473 mL)"", ""regulatory"": [""OSHA GHS""]}",Product Label,label-0031,"[""Citrus Peel Oil"", ""Preservative"", ""Polydimethylsiloxane"", ""Sodium Laureth Sulfate"", ""Cocamidopropyl Betaine""]"
"[""ingredients"", ""directions"", ""compliance""]",2025-08-14,"Dilute 1:256 (0.5 oz/gal). Foam, agitate, rinse, dry.",Bold & Buff,Graphene Quick Detailer,"{""lot_code"": ""LOT-1032"", ""made_in"": ""USA"", ""net_content"": ""16 fl oz (473 mL)"", ""regulatory"": [""OSHA GHS""]}",Product Label,label-0032,"[""Polydimethylsiloxane"", ""Cocamidopropyl Betaine"", ""Sodium Chloride"", ""Sodium Laureth Sulfate"", ""Preservative""]"
"[""ingredients"", ""directions"", ""compliance""]",2025-08-14,"Dilute 1:256 (0.5 oz/gal). Foam, agitate, rinse, dry.",Bold & Buff,Citrus Foam Wash,"{""lot_code"": ""LOT-1033"", ""made_in"": ""Canada"", ""net_content"": ""16 fl oz (473 mL)"", ""regulatory"": [""OSHA GHS""]}",Product Label,label-0033,"[""Preservative"", ""Cocamidopropyl Betaine"", ""Sodium Chloride"", ""SiO2 Emulsion"", ""Sodium Laureth Sulfate""]"
"[""ingredients"", ""directions"", ""compliance""]",2025-08-14,Mist on panel. Spread & buff. Avoid hot surfaces.,Bold & Buff,Graphene Quick Detailer,"{""lot_code"": ""LOT-1034"", ""made_in"": ""Mexico"", ""net_content"": ""16 fl oz (473 mL)"", ""regulatory"": [""OSHA GHS""]}",Product Label,label-0034,"[""Preservative"", ""SiO2 Emulsion"", ""Citrus Peel Oil"", ""Polydimethylsiloxane"", ""Cocamidopropyl Betaine""]"
"[""ingredients"", ""directions"", ""compliance""]",2025-08-14,Mist on panel. Spread & buff. Avoid hot surfaces.,Bold & Buff,Graphene Quick Detailer,"{""lot_code"": ""LOT-1035"", ""made_in"": ""USA"", ""net_content"": ""16 fl oz (473 mL)"", ""regulatory"": [""OSHA GHS""]}",Product Label,label-0035,"[""Sodium Chloride"", ""Preservative"", ""Cocamidopropyl Betaine"", ""Polydimethylsiloxane"", ""Water""]"
"[""ingredients"", ""directions"", ""compliance""]",2025-08-14,Mist on panel. Spread & buff. Avoid hot surfaces.,Bold & Buff,Graphene Quick Detailer,"{""lot_code"": ""LOT-1036"", ""made_in"": ""USA"", ""net_content"": ""24 fl oz (710 mL)"", ""regulatory"": [""OSHA GHS""]}",Product Label,label-0036,"[""Sodium Chloride"", ""Cocamidopropyl Betaine"", ""SiO2 Emulsion"", ""Preservative"", ""Water""]"
"[""ingredients"", ""directions"", ""compliance""]",2025-08-14,Mist on panel. Spread & buff. Avoid hot surfaces.,Bold & Buff,Ceramic Spray Sealant,"{""lot_code"": ""LOT-1037"", ""made_in"": ""Mexico"", ""net_content"": ""24 fl oz (710 mL)"", ""regulatory"": [""OSHA GHS""]}",Product Label,label-0037,"[""Sodium Laureth Sulfate"", ""Preservative"", ""Citrus Peel Oil"", ""Polydimethylsiloxane"", ""Cocamidopropyl Betaine""]"
"[""ingredients"", ""directions"", ""compliance""]",2025-08-14,Mist on panel. Spread & buff. Avoid hot surfaces.,Bold & Buff,Ceramic Spray Sealant,"{""lot_code"": ""LOT-1038"", ""made_in"": ""USA"", ""net_content"": ""16 fl oz (473 mL)"", ""regulatory"": [""OSHA GHS""]}",Product Label,label-0038,"[""Citrus Peel Oil"", ""Water"", ""Polydimethylsiloxane"", ""Sodium Laureth Sulfate"", ""Sodium Chloride""]"
"[""ingredients"", ""directions"", ""compliance""]",2025-08-14,Mist on panel. Spread & buff. Avoid hot surfaces.,Bold & Buff,Graphene Quick Detailer,"{""lot_code"": ""LOT-1039"", ""made_in"": ""Mexico"", ""net_content"": ""16 fl oz (473 mL)"", ""regulatory"": [""OSHA GHS""]}",Product Label,label-0039,"[""Water"", ""Cocamidopropyl Betaine"", ""Sodium Chloride"", ""SiO2 Emulsion"", ""Preservative""]"
"[""ingredients"", ""directions"", ""compliance""]",2025-08-14,"Dilute 1:256 (0.5 oz/gal). Foam, agitate, rinse, dry.",Bold & Buff,Citrus Foam Wash,"{""lot_code"": ""LOT-1040"", ""made_in"": ""USA"", ""net_content"": ""24 fl oz (710 mL)"", ""regulatory"": [""OSHA GHS""]}",Product Label,label-0040,"[""Cocamidopropyl Betaine"", ""Citrus Peel Oil"", ""Water"", ""Polydimethylsiloxane"", ""SiO2 Emulsion""]"
"[""ingredients"", ""directions"", ""compliance""]",2025-08-14,Mist on panel. Spread & buff. Avoid hot surfaces.,Bold & Buff,Graphene Quick Detailer,"{""lot_code"": ""LOT-1041"", ""made_in"": ""USA"", ""net_content"": ""24 fl oz (710 mL)"", ""regulatory"": [""OSHA GHS""]}",Product Label,label-0041,"[""Polydimethylsiloxane"", ""Cocamidopropyl Betaine"", ""Water"", ""Preservative"", ""Sodium Laureth Sulfate""]"
"[""ingredients"", ""directions"", ""compliance""]",2025-08-14,"Dilute 1:256 (0.5 oz/gal). Foam, agitate, rinse, dry.",Bold & Buff,Graphene Quick Detailer,"{""lot_code"": ""LOT-1042"", ""made_in"": ""Canada"", ""net_content"": ""24 fl oz (710 mL)"", ""regulatory"": [""OSHA GHS""]}",Product Label,label-0042,"[""Preservative"", ""Sodium Chloride"", ""Water"", ""Citrus Peel Oil"", ""Sodium Laureth Sulfate""]"
"[""ingredients"", ""directions"", ""compliance""]",2025-08-14,"Dilute 1:256 (0.5 oz/gal). Foam, agitate, rinse, dry.",Bold & Buff,Graphene Quick Detailer,"{""lot_code"": ""LOT-1043"", ""made_in"": ""USA"", ""net_content"": ""16 fl oz (473 mL)"", ""regulatory"": [""OSHA GHS""]}",Product Label,label-0043,"[""SiO2 Emulsion"", ""Sodium Laureth Sulfate"", ""Polydimethylsiloxane"", ""Sodium Chloride"", ""Preservative""]"
"[""ingredients"", ""directions"", ""compliance""]",2025-08-14,"Dilute 1:256 (0.5 oz/gal). Foam, agitate, rinse, dry.",Bold & Buff,Graphene Quick Detailer,"{""lot_code"": ""LOT-1044"", ""made_in"": ""USA"", ""net_content"": ""16 fl oz (473 mL)"", ""regulatory"": [""OSHA GHS""]}",Product Label,label-0044,"[""Citrus Peel Oil"", ""Cocamidopropyl Betaine"", ""Sodium Chloride"", ""Sodium Laureth Sulfate"", ""Water""]"
"[""ingredients"", ""directions"", ""compliance""]",2025-08-14,Mist on panel. Spread & buff. Avoid hot surfaces.,Bold & Buff,Citrus Foam Wash,"{""lot_code"": ""LOT-1045"", ""made_in"": ""USA"", ""net_content"": ""24 fl oz (710 mL)"", ""regulatory"": [""OSHA GHS""]}",Product Label,label-0045,"[""Polydimethylsiloxane"", ""Citrus Peel Oil"", ""SiO2 Emulsion"", ""Sodium Chloride"", ""Preservative""]"
"[""ingredients"", ""directions"", ""compliance""]",2025-08-14,"Dilute 1:256 (0.5 oz/gal). Foam, agitate, rinse, dry.",Bold & Buff,Graphene Quick Detailer,"{""lot_code"": ""LOT-1046"", ""made_in"": ""USA"", ""net_content"": ""16 fl oz (473 mL)"", ""regulatory"": [""OSHA GHS""]}",Product Label,label-0046,"[""SiO2 Emulsion"", ""Citrus Peel Oil"", ""Polydimethylsiloxane"", ""Sodium Chloride"", ""Preservative""]"
"[""ingredients"", ""directions"", ""compliance""]",2025-08-14,"Dilute 1:256 (0.5 oz/gal). Foam, agitate, rinse, dry.",Bold & Buff,Ceramic Spray Sealant,"{""lot_code"": ""LOT-1047"", ""made_in"": ""Canada"", ""net_content"": ""24 fl oz (710 mL)"", ""regulatory"": [""OSHA GHS""]}",Product Label,label-0047,"[""Water"", ""SiO2 Emulsion"", ""Polydimethylsiloxane"", ""Preservative"", ""Sodium Chloride""]"
"[""ingredients"", ""directions"", ""compliance""]",2025-08-14,"Dilute 1:256 (0.5 oz/gal). Foam, agitate, rinse, dry.",Bold & Buff,Graphene Quick Detailer,"{""lot_code"": ""LOT-1048"", ""made_in"": ""Mexico"", ""net_content"": ""24 fl oz (710 mL)"", ""regulatory"": [""OSHA GHS""]}",Product Label,label-0048,"[""Sodium Chloride"", ""Cocamidopropyl Betaine"", ""Water"", ""Citrus Peel Oil"", ""Sodium Laureth Sulfate""]"
"[""ingredients"", ""directions"", ""compliance""]",2025-08-14,Mist on panel. Spread & buff. Avoid hot surfaces.,Bold & Buff,Graphene Quick Detailer,"{""lot_code"": ""LOT-1049"", ""made_in"": ""Mexico"", ""net_content"": ""24 fl oz (710 mL)"", ""regulatory"": [""OSHA GHS""]}",Product Label,label-0049,"[""Polydimethylsiloxane"", ""Preservative"", ""SiO2 Emulsion"", ""Citrus Peel Oil"", ""Sodium Chloride""]"
"[""ingredients"", ""directions"", ""compliance""]",2025-08-14,"Dilute 1:256 (0.5 oz/gal). Foam, agitate, rinse, dry.",Bold & Buff,Graphene Quick Detailer,"{""lot_code"": ""LOT-1050"", ""made_in"": ""Mexico"", ""net_content"": ""16 fl oz (473 mL)"", ""regulatory"": [""OSHA GHS""]}",Product Label,label-0050,"[""Polydimethylsiloxane"", ""Preservative"", ""Water"", ""Sodium Chloride"", ""Cocamidopropyl Betaine""]"
"[""ingredients"", ""directions"", ""compliance""]",2025-08-14,Mist on panel. Spread & buff. Avoid hot surfaces.,Bold & Buff,Graphene Quick Detailer,"{""lot_code"": ""LOT-1051"", ""made_in"": ""USA"", ""net_content"": ""16 fl oz (473 mL)"", ""regulatory"": [""OSHA GHS""]}",Product Label,label-0051,"[""Water"", ""Cocamidopropyl Betaine"", ""Sodium Laureth Sulfate"", ""Polydimethylsiloxane"", ""SiO2 Emulsion""]"
"[""ingredients"", ""directions"", ""compliance""]",2025-08-14,Mist on panel. Spread & buff. Avoid hot surfaces.,Bold & Buff,Citrus Foam Wash,"{""lot_code"": ""LOT-1052"", ""made_in"": ""Mexico"", ""net_content"": ""16 fl oz (473 mL)"", ""regulatory"": [""OSHA GHS""]}",Product Label,label-0052,"[""Sodium Laureth Sulfate"", ""SiO2 Emulsion"", ""Polydimethylsiloxane"", ""Water"", ""Sodium Chloride""]"
"[""ingredients"", ""directions"", ""compliance""]",2025-08-14,Mist on panel. Spread & buff. Avoid hot surfaces.,Bold & Buff,Ceramic Spray Sealant,"{""lot_code"": ""LOT-1053"", ""made_in"": ""Canada"", ""net_content"": ""16 fl oz (473 mL)"", ""regulatory"": [""OSHA GHS""]}",Product Label,label-0053,"[""Cocamidopropyl Betaine"", ""Water"", ""Preservative"", ""Citrus Peel Oil"", ""Sodium Laureth Sulfate""]"
"[""ingredients"", ""directions"", ""compliance""]",2025-08-14,Mist on panel. Spread & buff. Avoid hot surfaces.,Bold & Buff,Graphene Quick Detailer,"{""lot_code"": ""LOT-1054"", ""made_in"": ""Mexico"", ""net_content"": ""16 fl oz (473 mL)"", ""regulatory"": [""OSHA GHS""]}",Product Label,label-0054,"[""Cocamidopropyl Betaine"", ""Preservative"", ""Water"", ""Sodium Laureth Sulfate"", ""Citrus Peel Oil""]"
"[""ingredients"", ""directions"", ""compliance""]",2025-08-14,"Dilute 1:256 (0.5 oz/gal). Foam, agitate, rinse, dry.",Bold & Buff,Graphene Quick Detailer,"{""lot_code"": ""LOT-1055"", ""made_in"": ""Mexico"", ""net_content"": ""16 fl oz (473 mL)"", ""regulatory"": [""OSHA GHS""]}",Product Label,label-0055,"[""Preservative"", ""Cocamidopropyl Betaine"", ""Polydimethylsiloxane"", ""SiO2 Emulsion"", ""Water""]"
"[""ingredients"", ""directions"", ""compliance""]",2025-08-14,"Dilute 1:256 (0.5 oz/gal). Foam, agitate, rinse, dry.",Bold & Buff,Graphene Quick Detailer,"{""lot_code"": ""LOT-1056"", ""made_in"": ""Canada"", ""net_content"": ""24 fl oz (710 mL)"", ""regulatory"": [""OSHA GHS""]}",Product Label,label-0056,"[""Preservative"", ""Cocamidopropyl Betaine"", ""Citrus Peel Oil"", ""SiO2 Emulsion"", ""Polydimethylsiloxane""]"
"[""ingredients"", ""directions"", ""compliance""]",2025-08-14,Mist on panel. Spread & buff. Avoid hot surfaces.,Bold & Buff,Ceramic Spray Sealant,"{""lot_code"": ""LOT-1057"", ""made_in"": ""USA"", ""net_content"": ""24 fl oz (710 mL)"", ""regulatory"": [""OSHA GHS""]}",Product Label,label-0057,"[""Citrus Peel Oil"", ""Sodium Chloride"", ""Water"", ""Cocamidopropyl Betaine"", ""Sodium Laureth Sulfate""]"
"[""ingredients"", ""directions"", ""compliance""]",2025-08-14,"Dilute 1:256 (0.5 oz/gal). Foam, agitate, rinse, dry.",Bold & Buff,Graphene Quick Detailer,"{""lot_code"": ""LOT-1058"", ""made_in"": ""Canada"", ""net_content"": ""16 fl oz (473 mL)"", ""regulatory"": [""OSHA GHS""]}",Product Label,label-0058,"[""Cocamidopropyl Betaine"", ""SiO2 Emulsion"", ""Polydimethylsiloxane"", ""Preservative"", ""Water""]"
"[""ingredients"", ""directions"", ""compliance""]",2025-08-14,Mist on panel. Spread & buff. Avoid hot surfaces.,Bold & Buff,Ceramic Spray Sealant,"{""lot_code"": ""LOT-1059"", ""made_in"": ""Mexico"", ""net_content"": ""24 fl oz (710 mL)"", ""regulatory"": [""OSHA GHS""]}",Product Label,label-0059,"[""Polydimethylsiloxane"", ""Cocamidopropyl Betaine"", ""Sodium Chloride"", ""Preservative"", ""SiO2 Emulsion""]"
"[""ingredients"", ""directions"", ""compliance""]",2025-08-14,Mist on panel. Spread & buff. Avoid hot surfaces.,Bold & Buff,Graphene Quick Detailer,"{""lot_code"": ""LOT-1060"", ""made_in"": ""USA"", ""net_content"": ""24 fl oz (710 mL)"", ""regulatory"": [""OSHA GHS""]}",Product Label,label-0060,"[""Citrus Peel Oil"", ""SiO2 Emulsion"", ""Sodium Chloride"", ""Preservative"", ""Cocamidopropyl Betaine""]"
"[""ingredients"", ""directions"", ""compliance""]",2025-08-14,"Dilute 1:256 (0.5 oz/gal). Foam, agitate, rinse, dry.",Bold & Buff,Graphene Quick Detailer,"{""lot_code"": ""LOT-1061"", ""made_in"": ""Canada"", ""net_content"": ""24 fl oz (710 mL)"", ""regulatory"": [""OSHA GHS""]}",Product Label,label-0061,"[""Sodium Chloride"", ""Water"", ""Preservative"", ""Cocamidopropyl Betaine"", ""Citrus Peel Oil""]"
"[""ingredients"", ""directions"", ""compliance""]",2025-08-14,"Dilute 1:256 (0.5 oz/gal). Foam, agitate, rinse, dry.",Bold & Buff,Graphene Quick Detailer,"{""lot_code"": ""LOT-1062"", ""made_in"": ""USA"", ""net_content"": ""16 fl oz (473 mL)"", ""regulatory"": [""OSHA GHS""]}",Product Label,label-0062,"[""Cocamidopropyl Betaine"", ""Polydimethylsiloxane"", ""Preservative"", ""Water"", ""Sodium Chloride""]"
"[""ingredients"", ""directions"", ""compliance""]",2025-08-14,Mist on panel. Spread & buff. Avoid hot surfaces.,Bold & Buff,Graphene Quick Detailer,"{""lot_code"": ""LOT-1063"", ""made_in"": ""Mexico"", ""net_content"": ""24 fl oz (710 mL)"", ""regulatory"": [""OSHA GHS""]}",Product Label,label-0063,"[""Citrus Peel Oil"", ""SiO2 Emulsion"", ""Water"", ""Preservative"", ""Cocamidopropyl Betaine""]"
"[""ingredients"", ""directions"", ""compliance""]",2025-08-14,Mist on panel. Spread & buff. Avoid hot surfaces.,Bold & Buff,Citrus Foam Wash,"{""lot_code"": ""LOT-1064"", ""made_in"": ""USA"", ""net_content"": ""16 fl oz (473 mL)"", ""regulatory"": [""OSHA GHS""]}",Product Label,label-0064,"[""SiO2 Emulsion"", ""Polydimethylsiloxane"", ""Sodium Chloride"", ""Water"", ""Sodium Laureth Sulfate""]"
"[""ingredients"", ""directions"", ""compliance""]",2025-08-14,Mist on panel. Spread & buff. Avoid hot surfaces.,Bold & Buff,Ceramic Spray Sealant,"{""lot_code"": ""LOT-1065"", ""made_in"": ""USA"", ""net_content"": ""24 fl oz (710 mL)"", ""regulatory"": [""OSHA GHS""]}",Product Label,label-0065,"[""Polydimethylsiloxane"", ""Water"", ""Sodium Chloride"", ""Cocamidopropyl Betaine"", ""SiO2 Emulsion""]"
"[""ingredients"", ""directions"", ""compliance""]",2025-08-14,Mist on panel. Spread & buff. Avoid hot surfaces.,Bold & Buff,Ceramic Spray Sealant,"{""lot_code"": ""LOT-1066"", ""made_in"": ""Mexico"", ""net_content"": ""16 fl oz (473 mL)"", ""regulatory"": [""OSHA GHS""]}",Product Label,label-0066,"[""Cocamidopropyl Betaine"", ""SiO2 Emulsion"", ""Sodium Chloride"", ""Sodium Laureth Sulfate"", ""Preservative""]"
"[""ingredients"", ""directions"", ""compliance""]",2025-08-14,"Dilute 1:256 (0.5 oz/gal). Foam, agitate, rinse, dry.",Bold & Buff,Graphene Quick Detailer,"{""lot_code"": ""LOT-1067"", ""made_in"": ""USA"", ""net_content"": ""24 fl oz (710 mL)"", ""regulatory"": [""OSHA GHS""]}",Product Label,label-0067,"[""Polydimethylsiloxane"", ""Water"", ""Cocamidopropyl Betaine"", ""Sodium Laureth Sulfate"", ""SiO2 Emulsion""]"
"[""ingredients"", ""directions"", ""compliance""]",2025-08-14,Mist on panel. Spread & buff. Avoid hot surfaces.,Bold & Buff,Ceramic Spray Sealant,"{""lot_code"": ""LOT-1068"", ""made_in"": ""Mexico"", ""net_content"": ""24 fl oz (710 mL)"", ""regulatory"": [""OSHA GHS""]}",Product Label,label-0068,"[""SiO2 Emulsion"", ""Sodium Laureth Sulfate"", ""Citrus Peel Oil"", ""Polydimethylsiloxane"", ""Water""]"
"[""ingredients"", ""directions"", ""compliance""]",2025-08-14,"Dilute 1:256 (0.5 oz/gal). Foam, agitate, rinse, dry.",Bold & Buff,Graphene Quick Detailer,"{""lot_code"": ""LOT-1069"", ""made_in"": ""Canada"", ""net_content"": ""16 fl oz (473 mL)"", ""regulatory"": [""OSHA GHS""]}",Product Label,label-0069,"[""Citrus Peel Oil"", ""Sodium Laureth Sulfate"", ""SiO2 Emulsion"", ""Water"", ""Sodium Chloride""]"
"[""ingredients"", ""directions"", ""compliance""]",2025-08-14,Mist on panel. Spread & buff. Avoid hot surfaces.,Bold & Buff,Citrus Foam Wash,"{""lot_code"": ""LOT-1070"", ""made_in"": ""Canada"", ""net_content"": ""24 fl oz (710 mL)"", ""regulatory"": [""OSHA GHS""]}",Product Label,label-0070,"[""Cocamidopropyl Betaine"", ""Water"", ""Polydimethylsiloxane"", ""Preservative"", ""Citrus Peel Oil""]"
"[""ingredients"", ""directions"", ""compliance""]",2025-08-14,Mist on panel. Spread & buff. Avoid hot surfaces.,Bold & Buff,Graphene Quick Detailer,"{""lot_code"": ""LOT-1071"", ""made_in"": ""Canada"", ""net_content"": ""16 fl oz (473 mL)"", ""regulatory"": [""OSHA GHS""]}",Product Label,label-0071,"[""Cocamidopropyl Betaine"", ""Citrus Peel Oil"", ""Preservative"", ""SiO2 Emulsion"", ""Sodium Laureth Sulfate""]"
"[""ingredients"", ""directions"", ""compliance""]",2025-08-14,"Dilute 1:256 (0.5 oz/gal). Foam, agitate, rinse, dry.",Bold & Buff,Ceramic Spray Sealant,"{""lot_code"": ""LOT-1072"", ""made_in"": ""Canada"", ""net_content"": ""16 fl oz (473 mL)"", ""regulatory"": [""OSHA GHS""]}",Product Label,label-0072,"[""Water"", ""Citrus Peel Oil"", ""Cocamidopropyl Betaine"", ""Preservative"", ""Sodium Chloride""]"
"[""ingredients"", ""directions"", ""compliance""]",2025-08-14,"Dilute 1:256 (0.5 oz/gal). Foam, agitate, rinse, dry.",Bold & Buff,Graphene Quick Detailer,"{""lot_code"": ""LOT-1073"", ""made_in"": ""Mexico"", ""net_content"": ""24 fl oz (710 mL)"", ""regulatory"": [""OSHA GHS""]}",Product Label,label-0073,"[""Sodium Chloride"", ""Sodium Laureth Sulfate"", ""Cocamidopropyl Betaine"", ""Preservative"", ""Polydimethylsiloxane""]"
"[""ingredients"", ""directions"", ""compliance""]",2025-08-14,Mist on panel. Spread & buff. Avoid hot surfaces.,Bold & Buff,Ceramic Spray Sealant,"{""lot_code"": ""LOT-1074"", ""made_in"": ""Mexico"", ""net_content"": ""24 fl oz (710 mL)"", ""regulatory"": [""OSHA GHS""]}",Product Label,label-0074,"[""Polydimethylsiloxane"", ""Water"", ""Cocamidopropyl Betaine"", ""Sodium Chloride"", ""Citrus Peel Oil""]"
"[""ingredients"", ""directions"", ""compliance""]",2025-08-14,Mist on panel. Spread & buff. Avoid hot surfaces.,Bold & Buff,Ceramic Spray Sealant,"{""lot_code"": ""LOT-1075"", ""made_in"": ""Canada"", ""net_content"": ""24 fl oz (710 mL)"", ""regulatory"": [""OSHA GHS""]}",Product Label,label-0075,"[""Sodium Chloride"", ""Citrus Peel Oil"", ""Cocamidopropyl Betaine"", ""Water"", ""Polydimethylsiloxane""]"
"[""ingredients"", ""directions"", ""compliance""]",2025-08-14,"Dilute 1:256 (0.5 oz/gal). Foam, agitate, rinse, dry.",Bold & Buff,Ceramic Spray Sealant,"{""lot_code"": ""LOT-1076"", ""made_in"": ""Canada"", ""net_content"": ""16 fl oz (473 mL)"", ""regulatory"": [""OSHA GHS""]}",Product Label,label-0076,"[""Citrus Peel Oil"", ""Sodium Laureth Sulfate"", ""Polydimethylsiloxane"", ""Cocamidopropyl Betaine"", ""Preservative""]"
"[""ingredients"", ""directions"", ""compliance""]",2025-08-14,Mist on panel. Spread & buff. Avoid hot surfaces.,Bold & Buff,Citrus Foam Wash,"{""lot_code"": ""LOT-1077"", ""made_in"": ""USA"", ""net_content"": ""16 fl oz (473 mL)"", ""regulatory"": [""OSHA GHS""]}",Product Label,label-0077,"[""Preservative"", ""Citrus Peel Oil"", ""Water"", ""Cocamidopropyl Betaine"", ""Sodium Chloride""]"
"[""ingredients"", ""directions"", ""compliance""]",2025-08-14,"Dilute 1:256 (0.5 oz/gal). Foam, agitate, rinse, dry.",Bold & Buff,Citrus Foam Wash,"{""lot_code"": ""LOT-1078"", ""made_in"": ""Canada"", ""net_content"": ""16 fl oz (473 mL)"", ""regulatory"": [""OSHA GHS""]}",Product Label,label-0078,"[""Sodium Laureth Sulfate"", ""Cocamidopropyl Betaine"", ""SiO2 Emulsion"", ""Sodium Chloride"", ""Citrus Peel Oil""]"
"[""ingredients"", ""directions"", ""compliance""]",2025-08-14,"Dilute 1:256 (0.5 oz/gal). Foam, agitate, rinse, dry.",Bold & Buff,Ceramic Spray Sealant,"{""lot_code"": ""LOT-1079"", ""made_in"": ""Mexico"", ""net_content"": ""24 fl oz (710 mL)"", ""regulatory"": [""OSHA GHS""]}",Product Label,label-0079,"[""Polydimethylsiloxane"", ""Preservative"", ""Water"", ""SiO2 Emulsion"", ""Sodium Laureth Sulfate""]"
"[""ingredients"", ""directions"", ""compliance""]",2025-08-14,"Dilute 1:256 (0.5 oz/gal). Foam, agitate, rinse, dry.",Bold & Buff,Citrus Foam Wash,"{""lot_code"": ""LOT-1080"", ""made_in"": ""Mexico"", ""net_content"": ""24 fl oz (710 mL)"", ""regulatory"": [""OSHA GHS""]}",Product Label,label-0080,"[""Citrus Peel Oil"", ""SiO2 Emulsion"", ""Polydimethylsiloxane"", ""Sodium Chloride"", ""Cocamidopropyl Betaine""]"
"[""ingredients"", ""directions"", ""compliance""]",2025-08-14,"Dilute 1:256 (0.5 oz/gal). Foam, agitate, rinse, dry.",Bold & Buff,Graphene Quick Detailer,"{""lot_code"": ""LOT-1081"", ""made_in"": ""Mexico"", ""net_content"": ""16 fl oz (473 mL)"", ""regulatory"": [""OSHA GHS""]}",Product Label,label-0081,"[""Polydimethylsiloxane"", ""Sodium Chloride"", ""Preservative"", ""Cocamidopropyl Betaine"", ""SiO2 Emulsion""]"
"[""ingredients"", ""directions"", ""compliance""]",2025-08-14,Mist on panel. Spread & buff. Avoid hot surfaces.,Bold & Buff,Ceramic Spray Sealant,"{""lot_code"": ""LOT-1082"", ""made_in"": ""USA"", ""net_content"": ""16 fl oz (473 mL)"", ""regulatory"": [""OSHA GHS""]}",Product Label,label-0082,"[""Water"", ""SiO2 Emulsion"", ""Cocamidopropyl Betaine"", ""Sodium Chloride"", ""Sodium Laureth Sulfate""]"
"[""ingredients"", ""directions"", ""compliance""]",2025-08-14,"Dilute 1:256 (0.5 oz/gal). Foam, agitate, rinse, dry.",Bold & Buff,Citrus Foam Wash,"{""lot_code"": ""LOT-1083"", ""made_in"": ""Canada"", ""net_content"": ""16 fl oz (473 mL)"", ""regulatory"": [""OSHA GHS""]}",Product Label,label-0083,"[""SiO2 Emulsion"", ""Sodium Laureth Sulfate"", ""Water"", ""Polydimethylsiloxane"", ""Cocamidopropyl Betaine""]"
"[""ingredients"", ""directions"", ""compliance""]",2025-08-14,"Dilute 1:256 (0.5 oz/gal). Foam, agitate, rinse, dry.",Bold & Buff,Ceramic Spray Sealant,"{""lot_code"": ""LOT-1084"", ""made_in"": ""Canada"", ""net_content"": ""16 fl oz (473 mL)"", ""regulatory"": [""OSHA GHS""]}",Product Label,label-0084,"[""Citrus Peel Oil"", ""SiO2 Emulsion"", ""Sodium Chloride"", ""Preservative"", ""Polydimethylsiloxane""]"
"[""ingredients"", ""directions"", ""compliance""]",2025-08-14,"Dilute 1:256 (0.5 oz/gal). Foam, agitate, rinse, dry.",Bold & Buff,Citrus Foam Wash,"{""lot_code"": ""LOT-1085"", ""made_in"": ""Mexico"", ""net_content"": ""16 fl oz (473 mL)"", ""regulatory"": [""OSHA GHS""]}",Product Label,label-0085,"[""Citrus Peel Oil"", ""Polydimethylsiloxane"", ""Water"", ""Cocamidopropyl Betaine"", ""Sodium Chloride""]"
"[""ingredients"", ""directions"", ""compliance""]",2025-08-14,"Dilute 1:256 (0.5 oz/gal). Foam, agitate, rinse, dry.",Bold & Buff,Ceramic Spray Sealant,"{""lot_code"": ""LOT-1086"", ""made_in"": ""USA"", ""net_content"": ""16 fl oz (473 mL)"", ""regulatory"": [""OSHA GHS""]}",Product Label,label-0086,"[""Cocamidopropyl Betaine"", ""Sodium Laureth Sulfate"", ""Polydimethylsiloxane"", ""Sodium Chloride"", ""Citrus Peel Oil""]"
"[""ingredients"", ""directions"", ""compliance""]",2025-08-14,Mist on panel. Spread & buff. Avoid hot surfaces.,Bold & Buff,Citrus Foam Wash,"{""lot_code"": ""LOT-1087"", ""made_in"": ""USA"", ""net_content"": ""16 fl oz (473 mL)"", ""regulatory"": [""OSHA GHS""]}",Product Label,label-0087,"[""Citrus Peel Oil"", ""Water"", ""SiO2 Emulsion"", ""Sodium Laureth Sulfate"", ""Cocamidopropyl Betaine""]"
"[""ingredients"", ""directions"", ""compliance""]",2025-08-14,Mist on panel. Spread & buff. Avoid hot surfaces.,Bold & Buff,Ceramic Spray Sealant,"{""lot_code"": ""LOT-1088"", ""made_in"": ""Canada"", ""net_content"": ""24 fl oz (710 mL)"", ""regulatory"": [""OSHA GHS""]}",Product Label,label-0088,"[""Citrus Peel Oil"", ""Water"", ""Polydimethylsiloxane"", ""Cocamidopropyl Betaine"", ""Sodium Chloride""]"
"[""ingredients"", ""directions"", ""compliance""]",2025-08-14,Mist on panel. Spread & buff. Avoid hot surfaces.,Bold & Buff,Ceramic Spray Sealant,"{""lot_code"": ""LOT-1089"", ""made_in"": ""Mexico"", ""net_content"": ""16 fl oz (473 mL)"", ""regulatory"": [""OSHA GHS""]}",Product Label,label-0089,"[""Sodium Chloride"", ""Cocamidopropyl Betaine"", ""Water"", ""Polydimethylsiloxane"", ""Preservative""]"
"[""ingredients"", ""directions"", ""compliance""]",2025-08-14,Mist on panel. Spread & buff. Avoid hot surfaces.,Bold & Buff,Citrus Foam Wash,"{""lot_code"": ""LOT-1090"", ""made_in"": ""USA"", ""net_content"": ""24 fl oz (710 mL)"", ""regulatory"": [""OSHA GHS""]}",Product Label,label-0090,"[""Sodium Laureth Sulfate"", ""Water"", ""SiO2 Emulsion"", ""Sodium Chloride"", ""Cocamidopropyl Betaine""]"
"[""ingredients"", ""directions"", ""compliance""]",2025-08-14,"Dilute 1:256 (0.5 oz/gal). Foam, agitate, rinse, dry.",Bold & Buff,Ceramic Spray Sealant,"{""lot_code"": ""LOT-1091"", ""made_in"": ""Canada"", ""net_content"": ""24 fl oz (710 mL)"", ""regulatory"": [""OSHA GHS""]}",Product Label,label-0091,"[""Citrus Peel Oil"", ""SiO2 Emulsion"", ""Sodium Laureth Sulfate"", ""Preservative"", ""Cocamidopropyl Betaine""]"
"[""ingredients"", ""directions"", ""compliance""]",2025-08-14,Mist on panel. Spread & buff. Avoid hot surfaces.,Bold & Buff,Citrus Foam Wash,"{""lot_code"": ""LOT-1092"", ""made_in"": ""Mexico"", ""net_content"": ""16 fl oz (473 mL)"", ""regulatory"": [""OSHA GHS""]}",Product Label,label-0092,"[""Cocamidopropyl Betaine"", ""Citrus Peel Oil"", ""Polydimethylsiloxane"", ""Water"", ""Preservative""]"
"[""ingredients"", ""directions"", ""compliance""]",2025-08-14,"Dilute 1:256 (0.5 oz/gal). Foam, agitate, rinse, dry.",Bold & Buff,Ceramic Spray Sealant,"{""lot_code"": ""LOT-1093"", ""made_in"": ""Mexico"", ""net_content"": ""24 fl oz (710 mL)"", ""regulatory"": [""OSHA GHS""]}",Product Label,label-0093,"[""Polydimethylsiloxane"", ""Citrus Peel Oil"", ""Preservative"", ""SiO2 Emulsion"", ""Sodium Chloride""]"
"[""ingredients"", ""directions"", ""compliance""]",2025-08-14,Mist on panel. Spread & buff. Avoid hot surfaces.,Bold & Buff,Graphene Quick Detailer,"{""lot_code"": ""LOT-1094"", ""made_in"": ""USA"", ""net_content"": ""24 fl oz (710 mL)"", ""regulatory"": [""OSHA GHS""]}",Product Label,label-0094,"[""Sodium Chloride"", ""Water"", ""Polydimethylsiloxane"", ""Citrus Peel Oil"", ""SiO2 Emulsion""]"
"[""ingredients"", ""directions"", ""compliance""]",2025-08-14,"Dilute 1:256 (0.5 oz/gal). Foam, agitate, rinse, dry.",Bold & Buff,Citrus Foam Wash,"{""lot_code"": ""LOT-1095"", ""made_in"": ""Mexico"", ""net_content"": ""24 fl oz (710 mL)"", ""regulatory"": [""OSHA GHS""]}",Product Label,label-0095,"[""Citrus Peel Oil"", ""Preservative"", ""Water"", ""SiO2 Emulsion"", ""Polydimethylsiloxane""]"
"[""ingredients"", ""directions"", ""compliance""]",2025-08-14,"Dilute 1:256 (0.5 oz/gal). Foam, agitate, rinse, dry.",Bold & Buff,Citrus Foam Wash,"{""lot_code"": ""LOT-1096"", ""made_in"": ""USA"", ""net_content"": ""16 fl oz (473 mL)"", ""regulatory"": [""OSHA GHS""]}",Product Label,label-0096,"[""Preservative"", ""Polydimethylsiloxane"", ""Cocamidopropyl Betaine"", ""Sodium Chloride"", ""Sodium Laureth Sulfate""]"
"[""ingredients"", ""directions"", ""compliance""]",2025-08-14,Mist on panel. Spread & buff. Avoid hot surfaces.,Bold & Buff,Graphene Quick Detailer,"{""lot_code"": ""LOT-1097"", ""made_in"": ""Mexico"", ""net_content"": ""16 fl oz (473 mL)"", ""regulatory"": [""OSHA GHS""]}",Product Label,label-0097,"[""Preservative"", ""Cocamidopropyl Betaine"", ""Sodium Laureth Sulfate"", ""Citrus Peel Oil"", ""Sodium Chloride""]"
"[""ingredients"", ""directions"", ""compliance""]",2025-08-14,Mist on panel. Spread & buff. Avoid hot surfaces.,Bold & Buff,Ceramic Spray Sealant,"{""lot_code"": ""LOT-1098"", ""made_in"": ""USA"", ""net_content"": ""24 fl oz (710 mL)"", ""regulatory"": [""OSHA GHS""]}",Product Label,label-0098,"[""Water"", ""Citrus Peel Oil"", ""Sodium Chloride"", ""SiO2 Emulsion"", ""Cocamidopropyl Betaine""]"
"[""ingredients"", ""directions"", ""compliance""]",2025-08-14,"Dilute 1:256 (0.5 oz/gal). Foam, agitate, rinse, dry.",Bold & Buff,Graphene Quick Detailer,"{""lot_code"": ""LOT-1099"", ""made_in"": ""Canada"", ""net_content"": ""16 fl oz (473 mL)"", ""regulatory"": [""OSHA GHS""]}",Product Label,label-0099,"[""SiO2 Emulsion"", ""Sodium Chloride"", ""Water"", ""Citrus Peel Oil"", ""Polydimethylsiloxane""]"
"[""ingredients"", ""directions"", ""compliance""]",2025-08-14,Mist on panel. Spread & buff. Avoid hot surfaces.,Bold & Buff,Citrus Foam Wash,"{""lot_code"": ""LOT-1100"", ""made_in"": ""Mexico"", ""net_content"": ""24 fl oz (710 mL)"", ""regulatory"": [""OSHA GHS""]}",Product Label,label-0100,"[""Citrus Peel Oil"", ""Sodium Chloride"", ""Cocamidopropyl Betaine"", ""Preservative"", ""Water""]"
"[""ingredients"", ""directions"", ""compliance""]",2025-08-14,Mist on panel. Spread & buff. Avoid hot surfaces.,Bold & Buff,Citrus Foam Wash,"{""lot_code"": ""LOT-1101"", ""made_in"": ""Mexico"", ""net_content"": ""24 fl oz (710 mL)"", ""regulatory"": [""OSHA GHS""]}",Product Label,label-0101,"[""Sodium Laureth Sulfate"", ""SiO2 Emulsion"", ""Cocamidopropyl Betaine"", ""Citrus Peel Oil"", ""Polydimethylsiloxane""]"
"[""ingredients"", ""directions"", ""compliance""]",2025-08-14,"Dilute 1:256 (0.5 oz/gal). Foam, agitate, rinse, dry.",Bold & Buff,Ceramic Spray Sealant,"{""lot_code"": ""LOT-1102"", ""made_in"": ""USA"", ""net_content"": ""16 fl oz (473 mL)"", ""regulatory"": [""OSHA GHS""]}",Product Label,label-0102,"[""Sodium Chloride"", ""Sodium Laureth Sulfate"", ""SiO2 Emulsion"", ""Cocamidopropyl Betaine"", ""Preservative""]"
"[""ingredients"", ""directions"", ""compliance""]",2025-08-14,"Dilute 1:256 (0.5 oz/gal). Foam, agitate, rinse, dry.",Bold & Buff,Citrus Foam Wash,"{""lot_code"": ""LOT-1103"", ""made_in"": ""USA"", ""net_content"": ""24 fl oz (710 mL)"", ""regulatory"": [""OSHA GHS""]}",Product Label,label-0103,"[""SiO2 Emulsion"", ""Polydimethylsiloxane"", ""Sodium Chloride"", ""Water"", ""Sodium Laureth Sulfate""]"
"[""ingredients"", ""directions"", ""compliance""]",2025-08-14,"Dilute 1:256 (0.5 oz/gal). Foam, agitate, rinse, dry.",Bold & Buff,Graphene Quick Detailer,"{""lot_code"": ""LOT-1104"", ""made_in"": ""USA"", ""net_content"": ""24 fl oz (710 mL)"", ""regulatory"": [""OSHA GHS""]}",Product Label,label-0104,"[""SiO2 Emulsion"", ""Cocamidopropyl Betaine"", ""Polydimethylsiloxane"", ""Sodium Chloride"", ""Water""]"
"[""ingredients"", ""directions"", ""compliance""]",2025-08-14,"Dilute 1:256 (0.5 oz/gal). Foam, agitate, rinse, dry.",Bold & Buff,Citrus Foam Wash,"{""lot_code"": ""LOT-1105"", ""made_in"": ""Canada"", ""net_content"": ""16 fl oz (473 mL)"", ""regulatory"": [""OSHA GHS""]}",Product Label,label-0105,"[""Preservative"", ""Sodium Laureth Sulfate"", ""Polydimethylsiloxane"", ""Sodium Chloride"", ""SiO2 Emulsion""]"
"[""ingredients"", ""directions"", ""compliance""]",2025-08-14,"Dilute 1:256 (0.5 oz/gal). Foam, agitate, rinse, dry.",Bold & Buff,Ceramic Spray Sealant,"{""lot_code"": ""LOT-1106"", ""made_in"": ""USA"", ""net_content"": ""16 fl oz (473 mL)"", ""regulatory"": [""OSHA GHS""]}",Product Label,label-0106,"[""Citrus Peel Oil"", ""Sodium Chloride"", ""Preservative"", ""Water"", ""Cocamidopropyl Betaine""]"
"[""ingredients"", ""directions"", ""compliance""]",2025-08-14,Mist on panel. Spread & buff. Avoid hot surfaces.,Bold & Buff,Ceramic Spray Sealant,"{""lot_code"": ""LOT-1107"", ""made_in"": ""Mexico"", ""net_content"": ""16 fl oz (473 mL)"", ""regulatory"": [""OSHA GHS""]}",Product Label,label-0107,"[""Sodium Chloride"", ""Water"", ""Sodium Laureth Sulfate"", ""SiO2 Emulsion"", ""Cocamidopropyl Betaine""]"
"[""ingredients"", ""directions"", ""compliance""]",2025-08-14,Mist on panel. Spread & buff. Avoid hot surfaces.,Bold & Buff,Graphene Quick Detailer,"{""lot_code"": ""LOT-1108"", ""made_in"": ""USA"", ""net_content"": ""16 fl oz (473 mL)"", ""regulatory"": [""OSHA GHS""]}",Product Label,label-0108,"[""Polydimethylsiloxane"", ""Sodium Laureth Sulfate"", ""Water"", ""Citrus Peel Oil"", ""Preservative""]"
"[""ingredients"", ""directions"", ""compliance""]",2025-08-14,"Dilute 1:256 (0.5 oz/gal). Foam, agitate, rinse, dry.",Bold & Buff,Ceramic Spray Sealant,"{""lot_code"": ""LOT-1109"", ""made_in"": ""Canada"", ""net_content"": ""16 fl oz (473 mL)"", ""regulatory"": [""OSHA GHS""]}",Product Label,label-0109,"[""Cocamidopropyl Betaine"", ""Water"", ""Preservative"", ""Citrus Peel Oil"", ""SiO2 Emulsion""]"
"[""ingredients"", ""directions"", ""compliance""]",2025-08-14,Mist on panel. Spread & buff. Avoid hot surfaces.,Bold & Buff,Ceramic Spray Sealant,"{""lot_code"": ""LOT-1110"", ""made_in"": ""USA"", ""net_content"": ""16 fl oz (473 mL)"", ""regulatory"": [""OSHA GHS""]}",Product Label,label-0110,"[""SiO2 Emulsion"", ""Water"", ""Sodium Laureth Sulfate"", ""Cocamidopropyl Betaine"", ""Citrus Peel Oil""]"
"[""ingredients"", ""directions"", ""compliance""]",2025-08-14,"Dilute 1:256 (0.5 oz/gal). Foam, agitate, rinse, dry.",Bold & Buff,Graphene Quick Detailer,"{""lot_code"": ""LOT-1111"", ""made_in"": ""USA"", ""net_content"": ""24 fl oz (710 mL)"", ""regulatory"": [""OSHA GHS""]}",Product Label,label-0111,"[""Cocamidopropyl Betaine"", ""Water"", ""SiO2 Emulsion"", ""Sodium Chloride"", ""Preservative""]"
"[""ingredients"", ""directions"", ""compliance""]",2025-08-14,Mist on panel. Spread & buff. Avoid hot surfaces.,Bold & Buff,Citrus Foam Wash,"{""lot_code"": ""LOT-1112"", ""made_in"": ""Mexico"", ""net_content"": ""24 fl oz (710 mL)"", ""regulatory"": [""OSHA GHS""]}",Product Label,label-0112,"[""Preservative"", ""Citrus Peel Oil"", ""Sodium Chloride"", ""Water"", ""Cocamidopropyl Betaine""]"
"[""ingredients"", ""directions"", ""compliance""]",2025-08-14,Mist on panel. Spread & buff. Avoid hot surfaces.,Bold & Buff,Citrus Foam Wash,"{""lot_code"": ""LOT-1113"", ""made_in"": ""USA"", ""net_content"": ""16 fl oz (473 mL)"", ""regulatory"": [""OSHA GHS""]}",Product Label,label-0113,"[""SiO2 Emulsion"", ""Citrus Peel Oil"", ""Sodium Chloride"", ""Polydimethylsiloxane"", ""Cocamidopropyl Betaine""]"
"[""ingredients"", ""directions"", ""compliance""]",2025-08-14,"Dilute 1:256 (0.5 oz/gal). Foam, agitate, rinse, dry.",Bold & Buff,Graphene Quick Detailer,"{""lot_code"": ""LOT-1114"", ""made_in"": ""Canada"", ""net_content"": ""24 fl oz (710 mL)"", ""regulatory"": [""OSHA GHS""]}",Product Label,label-0114,"[""Sodium Chloride"", ""SiO2 Emulsion"", ""Cocamidopropyl Betaine"", ""Sodium Laureth Sulfate"", ""Water""]"
"[""ingredients"", ""directions"", ""compliance""]",2025-08-14,"Dilute 1:256 (0.5 oz/gal). Foam, agitate, rinse, dry.",Bold & Buff,Citrus Foam Wash,"{""lot_code"": ""LOT-1115"", ""made_in"": ""Canada"", ""net_content"": ""24 fl oz (710 mL)"", ""regulatory"": [""OSHA GHS""]}",Product Label,label-0115,"[""SiO2 Emulsion"", ""Water"", ""Citrus Peel Oil"", ""Cocamidopropyl Betaine"", ""Polydimethylsiloxane""]"
"[""ingredients"", ""directions"", ""compliance""]",2025-08-14,Mist on panel. Spread & buff. Avoid hot surfaces.,Bold & Buff,Citrus Foam Wash,"{""lot_code"": ""LOT-1116"", ""made_in"": ""Mexico"", ""net_content"": ""16 fl oz (473 mL)"", ""regulatory"": [""OSHA GHS""]}",Product Label,label-0116,"[""Water"", ""SiO2 Emulsion"", ""Citrus Peel Oil"", ""Sodium Chloride"", ""Sodium Laureth Sulfate""]"
"[""ingredients"", ""directions"", ""compliance""]",2025-08-14,"Dilute 1:256 (0.5 oz/gal). Foam, agitate, rinse, dry.",Bold & Buff,Citrus Foam Wash,"{""lot_code"": ""LOT-1117"", ""made_in"": ""Mexico"", ""net_content"": ""16 fl oz (473 mL)"", ""regulatory"": [""OSHA GHS""]}",Product Label,label-0117,"[""Polydimethylsiloxane"", ""SiO2 Emulsion"", ""Sodium Laureth Sulfate"", ""Water"", ""Cocamidopropyl Betaine""]"
"[""ingredients"", ""directions"", ""compliance""]",2025-08-14,"Dilute 1:256 (0.5 oz/gal). Foam, agitate, rinse, dry.",Bold & Buff,Graphene Quick Detailer,"{""lot_code"": ""LOT-1118"", ""made_in"": ""USA"", ""net_content"": ""24 fl oz (710 mL)"", ""regulatory"": [""OSHA GHS""]}",Product Label,label-0118,"[""Sodium Laureth Sulfate"", ""Preservative"", ""Sodium Chloride"", ""Cocamidopropyl Betaine"", ""SiO2 Emulsion""]"
"[""ingredients"", ""directions"", ""compliance""]",2025-08-14,"Dilute 1:256 (0.5 oz/gal). Foam, agitate, rinse, dry.",Bold & Buff,Ceramic Spray Sealant,"{""lot_code"": ""LOT-1119"", ""made_in"": ""USA"", ""net_content"": ""24 fl oz (710 mL)"", ""regulatory"": [""OSHA GHS""]}",Product Label,label-0119,"[""Cocamidopropyl Betaine"", ""Polydimethylsiloxane"", ""Water"", ""Sodium Laureth Sulfate"", ""SiO2 Emulsion""]"
"[""ingredients"", ""directions"", ""compliance""]",2025-08-14,"Dilute 1:256 (0.5 oz/gal). Foam, agitate, rinse, dry.",Bold & Buff,Citrus Foam Wash,"{""lot_code"": ""LOT-1120"", ""made_in"": ""Canada"", ""net_content"": ""24 fl oz (710 mL)"", ""regulatory"": [""OSHA GHS""]}",Product Label,label-0120,"[""Sodium Laureth Sulfate"", ""Cocamidopropyl Betaine"", ""Citrus Peel Oil"", ""Water"", ""Sodium Chloride""]"
"[""ingredients"", ""directions"", ""compliance""]",2025-08-14,"Dilute 1:256 (0.5 oz/gal). Foam, agitate, rinse, dry.",Bold & Buff,Ceramic Spray Sealant,"{""lot_code"": ""LOT-1121"", ""made_in"": ""USA"", ""net_content"": ""16 fl oz (473 mL)"", ""regulatory"": [""OSHA GHS""]}",Product Label,label-0121,"[""SiO2 Emulsion"", ""Sodium Laureth Sulfate"", ""Preservative"", ""Citrus Peel Oil"", ""Polydimethylsiloxane""]"
"[""ingredients"", ""directions"", ""compliance""]",2025-08-14,"Dilute 1:256 (0.5 oz/gal). Foam, agitate, rinse, dry.",Bold & Buff,Graphene Quick Detailer,"{""lot_code"": ""LOT-1122"", ""made_in"": ""USA"", ""net_content"": ""16 fl oz (473 mL)"", ""regulatory"": [""OSHA GHS""]}",Product Label,label-0122,"[""SiO2 Emulsion"", ""Preservative"", ""Sodium Chloride"", ""Polydimethylsiloxane"", ""Cocamidopropyl Betaine""]"
"[""ingredients"", ""directions"", ""compliance""]",2025-08-14,"Dilute 1:256 (0.5 oz/gal). Foam, agitate, rinse, dry.",Bold & Buff,Ceramic Spray Sealant,"{""lot_code"": ""LOT-1123"", ""made_in"": ""Canada"", ""net_content"": ""24 fl oz (710 mL)"", ""regulatory"": [""OSHA GHS""]}",Product Label,label-0123,"[""Sodium Chloride"", ""Preservative"", ""Water"", ""Sodium Laureth Sulfate"", ""SiO2 Emulsion""]"
"[""ingredients"", ""directions"", ""compliance""]",2025-08-14,"Dilute 1:256 (0.5 oz/gal). Foam, agitate, rinse, dry.",Bold & Buff,Graphene Quick Detailer,"{""lot_code"": ""LOT-1124"", ""made_in"": ""USA"", ""net_content"": ""16 fl oz (473 mL)"", ""regulatory"": [""OSHA GHS""]}",Product Label,label-0124,"[""Sodium Laureth Sulfate"", ""Cocamidopropyl Betaine"", ""Water"", ""Sodium Chloride"", ""Preservative""]"
"[""ingredients"", ""directions"", ""compliance""]",2025-08-14,"Dilute 1:256 (0.5 oz/gal). Foam, agitate, rinse, dry.",Bold & Buff,Graphene Quick Detailer,"{""lot_code"": ""LOT-1125"", ""made_in"": ""Mexico"", ""net_content"": ""24 fl oz (710 mL)"", ""regulatory"": [""OSHA GHS""]}",Product Label,label-0125,"[""Citrus Peel Oil"", ""Water"", ""Cocamidopropyl Betaine"", ""Polydimethylsiloxane"", ""Sodium Chloride""]"
"[""ingredients"", ""directions"", ""compliance""]",2025-08-14,Mist on panel. Spread & buff. Avoid hot surfaces.,Bold & Buff,Ceramic Spray Sealant,"{""lot_code"": ""LOT-1126"", ""made_in"": ""Canada"", ""net_content"": ""24 fl oz (710 mL)"", ""regulatory"": [""OSHA GHS""]}",Product Label,label-0126,"[""Sodium Laureth Sulfate"", ""Sodium Chloride"", ""Citrus Peel Oil"", ""SiO2 Emulsion"", ""Water""]"
"[""ingredients"", ""directions"", ""compliance""]",2025-08-14,"Dilute 1:256 (0.5 oz/gal). Foam, agitate, rinse, dry.",Bold & Buff,Ceramic Spray Sealant,"{""lot_code"": ""LOT-1127"", ""made_in"": ""Mexico"", ""net_content"": ""16 fl oz (473 mL)"", ""regulatory"": [""OSHA GHS""]}",Product Label,label-0127,"[""Citrus Peel Oil"", ""Water"", ""SiO2 Emulsion"", ""Sodium Laureth Sulfate"", ""Polydimethylsiloxane""]"
"[""ingredients"", ""directions"", ""compliance""]",2025-08-14,Mist on panel. Spread & buff. Avoid hot surfaces.,Bold & Buff,Ceramic Spray Sealant,"{""lot_code"": ""LOT-1128"", ""made_in"": ""Mexico"", ""net_content"": ""16 fl oz (473 mL)"", ""regulatory"": [""OSHA GHS""]}",Product Label,label-0128,"[""Water"", ""Sodium Laureth Sulfate"", ""Polydimethylsiloxane"", ""Cocamidopropyl Betaine"", ""SiO2 Emulsion""]"
"[""ingredients"", ""directions"", ""compliance""]",2025-08-14,Mist on panel. Spread & buff. Avoid hot surfaces.,Bold & Buff,Graphene Quick Detailer,"{""lot_code"": ""LOT-1129"", ""made_in"": ""Canada"", ""net_content"": ""24 fl oz (710 mL)"", ""regulatory"": [""OSHA GHS""]}",Product Label,label-0129,"[""SiO2 Emulsion"", ""Sodium Chloride"", ""Preservative"", ""Polydimethylsiloxane"", ""Citrus Peel Oil""]"
"[""ingredients"", ""directions"", ""compliance""]",2025-08-14,Mist on panel. Spread & buff. Avoid hot surfaces.,Bold & Buff,Graphene Quick Detailer,"{""lot_code"": ""LOT-1130"", ""made_in"": ""Canada"", ""net_content"": ""24 fl oz (710 mL)"", ""regulatory"": [""OSHA GHS""]}",Product Label,label-0130,"[""Citrus Peel Oil"", ""Sodium Chloride"", ""Sodium Laureth Sulfate"", ""Polydimethylsiloxane"", ""Cocamidopropyl Betaine""]"
"[""ingredients"", ""directions"", ""compliance""]",2025-08-14,"Dilute 1:256 (0.5 oz/gal). Foam, agitate, rinse, dry.",Bold & Buff,Ceramic Spray Sealant,"{""lot_code"": ""LOT-1131"", ""made_in"": ""USA"", ""net_content"": ""24 fl oz (710 mL)"", ""regulatory"": [""OSHA GHS""]}",Product Label,label-0131,"[""Polydimethylsiloxane"", ""Water"", ""SiO2 Emulsion"", ""Citrus Peel Oil"", ""Sodium Laureth Sulfate""]"
"[""ingredients"", ""directions"", ""compliance""]",2025-08-14,"Dilute 1:256 (0.5 oz/gal). Foam, agitate, rinse, dry.",Bold & Buff,Graphene Quick Detailer,"{""lot_code"": ""LOT-1132"", ""made_in"": ""Mexico"", ""net_content"": ""16 fl oz (473 mL)"", ""regulatory"": [""OSHA GHS""]}",Product Label,label-0132,"[""Sodium Chloride"", ""Citrus Peel Oil"", ""Preservative"", ""SiO2 Emulsion"", ""Polydimethylsiloxane""]"
"[""ingredients"", ""directions"", ""compliance""]",2025-08-14,Mist on panel. Spread & buff. Avoid hot surfaces.,Bold & Buff,Graphene Quick Detailer,"{""lot_code"": ""LOT-1133"", ""made_in"": ""USA"", ""net_content"": ""24 fl oz (710 mL)"", ""regulatory"": [""OSHA GHS""]}",Product Label,label-0133,"[""Sodium Chloride"", ""Polydimethylsiloxane"", ""SiO2 Emulsion"", ""Preservative"", ""Sodium Laureth Sulfate""]"
"[""ingredients"", ""directions"", ""compliance""]",2025-08-14,Mist on panel. Spread & buff. Avoid hot surfaces.,Bold & Buff,Graphene Quick Detailer,"{""lot_code"": ""LOT-1134"", ""made_in"": ""Mexico"", ""net_content"": ""16 fl oz (473 mL)"", ""regulatory"": [""OSHA GHS""]}",Product Label,label-0134,"[""Cocamidopropyl Betaine"", ""Preservative"", ""Water"", ""Polydimethylsiloxane"", ""SiO2 Emulsion""]"
"[""ingredients"", ""directions"", ""compliance""]",2025-08-14,Mist on panel. Spread & buff. Avoid hot surfaces.,Bold & Buff,Citrus Foam Wash,"{""lot_code"": ""LOT-1135"", ""made_in"": ""USA"", ""net_content"": ""16 fl oz (473 mL)"", ""regulatory"": [""OSHA GHS""]}",Product Label,label-0135,"[""Sodium Laureth Sulfate"", ""Cocamidopropyl Betaine"", ""Polydimethylsiloxane"", ""SiO2 Emulsion"", ""Citrus Peel Oil""]"
"[""ingredients"", ""directions"", ""compliance""]",2025-08-14,"Dilute 1:256 (0.5 oz/gal). Foam, agitate, rinse, dry.",Bold & Buff,Citrus Foam Wash,"{""lot_code"": ""LOT-1136"", ""made_in"": ""Canada"", ""net_content"": ""24 fl oz (710 mL)"", ""regulatory"": [""OSHA GHS""]}",Product Label,label-0136,"[""Sodium Chloride"", ""Water"", ""Preservative"", ""Cocamidopropyl Betaine"", ""SiO2 Emulsion""]"
"[""ingredients"", ""directions"", ""compliance""]",2025-08-14,Mist on panel. Spread & buff. Avoid hot surfaces.,Bold & Buff,Citrus Foam Wash,"{""lot_code"": ""LOT-1137"", ""made_in"": ""Canada"", ""net_content"": ""24 fl oz (710 mL)"", ""regulatory"": [""OSHA GHS""]}",Product Label,label-0137,"[""Water"", ""Cocamidopropyl Betaine"", ""Citrus Peel Oil"", ""Polydimethylsiloxane"", ""SiO2 Emulsion""]"
"[""ingredients"", ""directions"", ""compliance""]",2025-08-14,"Dilute 1:256 (0.5 oz/gal). Foam, agitate, rinse, dry.",Bold & Buff,Ceramic Spray Sealant,"{""lot_code"": ""LOT-1138"", ""made_in"": ""Canada"", ""net_content"": ""24 fl oz (710 mL)"", ""regulatory"": [""OSHA GHS""]}",Product Label,label-0138,"[""SiO2 Emulsion"", ""Water"", ""Preservative"", ""Polydimethylsiloxane"", ""Citrus Peel Oil""]"
"[""ingredients"", ""directions"", ""compliance""]",2025-08-14,"Dilute 1:256 (0.5 oz/gal). Foam, agitate, rinse, dry.",Bold & Buff,Graphene Quick Detailer,"{""lot_code"": ""LOT-1139"", ""made_in"": ""Canada"", ""net_content"": ""24 fl oz (710 mL)"", ""regulatory"": [""OSHA GHS""]}",Product Label,label-0139,"[""Water"", ""SiO2 Emulsion"", ""Cocamidopropyl Betaine"", ""Citrus Peel Oil"", ""Sodium Laureth Sulfate""]"
"[""ingredients"", ""directions"", ""compliance""]",2025-08-14,"Dilute 1:256 (0.5 oz/gal). Foam, agitate, rinse, dry.",Bold & Buff,Graphene Quick Detailer,"{""lot_code"": ""LOT-1140"", ""made_in"": ""USA"", ""net_content"": ""24 fl oz (710 mL)"", ""regulatory"": [""OSHA GHS""]}",Product Label,label-0140,"[""Sodium Laureth Sulfate"", ""Polydimethylsiloxane"", ""Water"", ""Cocamidopropyl Betaine"", ""Preservative""]"
"[""ingredients"", ""directions"", ""compliance""]",2025-08-14,Mist on panel. Spread & buff. Avoid hot surfaces.,Bold & Buff,Graphene Quick Detailer,"{""lot_code"": ""LOT-1141"", ""made_in"": ""Canada"", ""net_content"": ""24 fl oz (710 mL)"", ""regulatory"": [""OSHA GHS""]}",Product Label,label-0141,"[""Sodium Chloride"", ""Sodium Laureth Sulfate"", ""SiO2 Emulsion"", ""Polydimethylsiloxane"", ""Citrus Peel Oil""]"
"[""ingredients"", ""directions"", ""compliance""]",2025-08-14,"Dilute 1:256 (0.5 oz/gal). Foam, agitate, rinse, dry.",Bold & Buff,Ceramic Spray Sealant,"{""lot_code"": ""LOT-1142"", ""made_in"": ""Mexico"", ""net_content"": ""16 fl oz (473 mL)"", ""regulatory"": [""OSHA GHS""]}",Product Label,label-0142,"[""Cocamidopropyl Betaine"", ""Water"", ""Polydimethylsiloxane"", ""Sodium Chloride"", ""SiO2 Emulsion""]"
"[""ingredients"", ""directions"", ""compliance""]",2025-08-14,"Dilute 1:256 (0.5 oz/gal). Foam, agitate, rinse, dry.",Bold & Buff,Citrus Foam Wash,"{""lot_code"": ""LOT-1143"", ""made_in"": ""Mexico"", ""net_content"": ""24 fl oz (710 mL)"", ""regulatory"": [""OSHA GHS""]}",Product Label,label-0143,"[""Preservative"", ""Polydimethylsiloxane"", ""Sodium Laureth Sulfate"", ""Cocamidopropyl Betaine"", ""Water""]"
"[""ingredients"", ""directions"", ""compliance""]",2025-08-14,Mist on panel. Spread & buff. Avoid hot surfaces.,Bold & Buff,Graphene Quick Detailer,"{""lot_code"": ""LOT-1144"", ""made_in"": ""Canada"", ""net_content"": ""16 fl oz (473 mL)"", ""regulatory"": [""OSHA GHS""]}",Product Label,label-0144,"[""Water"", ""Cocamidopropyl Betaine"", ""Polydimethylsiloxane"", ""Sodium Laureth Sulfate"", ""Citrus Peel Oil""]"
"[""ingredients"", ""directions"", ""compliance""]",2025-08-14,"Dilute 1:256 (0.5 oz/gal). Foam, agitate, rinse, dry.",Bold & Buff,Citrus Foam Wash,"{""lot_code"": ""LOT-1145"", ""made_in"": ""Canada"", ""net_content"": ""16 fl oz (473 mL)"", ""regulatory"": [""OSHA GHS""]}",Product Label,label-0145,"[""Polydimethylsiloxane"", ""SiO2 Emulsion"", ""Water"", ""Cocamidopropyl Betaine"", ""Sodium Chloride""]"
"[""ingredients"", ""directions"", ""compliance""]",2025-08-14,Mist on panel. Spread & buff. Avoid hot surfaces.,Bold & Buff,Graphene Quick Detailer,"{""lot_code"": ""LOT-1146"", ""made_in"": ""Canada"", ""net_content"": ""16 fl oz (473 mL)"", ""regulatory"": [""OSHA GHS""]}",Product Label,label-0146,"[""Water"", ""Sodium Chloride"", ""SiO2 Emulsion"", ""Cocamidopropyl Betaine"", ""Citrus Peel Oil""]"
"[""ingredients"", ""directions"", ""compliance""]",2025-08-14,"Dilute 1:256 (0.5 oz/gal). Foam, agitate, rinse, dry.",Bold & Buff,Ceramic Spray Sealant,"{""lot_code"": ""LOT-1147"", ""made_in"": ""Mexico"", ""net_content"": ""24 fl oz (710 mL)"", ""regulatory"": [""OSHA GHS""]}",Product Label,label-0147,"[""Sodium Chloride"", ""Preservative"", ""Polydimethylsiloxane"", ""Water"", ""SiO2 Emulsion""]"
"[""ingredients"", ""directions"", ""compliance""]",2025-08-14,Mist on panel. Spread & buff. Avoid hot surfaces.,Bold & Buff,Ceramic Spray Sealant,"{""lot_code"": ""LOT-1148"", ""made_in"": ""Mexico"", ""net_content"": ""24 fl oz (710 mL)"", ""regulatory"": [""OSHA GHS""]}",Product Label,label-0148,"[""SiO2 Emulsion"", ""Cocamidopropyl Betaine"", ""Preservative"", ""Sodium Chloride"", ""Citrus Peel Oil""]"
"[""ingredients"", ""directions"", ""compliance""]",2025-08-14,"Dilute 1:256 (0.5 oz/gal). Foam, agitate, rinse, dry.",Bold & Buff,Ceramic Spray Sealant,"{""lot_code"": ""LOT-1149"", ""made_in"": ""Canada"", ""net_content"": ""16 fl oz (473 mL)"", ""regulatory"": [""OSHA GHS""]}",Product Label,label-0149,"[""Citrus Peel Oil"", ""Cocamidopropyl Betaine"", ""Water"", ""Sodium Chloride"", ""Sodium Laureth Sulfate""]"
"[""ingredients"", ""directions"", ""compliance""]",2025-08-14,Mist on panel. Spread & buff. Avoid hot surfaces.,Bold & Buff,Ceramic Spray Sealant,"{""lot_code"": ""LOT-1150"", ""made_in"": ""USA"", ""net_content"": ""16 fl oz (473 mL)"", ""regulatory"": [""OSHA GHS""]}",Product Label,label-0150,"[""Cocamidopropyl Betaine"", ""Preservative"", ""Sodium Laureth Sulfate"", ""Sodium Chloride"", ""Water""]"
"[""ingredients"", ""directions"", ""compliance""]",2025-08-14,Mist on panel. Spread & buff. Avoid hot surfaces.,Bold & Buff,Citrus Foam Wash,"{""lot_code"": ""LOT-1151"", ""made_in"": ""USA"", ""net_content"": ""16 fl oz (473 mL)"", ""regulatory"": [""OSHA GHS""]}",Product Label,label-0151,"[""Water"", ""Sodium Chloride"", ""Preservative"", ""Sodium Laureth Sulfate"", ""Polydimethylsiloxane""]"
"[""ingredients"", ""directions"", ""compliance""]",2025-08-14,"Dilute 1:256 (0.5 oz/gal). Foam, agitate, rinse, dry.",Bold & Buff,Graphene Quick Detailer,"{""lot_code"": ""LOT-1152"", ""made_in"": ""Canada"", ""net_content"": ""16 fl oz (473 mL)"", ""regulatory"": [""OSHA GHS""]}",Product Label,label-0152,"[""Citrus Peel Oil"", ""SiO2 Emulsion"", ""Water"", ""Cocamidopropyl Betaine"", ""Preservative""]"
"[""ingredients"", ""directions"", ""compliance""]",2025-08-14,"Dilute 1:256 (0.5 oz/gal). Foam, agitate, rinse, dry.",Bold & Buff,Citrus Foam Wash,"{""lot_code"": ""LOT-1153"", ""made_in"": ""USA"", ""net_content"": ""16 fl oz (473 mL)"", ""regulatory"": [""OSHA GHS""]}",Product Label,label-0153,"[""Cocamidopropyl Betaine"", ""Preservative"", ""Polydimethylsiloxane"", ""Sodium Chloride"", ""Citrus Peel Oil""]"
"[""ingredients"", ""directions"", ""compliance""]",2025-08-14,"Dilute 1:256 (0.5 oz/gal). Foam, agitate, rinse, dry.",Bold & Buff,Citrus Foam Wash,"{""lot_code"": ""LOT-1154"", ""made_in"": ""Canada"", ""net_content"": ""24 fl oz (710 mL)"", ""regulatory"": [""OSHA GHS""]}",Product Label,label-0154,"[""Water"", ""Sodium Chloride"", ""Preservative"", ""SiO2 Emulsion"", ""Sodium Laureth Sulfate""]"
"[""ingredients"", ""directions"", ""compliance""]",2025-08-14,"Dilute 1:256 (0.5 oz/gal). Foam, agitate, rinse, dry.",Bold & Buff,Graphene Quick Detailer,"{""lot_code"": ""LOT-1155"", ""made_in"": ""Mexico"", ""net_content"": ""16 fl oz (473 mL)"", ""regulatory"": [""OSHA GHS""]}",Product Label,label-0155,"[""SiO2 Emulsion"", ""Water"", ""Sodium Chloride"", ""Preservative"", ""Cocamidopropyl Betaine""]"
"[""ingredients"", ""directions"", ""compliance""]",2025-08-14,"Dilute 1:256 (0.5 oz/gal). Foam, agitate, rinse, dry.",Bold & Buff,Graphene Quick Detailer,"{""lot_code"": ""LOT-1156"", ""made_in"": ""Canada"", ""net_content"": ""24 fl oz (710 mL)"", ""regulatory"": [""OSHA GHS""]}",Product Label,label-0156,"[""Sodium Chloride"", ""Cocamidopropyl Betaine"", ""Polydimethylsiloxane"", ""Sodium Laureth Sulfate"", ""Water""]"
"[""ingredients"", ""directions"", ""compliance""]",2025-08-14,Mist on panel. Spread & buff. Avoid hot surfaces.,Bold & Buff,Citrus Foam Wash,"{""lot_code"": ""LOT-1157"", ""made_in"": ""USA"", ""net_content"": ""16 fl oz (473 mL)"", ""regulatory"": [""OSHA GHS""]}",Product Label,label-0157,"[""Preservative"", ""Water"", ""Polydimethylsiloxane"", ""SiO2 Emulsion"", ""Citrus Peel Oil""]"
"[""ingredients"", ""directions"", ""compliance""]",2025-08-14,Mist on panel. Spread & buff. Avoid hot surfaces.,Bold & Buff,Graphene Quick Detailer,"{""lot_code"": ""LOT-1158"", ""made_in"": ""Mexico"", ""net_content"": ""16 fl oz (473 mL)"", ""regulatory"": [""OSHA GHS""]}",Product Label,label-0158,"[""Preservative"", ""Polydimethylsiloxane"", ""Cocamidopropyl Betaine"", ""Sodium Laureth Sulfate"", ""Water""]"
"[""ingredients"", ""directions"", ""compliance""]",2025-08-14,Mist on panel. Spread & buff. Avoid hot surfaces.,Bold & Buff,Citrus Foam Wash,"{""lot_code"": ""LOT-1159"", ""made_in"": ""Canada"", ""net_content"": ""24 fl oz (710 mL)"", ""regulatory"": [""OSHA GHS""]}",Product Label,label-0159,"[""Polydimethylsiloxane"", ""Preservative"", ""Sodium Chloride"", ""Citrus Peel Oil"", ""Cocamidopropyl Betaine""]"
"[""ingredients"", ""directions"", ""compliance""]",2025-08-14,Mist on panel. Spread & buff. Avoid hot surfaces.,Bold & Buff,Graphene Quick Detailer,"{""lot_code"": ""LOT-1160"", ""made_in"": ""Canada"", ""net_content"": ""24 fl oz (710 mL)"", ""regulatory"": [""OSHA GHS""]}",Product Label,label-0160,"[""Preservative"", ""SiO2 Emulsion"", ""Cocamidopropyl Betaine"", ""Sodium Chloride"", ""Citrus Peel Oil""]"
"[""ingredients"", ""directions"", ""compliance""]",2025-08-14,Mist on panel. Spread & buff. Avoid hot surfaces.,Bold & Buff,Citrus Foam Wash,"{""lot_code"": ""LOT-1161"", ""made_in"": ""USA"", ""net_content"": ""16 fl oz (473 mL)"", ""regulatory"": [""OSHA GHS""]}",Product Label,label-0161,"[""Citrus Peel Oil"", ""SiO2 Emulsion"", ""Cocamidopropyl Betaine"", ""Sodium Chloride"", ""Sodium Laureth Sulfate""]"
"[""ingredients"", ""directions"", ""compliance""]",2025-08-14,"Dilute 1:256 (0.5 oz/gal). Foam, agitate, rinse, dry.",Bold & Buff,Citrus Foam Wash,"{""lot_code"": ""LOT-1162"", ""made_in"": ""USA"", ""net_content"": ""16 fl oz (473 mL)"", ""regulatory"": [""OSHA GHS""]}",Product Label,label-0162,"[""SiO2 Emulsion"", ""Preservative"", ""Polydimethylsiloxane"", ""Citrus Peel Oil"", ""Water""]"
"[""ingredients"", ""directions"", ""compliance""]",2025-08-14,"Dilute 1:256 (0.5 oz/gal). Foam, agitate, rinse, dry.",Bold & Buff,Graphene Quick Detailer,"{""lot_code"": ""LOT-1163"", ""made_in"": ""Canada"", ""net_content"": ""24 fl oz (710 mL)"", ""regulatory"": [""OSHA GHS""]}",Product Label,label-0163,"[""Sodium Laureth Sulfate"", ""Water"", ""SiO2 Emulsion"", ""Preservative"", ""Cocamidopropyl Betaine""]"
"[""ingredients"", ""directions"", ""compliance""]",2025-08-14,"Dilute 1:256 (0.5 oz/gal). Foam, agitate, rinse, dry.",Bold & Buff,Ceramic Spray Sealant,"{""lot_code"": ""LOT-1164"", ""made_in"": ""Mexico"", ""net_content"": ""24 fl oz (710 mL)"", ""regulatory"": [""OSHA GHS""]}",Product Label,label-0164,"[""Water"", ""Cocamidopropyl Betaine"", ""SiO2 Emulsion"", ""Citrus Peel Oil"", ""Polydimethylsiloxane""]"
"[""ingredients"", ""directions"", ""compliance""]",2025-08-14,Mist on panel. Spread & buff. Avoid hot surfaces.,Bold & Buff,Citrus Foam Wash,"{""lot_code"": ""LOT-1165"", ""made_in"": ""USA"", ""net_content"": ""24 fl oz (710 mL)"", ""regulatory"": [""OSHA GHS""]}",Product Label,label-0165,"[""Polydimethylsiloxane"", ""SiO2 Emulsion"", ""Sodium Chloride"", ""Citrus Peel Oil"", ""Water""]"
"[""ingredients"", ""directions"", ""compliance""]",2025-08-14,"Dilute 1:256 (0.5 oz/gal). Foam, agitate, rinse, dry.",Bold & Buff,Citrus Foam Wash,"{""lot_code"": ""LOT-1166"", ""made_in"": ""Canada"", ""net_content"": ""16 fl oz (473 mL)"", ""regulatory"": [""OSHA GHS""]}",Product Label,label-0166,"[""Citrus Peel Oil"", ""Sodium Chloride"", ""Preservative"", ""SiO2 Emulsion"", ""Sodium Laureth Sulfate""]"
"[""ingredients"", ""directions"", ""compliance""]",2025-08-14,Mist on panel. Spread & buff. Avoid hot surfaces.,Bold & Buff,Citrus Foam Wash,"{""lot_code"": ""LOT-1167"", ""made_in"": ""Mexico"", ""net_content"": ""24 fl oz (710 mL)"", ""regulatory"": [""OSHA GHS""]}",Product Label,label-0167,"[""SiO2 Emulsion"", ""Sodium Laureth Sulfate"", ""Cocamidopropyl Betaine"", ""Water"", ""Preservative""]"
"[""ingredients"", ""directions"", ""compliance""]",2025-08-14,Mist on panel. Spread & buff. Avoid hot surfaces.,Bold & Buff,Graphene Quick Detailer,"{""lot_code"": ""LOT-1168"", ""made_in"": ""USA"", ""net_content"": ""24 fl oz (710 mL)"", ""regulatory"": [""OSHA GHS""]}",Product Label,label-0168,"[""Citrus Peel Oil"", ""Sodium Laureth Sulfate"", ""Sodium Chloride"", ""Polydimethylsiloxane"", ""Preservative""]"
"[""ingredients"", ""directions"", ""compliance""]",2025-08-14,Mist on panel. Spread & buff. Avoid hot surfaces.,Bold & Buff,Ceramic Spray Sealant,"{""lot_code"": ""LOT-1169"", ""made_in"": ""Mexico"", ""net_content"": ""24 fl oz (710 mL)"", ""regulatory"": [""OSHA GHS""]}",Product Label,label-0169,"[""Cocamidopropyl Betaine"", ""Sodium Laureth Sulfate"", ""Citrus Peel Oil"", ""Sodium Chloride"", ""Preservative""]"
"[""ingredients"", ""directions"", ""compliance""]",2025-08-14,"Dilute 1:256 (0.5 oz/gal). Foam, agitate, rinse, dry.",Bold & Buff,Ceramic Spray Sealant,"{""lot_code"": ""LOT-1170"", ""made_in"": ""USA"", ""net_content"": ""24 fl oz (710 mL)"", ""regulatory"": [""OSHA GHS""]}",Product Label,label-0170,"[""Cocamidopropyl Betaine"", ""Sodium Chloride"", ""Citrus Peel Oil"", ""Polydimethylsiloxane"", ""Preservative""]"
"[""ingredients"", ""directions"", ""compliance""]",2025-08-14,"Dilute 1:256 (0.5 oz/gal). Foam, agitate, rinse, dry.",Bold & Buff,Graphene Quick Detailer,"{""lot_code"": ""LOT-1171"", ""made_in"": ""Mexico"", ""net_content"": ""24 fl oz (710 mL)"", ""regulatory"": [""OSHA GHS""]}",Product Label,label-0171,"[""Sodium Laureth Sulfate"", ""SiO2 Emulsion"", ""Cocamidopropyl Betaine"", ""Polydimethylsiloxane"", ""Citrus Peel Oil""]"
"[""ingredients"", ""directions"", ""compliance""]",2025-08-14,Mist on panel. Spread & buff. Avoid hot surfaces.,Bold & Buff,Citrus Foam Wash,"{""lot_code"": ""LOT-1172"", ""made_in"": ""Canada"", ""net_content"": ""24 fl oz (710 mL)"", ""regulatory"": [""OSHA GHS""]}",Product Label,label-0172,"[""Sodium Laureth Sulfate"", ""SiO2 Emulsion"", ""Polydimethylsiloxane"", ""Sodium Chloride"", ""Water""]"
"[""ingredients"", ""directions"", ""compliance""]",2025-08-14,Mist on panel. Spread & buff. Avoid hot surfaces.,Bold & Buff,Ceramic Spray Sealant,"{""lot_code"": ""LOT-1173"", ""made_in"": ""Mexico"", ""net_content"": ""16 fl oz (473 mL)"", ""regulatory"": [""OSHA GHS""]}",Product Label,label-0173,"[""Cocamidopropyl Betaine"", ""Sodium Laureth Sulfate"", ""Water"", ""Polydimethylsiloxane"", ""Preservative""]"
"[""ingredients"", ""directions"", ""compliance""]",2025-08-14,"Dilute 1:256 (0.5 oz/gal). Foam, agitate, rinse, dry.",Bold & Buff,Citrus Foam Wash,"{""lot_code"": ""LOT-1174"", ""made_in"": ""Mexico"", ""net_content"": ""16 fl oz (473 mL)"", ""regulatory"": [""OSHA GHS""]}",Product Label,label-0174,"[""Citrus Peel Oil"", ""Sodium Chloride"", ""Preservative"", ""SiO2 Emulsion"", ""Sodium Laureth Sulfate""]"
"[""ingredients"", ""directions"", ""compliance""]",2025-08-14,"Dilute 1:256 (0.5 oz/gal). Foam, agitate, rinse, dry.",Bold & Buff,Ceramic Spray Sealant,"{""lot_code"": ""LOT-1175"", ""made_in"": ""USA"", ""net_content"": ""24 fl oz (710 mL)"", ""regulatory"": [""OSHA GHS""]}",Product Label,label-0175,"[""Sodium Laureth Sulfate"", ""Water"", ""Sodium Chloride"", ""Preservative"", ""SiO2 Emulsion""]"
"[""ingredients"", ""directions"", ""compliance""]",2025-08-14,Mist on panel. Spread & buff. Avoid hot surfaces.,Bold & Buff,Graphene Quick Detailer,"{""lot_code"": ""LOT-1176"", ""made_in"": ""Mexico"", ""net_content"": ""24 fl oz (710 mL)"", ""regulatory"": [""OSHA GHS""]}",Product Label,label-0176,"[""Preservative"", ""Sodium Chloride"", ""Sodium Laureth Sulfate"", ""Cocamidopropyl Betaine"", ""Water""]"
"[""ingredients"", ""directions"", ""compliance""]",2025-08-14,Mist on panel. Spread & buff. Avoid hot surfaces.,Bold & Buff,Citrus Foam Wash,"{""lot_code"": ""LOT-1177"", ""made_in"": ""Mexico"", ""net_content"": ""24 fl oz (710 mL)"", ""regulatory"": [""OSHA GHS""]}",Product Label,label-0177,"[""Water"", ""Sodium Chloride"", ""Sodium Laureth Sulfate"", ""Polydimethylsiloxane"", ""Citrus Peel Oil""]"
"[""ingredients"", ""directions"", ""compliance""]",2025-08-14,Mist on panel. Spread & buff. Avoid hot surfaces.,Bold & Buff,Graphene Quick Detailer,"{""lot_code"": ""LOT-1178"", ""made_in"": ""Canada"", ""net_content"": ""24 fl oz (710 mL)"", ""regulatory"": [""OSHA GHS""]}",Product Label,label-0178,"[""SiO2 Emulsion"", ""Water"", ""Sodium Chloride"", ""Cocamidopropyl Betaine"", ""Preservative""]"
"[""ingredients"", ""directions"", ""compliance""]",2025-08-14,Mist on panel. Spread & buff. Avoid hot surfaces.,Bold & Buff,Citrus Foam Wash,"{""lot_code"": ""LOT-1179"", ""made_in"": ""Mexico"", ""net_content"": ""24 fl oz (710 mL)"", ""regulatory"": [""OSHA GHS""]}",Product Label,label-0179,"[""Citrus Peel Oil"", ""Water"", ""SiO2 Emulsion"", ""Sodium Chloride"", ""Cocamidopropyl Betaine""]"
"[""ingredients"", ""directions"", ""compliance""]",2025-08-14,Mist on panel. Spread & buff. Avoid hot surfaces.,Bold & Buff,Graphene Quick Detailer,"{""lot_code"": ""LOT-1180"", ""made_in"": ""USA"", ""net_content"": ""24 fl oz (710 mL)"", ""regulatory"": [""OSHA GHS""]}",Product Label,label-0180,"[""Preservative"", ""SiO2 Emulsion"", ""Polydimethylsiloxane"", ""Sodium Chloride"", ""Citrus Peel Oil""]"
"[""ingredients"", ""directions"", ""compliance""]",2025-08-14,Mist on panel. Spread & buff. Avoid hot surfaces.,Bold & Buff,Ceramic Spray Sealant,"{""lot_code"": ""LOT-1181"", ""made_in"": ""Mexico"", ""net_content"": ""24 fl oz (710 mL)"", ""regulatory"": [""OSHA GHS""]}",Product Label,label-0181,"[""Citrus Peel Oil"", ""Sodium Chloride"", ""Preservative"", ""Water"", ""SiO2 Emulsion""]"
"[""ingredients"", ""directions"", ""compliance""]",2025-08-14,Mist on panel. Spread & buff. Avoid hot surfaces.,Bold & Buff,Ceramic Spray Sealant,"{""lot_code"": ""LOT-1182"", ""made_in"": ""Mexico"", ""net_content"": ""16 fl oz (473 mL)"", ""regulatory"": [""OSHA GHS""]}",Product Label,label-0182,"[""Preservative"", ""Sodium Chloride"", ""Polydimethylsiloxane"", ""Sodium Laureth Sulfate"", ""Water""]"
"[""ingredients"", ""directions"", ""compliance""]",2025-08-14,Mist on panel. Spread & buff. Avoid hot surfaces.,Bold & Buff,Graphene Quick Detailer,"{""lot_code"": ""LOT-1183"", ""made_in"": ""USA"", ""net_content"": ""16 fl oz (473 mL)"", ""regulatory"": [""OSHA GHS""]}",Product Label,label-0183,"[""Sodium Laureth Sulfate"", ""Water"", ""Polydimethylsiloxane"", ""SiO2 Emulsion"", ""Cocamidopropyl Betaine""]"
"[""ingredients"", ""directions"", ""compliance""]",2025-08-14,Mist on panel. Spread & buff. Avoid hot surfaces.,Bold & Buff,Ceramic Spray Sealant,"{""lot_code"": ""LOT-1184"", ""made_in"": ""USA"", ""net_content"": ""24 fl oz (710 mL)"", ""regulatory"": [""OSHA GHS""]}",Product Label,label-0184,"[""Water"", ""Cocamidopropyl Betaine"", ""Citrus Peel Oil"", ""Sodium Laureth Sulfate"", ""SiO2 Emulsion""]"
"[""ingredients"", ""directions"", ""compliance""]",2025-08-14,Mist on panel. Spread & buff. Avoid hot surfaces.,Bold & Buff,Graphene Quick Detailer,"{""lot_code"": ""LOT-1185"", ""made_in"": ""Mexico"", ""net_content"": ""16 fl oz (473 mL)"", ""regulatory"": [""OSHA GHS""]}",Product Label,label-0185,"[""Cocamidopropyl Betaine"", ""Citrus Peel Oil"", ""Water"", ""Sodium Laureth Sulfate"", ""SiO2 Emulsion""]"
"[""ingredients"", ""directions"", ""compliance""]",2025-08-14,Mist on panel. Spread & buff. Avoid hot surfaces.,Bold & Buff,Ceramic Spray Sealant,"{""lot_code"": ""LOT-1186"", ""made_in"": ""Mexico"", ""net_content"": ""24 fl oz (710 mL)"", ""regulatory"": [""OSHA GHS""]}",Product Label,label-0186,"[""SiO2 Emulsion"", ""Sodium Chloride"", ""Polydimethylsiloxane"", ""Citrus Peel Oil"", ""Sodium Laureth Sulfate""]"
"[""ingredients"", ""directions"", ""compliance""]",2025-08-14,Mist on panel. Spread & buff. Avoid hot surfaces.,Bold & Buff,Ceramic Spray Sealant,"{""lot_code"": ""LOT-1187"", ""made_in"": ""USA"", ""net_content"": ""24 fl oz (710 mL)"", ""regulatory"": [""OSHA GHS""]}",Product Label,label-0187,"[""Sodium Laureth Sulfate"", ""Preservative"", ""Water"", ""Citrus Peel Oil"", ""SiO2 Emulsion""]"
"[""ingredients"", ""directions"", ""compliance""]",2025-08-14,"Dilute 1:256 (0.5 oz/gal). Foam, agitate, rinse, dry.",Bold & Buff,Graphene Quick Detailer,"{""lot_code"": ""LOT-1188"", ""made_in"": ""Mexico"", ""net_content"": ""24 fl oz (710 mL)"", ""regulatory"": [""OSHA GHS""]}",Product Label,label-0188,"[""Sodium Laureth Sulfate"", ""Citrus Peel Oil"", ""Sodium Chloride"", ""Water"", ""Polydimethylsiloxane""]"
"[""ingredients"", ""directions"", ""compliance""]",2025-08-14,Mist on panel. Spread & buff. Avoid hot surfaces.,Bold & Buff,Ceramic Spray Sealant,"{""lot_code"": ""LOT-1189"", ""made_in"": ""Canada"", ""net_content"": ""16 fl oz (473 mL)"", ""regulatory"": [""OSHA GHS""]}",Product Label,label-0189,"[""Preservative"", ""Water"", ""Sodium Laureth Sulfate"", ""Citrus Peel Oil"", ""Cocamidopropyl Betaine""]"
"[""ingredients"", ""directions"", ""compliance""]",2025-08-14,Mist on panel. Spread & buff. Avoid hot surfaces.,Bold & Buff,Ceramic Spray Sealant,"{""lot_code"": ""LOT-1190"", ""made_in"": ""Canada"", ""net_content"": ""16 fl oz (473 mL)"", ""regulatory"": [""OSHA GHS""]}",Product Label,label-0190,"[""Sodium Laureth Sulfate"", ""Polydimethylsiloxane"", ""Water"", ""Cocamidopropyl Betaine"", ""Sodium Chloride""]"
"[""ingredients"", ""directions"", ""compliance""]",2025-08-14,"Dilute 1:256 (0.5 oz/gal). Foam, agitate, rinse, dry.",Bold & Buff,Citrus Foam Wash,"{""lot_code"": ""LOT-1191"", ""made_in"": ""USA"", ""net_content"": ""24 fl oz (710 mL)"", ""regulatory"": [""OSHA GHS""]}",Product Label,label-0191,"[""Citrus Peel Oil"", ""SiO2 Emulsion"", ""Water"", ""Cocamidopropyl Betaine"", ""Polydimethylsiloxane""]"
"[""ingredients"", ""directions"", ""compliance""]",2025-08-14,"Dilute 1:256 (0.5 oz/gal). Foam, agitate, rinse, dry.",Bold & Buff,Ceramic Spray Sealant,"{""lot_code"": ""LOT-1192"", ""made_in"": ""Canada"", ""net_content"": ""16 fl oz (473 mL)"", ""regulatory"": [""OSHA GHS""]}",Product Label,label-0192,"[""Citrus Peel Oil"", ""SiO2 Emulsion"", ""Polydimethylsiloxane"", ""Cocamidopropyl Betaine"", ""Preservative""]"
"[""ingredients"", ""directions"", ""compliance""]",2025-08-14,Mist on panel. Spread & buff. Avoid hot surfaces.,Bold & Buff,Ceramic Spray Sealant,"{""lot_code"": ""LOT-1193"", ""made_in"": ""USA"", ""net_content"": ""24 fl oz (710 mL)"", ""regulatory"": [""OSHA GHS""]}",Product Label,label-0193,"[""Polydimethylsiloxane"", ""Sodium Chloride"", ""Water"", ""Cocamidopropyl Betaine"", ""Citrus Peel Oil""]"
"[""ingredients"", ""directions"", ""compliance""]",2025-08-14,"Dilute 1:256 (0.5 oz/gal). Foam, agitate, rinse, dry.",Bold & Buff,Citrus Foam Wash,"{""lot_code"": ""LOT-1194"", ""made_in"": ""USA"", ""net_content"": ""16 fl oz (473 mL)"", ""regulatory"": [""OSHA GHS""]}",Product Label,label-0194,"[""SiO2 Emulsion"", ""Preservative"", ""Water"", ""Sodium Laureth Sulfate"", ""Polydimethylsiloxane""]"
"[""ingredients"", ""directions"", ""compliance""]",2025-08-14,Mist on panel. Spread & buff. Avoid hot surfaces.,Bold & Buff,Citrus Foam Wash,"{""lot_code"": ""LOT-1195"", ""made_in"": ""Mexico"", ""net_content"": ""24 fl oz (710 mL)"", ""regulatory"": [""OSHA GHS""]}",Product Label,label-0195,"[""Polydimethylsiloxane"", ""Sodium Laureth Sulfate"", ""Citrus Peel Oil"", ""Sodium Chloride"", ""Cocamidopropyl Betaine""]"
"[""ingredients"", ""directions"", ""compliance""]",2025-08-14,"Dilute 1:256 (0.5 oz/gal). Foam, agitate, rinse, dry.",Bold & Buff,Citrus Foam Wash,"{""lot_code"": ""LOT-1196"", ""made_in"": ""USA"", ""net_content"": ""16 fl oz (473 mL)"", ""regulatory"": [""OSHA GHS""]}",Product Label,label-0196,"[""Sodium Chloride"", ""Water"", ""SiO2 Emulsion"", ""Cocamidopropyl Betaine"", ""Sodium Laureth Sulfate""]"
"[""ingredients"", ""directions"", ""compliance""]",2025-08-14,Mist on panel. Spread & buff. Avoid hot surfaces.,Bold & Buff,Ceramic Spray Sealant,"{""lot_code"": ""LOT-1197"", ""made_in"": ""USA"", ""net_content"": ""16 fl oz (473 mL)"", ""regulatory"": [""OSHA GHS""]}",Product Label,label-0197,"[""Citrus Peel Oil"", ""Polydimethylsiloxane"", ""Preservative"", ""Water"", ""Sodium Laureth Sulfate""]"
"[""ingredients"", ""directions"", ""compliance""]",2025-08-14,"Dilute 1:256 (0.5 oz/gal). Foam, agitate, rinse, dry.",Bold & Buff,Citrus Foam Wash,"{""lot_code"": ""LOT-1198"", ""made_in"": ""USA"", ""net_content"": ""16 fl oz (473 mL)"", ""regulatory"": [""OSHA GHS""]}",Product Label,label-0198,"[""Water"", ""Sodium Laureth Sulfate"", ""Sodium Chloride"", ""Citrus Peel Oil"", ""Cocamidopropyl Betaine""]"
"[""ingredients"", ""directions"", ""compliance""]",2025-08-14,"Dilute 1:256 (0.5 oz/gal). Foam, agitate, rinse, dry.",Bold & Buff,Ceramic Spray Sealant,"{""lot_code"": ""LOT-1199"", ""made_in"": ""USA"", ""net_content"": ""24 fl oz (710 mL)"", ""regulatory"": [""OSHA GHS""]}",Product Label,label-0199,"[""Cocamidopropyl Betaine"", ""Polydimethylsiloxane"", ""Water"", ""Sodium Chloride"", ""Preservative""]"
"[""ingredients"", ""directions"", ""compliance""]",2025-08-14,Mist on panel. Spread & buff. Avoid hot surfaces.,Bold & Buff,Graphene Quick Detailer,"{""lot_code"": ""LOT-1200"", ""made_in"": ""Mexico"", ""net_content"": ""16 fl oz (473 mL)"", ""regulatory"": [""OSHA GHS""]}",Product Label,label-0200,"[""Polydimethylsiloxane"", ""SiO2 Emulsion"", ""Preservative"", ""Sodium Laureth Sulfate"", ""Water""]"
"[""ingredients"", ""directions"", ""compliance""]",2025-08-14,"Dilute 1:256 (0.5 oz/gal). Foam, agitate, rinse, dry.",Bold & Buff,Ceramic Spray Sealant,"{""lot_code"": ""LOT-1201"", ""made_in"": ""Mexico"", ""net_content"": ""16 fl oz (473 mL)"", ""regulatory"": [""OSHA GHS""]}",Product Label,label-0201,"[""Sodium Laureth Sulfate"", ""Cocamidopropyl Betaine"", ""Polydimethylsiloxane"", ""SiO2 Emulsion"", ""Citrus Peel Oil""]"
"[""ingredients"", ""directions"", ""compliance""]",2025-08-14,"Dilute 1:256 (0.5 oz/gal). Foam, agitate, rinse, dry.",Bold & Buff,Graphene Quick Detailer,"{""lot_code"": ""LOT-1202"", ""made_in"": ""USA"", ""net_content"": ""16 fl oz (473 mL)"", ""regulatory"": [""OSHA GHS""]}",Product Label,label-0202,"[""Sodium Chloride"", ""Water"", ""Cocamidopropyl Betaine"", ""Polydimethylsiloxane"", ""Preservative""]"
"[""ingredients"", ""directions"", ""compliance""]",2025-08-14,Mist on panel. Spread & buff. Avoid hot surfaces.,Bold & Buff,Citrus Foam Wash,"{""lot_code"": ""LOT-1203"", ""made_in"": ""Mexico"", ""net_content"": ""24 fl oz (710 mL)"", ""regulatory"": [""OSHA GHS""]}",Product Label,label-0203,"[""Sodium Laureth Sulfate"", ""Cocamidopropyl Betaine"", ""Water"", ""SiO2 Emulsion"", ""Preservative""]"
"[""ingredients"", ""directions"", ""compliance""]",2025-08-14,"Dilute 1:256 (0.5 oz/gal). Foam, agitate, rinse, dry.",Bold & Buff,Citrus Foam Wash,"{""lot_code"": ""LOT-1204"", ""made_in"": ""USA"", ""net_content"": ""24 fl oz (710 mL)"", ""regulatory"": [""OSHA GHS""]}",Product Label,label-0204,"[""Preservative"", ""Sodium Chloride"", ""Sodium Laureth Sulfate"", ""Citrus Peel Oil"", ""SiO2 Emulsion""]"
"[""ingredients"", ""directions"", ""compliance""]",2025-08-14,"Dilute 1:256 (0.5 oz/gal). Foam, agitate, rinse, dry.",Bold & Buff,Citrus Foam Wash,"{""lot_code"": ""LOT-1205"", ""made_in"": ""Canada"", ""net_content"": ""24 fl oz (710 mL)"", ""regulatory"": [""OSHA GHS""]}",Product Label,label-0205,"[""Citrus Peel Oil"", ""Cocamidopropyl Betaine"", ""Preservative"", ""Water"", ""Sodium Laureth Sulfate""]"
"[""ingredients"", ""directions"", ""compliance""]",2025-08-14,Mist on panel. Spread & buff. Avoid hot surfaces.,Bold & Buff,Ceramic Spray Sealant,"{""lot_code"": ""LOT-1206"", ""made_in"": ""Canada"", ""net_content"": ""24 fl oz (710 mL)"", ""regulatory"": [""OSHA GHS""]}",Product Label,label-0206,"[""Sodium Laureth Sulfate"", ""Sodium Chloride"", ""Cocamidopropyl Betaine"", ""Polydimethylsiloxane"", ""Preservative""]"
"[""ingredients"", ""directions"", ""compliance""]",2025-08-14,Mist on panel. Spread & buff. Avoid hot surfaces.,Bold & Buff,Graphene Quick Detailer,"{""lot_code"": ""LOT-1207"", ""made_in"": ""USA"", ""net_content"": ""16 fl oz (473 mL)"", ""regulatory"": [""OSHA GHS""]}",Product Label,label-0207,"[""Sodium Laureth Sulfate"", ""SiO2 Emulsion"", ""Water"", ""Citrus Peel Oil"", ""Preservative""]"
"[""ingredients"", ""directions"", ""compliance""]",2025-08-14,Mist on panel. Spread & buff. Avoid hot surfaces.,Bold & Buff,Citrus Foam Wash,"{""lot_code"": ""LOT-1208"", ""made_in"": ""Mexico"", ""net_content"": ""24 fl oz (710 mL)"", ""regulatory"": [""OSHA GHS""]}",Product Label,label-0208,"[""Water"", ""Citrus Peel Oil"", ""Preservative"", ""Sodium Laureth Sulfate"", ""SiO2 Emulsion""]"
"[""ingredients"", ""directions"", ""compliance""]",2025-08-14,Mist on panel. Spread & buff. Avoid hot surfaces.,Bold & Buff,Citrus Foam Wash,"{""lot_code"": ""LOT-1209"", ""made_in"": ""Canada"", ""net_content"": ""16 fl oz (473 mL)"", ""regulatory"": [""OSHA GHS""]}",Product Label,label-0209,"[""SiO2 Emulsion"", ""Citrus Peel Oil"", ""Polydimethylsiloxane"", ""Preservative"", ""Sodium Laureth Sulfate""]"
"[""ingredients"", ""directions"", ""compliance""]",2025-08-14,Mist on panel. Spread & buff. Avoid hot surfaces.,Bold & Buff,Ceramic Spray Sealant,"{""lot_code"": ""LOT-1210"", ""made_in"": ""Mexico"", ""net_content"": ""24 fl oz (710 mL)"", ""regulatory"": [""OSHA GHS""]}",Product Label,label-0210,"[""Sodium Laureth Sulfate"", ""Cocamidopropyl Betaine"", ""Water"", ""Preservative"", ""Sodium Chloride""]"
"[""ingredients"", ""directions"", ""compliance""]",2025-08-14,"Dilute 1:256 (0.5 oz/gal). Foam, agitate, rinse, dry.",Bold & Buff,Citrus Foam Wash,"{""lot_code"": ""LOT-1211"", ""made_in"": ""USA"", ""net_content"": ""24 fl oz (710 mL)"", ""regulatory"": [""OSHA GHS""]}",Product Label,label-0211,"[""Citrus Peel Oil"", ""Polydimethylsiloxane"", ""Cocamidopropyl Betaine"", ""Sodium Chloride"", ""Sodium Laureth Sulfate""]"
"[""ingredients"", ""directions"", ""compliance""]",2025-08-14,"Dilute 1:256 (0.5 oz/gal). Foam, agitate, rinse, dry.",Bold & Buff,Ceramic Spray Sealant,"{""lot_code"": ""LOT-1212"", ""made_in"": ""Canada"", ""net_content"": ""24 fl oz (710 mL)"", ""regulatory"": [""OSHA GHS""]}",Product Label,label-0212,"[""Citrus Peel Oil"", ""Cocamidopropyl Betaine"", ""Water"", ""Sodium Chloride"", ""Polydimethylsiloxane""]"
"[""ingredients"", ""directions"", ""compliance""]",2025-08-14,"Dilute 1:256 (0.5 oz/gal). Foam, agitate, rinse, dry.",Bold & Buff,Graphene Quick Detailer,"{""lot_code"": ""LOT-1213"", ""made_in"": ""Canada"", ""net_content"": ""16 fl oz (473 mL)"", ""regulatory"": [""OSHA GHS""]}",Product Label,label-0213,"[""Sodium Laureth Sulfate"", ""Citrus Peel Oil"", ""Preservative"", ""Sodium Chloride"", ""SiO2 Emulsion""]"
"[""ingredients"", ""directions"", ""compliance""]",2025-08-14,"Dilute 1:256 (0.5 oz/gal). Foam, agitate, rinse, dry.",Bold & Buff,Ceramic Spray Sealant,"{""lot_code"": ""LOT-1214"", ""made_in"": ""Mexico"", ""net_content"": ""16 fl oz (473 mL)"", ""regulatory"": [""OSHA GHS""]}",Product Label,label-0214,"[""Preservative"", ""Sodium Laureth Sulfate"", ""SiO2 Emulsion"", ""Sodium Chloride"", ""Cocamidopropyl Betaine""]"
"[""ingredients"", ""directions"", ""compliance""]",2025-08-14,"Dilute 1:256 (0.5 oz/gal). Foam, agitate, rinse, dry.",Bold & Buff,Graphene Quick Detailer,"{""lot_code"": ""LOT-1215"", ""made_in"": ""Mexico"", ""net_content"": ""24 fl oz (710 mL)"", ""regulatory"": [""OSHA GHS""]}",Product Label,label-0215,"[""Citrus Peel Oil"", ""Preservative"", ""Sodium Chloride"", ""Sodium Laureth Sulfate"", ""Water""]"
"[""ingredients"", ""directions"", ""compliance""]",2025-08-14,Mist on panel. Spread & buff. Avoid hot surfaces.,Bold & Buff,Ceramic Spray Sealant,"{""lot_code"": ""LOT-1216"", ""made_in"": ""Canada"", ""net_content"": ""24 fl oz (710 mL)"", ""regulatory"": [""OSHA GHS""]}",Product Label,label-0216,"[""SiO2 Emulsion"", ""Preservative"", ""Sodium Chloride"", ""Water"", ""Sodium Laureth Sulfate""]"
"[""ingredients"", ""directions"", ""compliance""]",2025-08-14,Mist on panel. Spread & buff. Avoid hot surfaces.,Bold & Buff,Citrus Foam Wash,"{""lot_code"": ""LOT-1217"", ""made_in"": ""Canada"", ""net_content"": ""24 fl oz (710 mL)"", ""regulatory"": [""OSHA GHS""]}",Product Label,label-0217,"[""Cocamidopropyl Betaine"", ""Water"", ""SiO2 Emulsion"", ""Sodium Laureth Sulfate"", ""Sodium Chloride""]"
"[""ingredients"", ""directions"", ""compliance""]",2025-08-14,"Dilute 1:256 (0.5 oz/gal). Foam, agitate, rinse, dry.",Bold & Buff,Graphene Quick Detailer,"{""lot_code"": ""LOT-1218"", ""made_in"": ""Mexico"", ""net_content"": ""16 fl oz (473 mL)"", ""regulatory"": [""OSHA GHS""]}",Product Label,label-0218,"[""Sodium Chloride"", ""Cocamidopropyl Betaine"", ""Citrus Peel Oil"", ""Preservative"", ""Water""]"
"[""ingredients"", ""directions"", ""compliance""]",2025-08-14,"Dilute 1:256 (0.5 oz/gal). Foam, agitate, rinse, dry.",Bold & Buff,Citrus Foam Wash,"{""lot_code"": ""LOT-1219"", ""made_in"": ""USA"", ""net_content"": ""16 fl oz (473 mL)"", ""regulatory"": [""OSHA GHS""]}",Product Label,label-0219,"[""Sodium Laureth Sulfate"", ""Citrus Peel Oil"", ""Preservative"", ""Water"", ""Cocamidopropyl Betaine""]"
"[""ingredients"", ""directions"", ""compliance""]",2025-08-14,Mist on panel. Spread & buff. Avoid hot surfaces.,Bold & Buff,Ceramic Spray Sealant,"{""lot_code"": ""LOT-1220"", ""made_in"": ""Mexico"", ""net_content"": ""16 fl oz (473 mL)"", ""regulatory"": [""OSHA GHS""]}",Product Label,label-0220,"[""Preservative"", ""Polydimethylsiloxane"", ""Sodium Chloride"", ""Sodium Laureth Sulfate"", ""Water""]"
