tags,description,last_updated,project,tagline,keywords,category,id
"[""keywords""]",Project description.,2025-08-14,Corevexa Labs,"Core Thinking, Limitless Possibilities","[""ai"", ""automation"", ""marketing""]",Project Metadata,meta-0001
"[""keywords""]",Project description.,2025-08-14,Corevexa Labs,"Core Thinking, Limitless Possibilities","[""ai"", ""automation"", ""marketing""]",Project Metadata,meta-0002
"[""keywords""]",Project description.,2025-08-14,Corevexa Labs,"Core Thinking, Limitless Possibilities","[""ai"", ""automation"", ""marketing""]",Project Metadata,meta-0003
"[""keywords""]",Project description.,2025-08-14,Corevexa Labs,"Core Thinking, Limitless Possibilities","[""ai"", ""automation"", ""marketing""]",Project Metadata,meta-0004
"[""keywords""]",Project description.,2025-08-14,Corevexa Labs,"Core Thinking, Limitless Possibilities","[""ai"", ""automation"", ""marketing""]",Project Metadata,meta-0005
"[""keywords""]",Project description.,2025-08-14,Corevexa Labs,"Core Thinking, Limitless Possibilities","[""ai"", ""automation"", ""marketing""]",Project Metadata,meta-0006
"[""keywords""]",Project description.,2025-08-14,Corevexa Labs,"Core Thinking, Limitless Possibilities","[""ai"", ""automation"", ""marketing""]",Project Metadata,meta-0007
"[""keywords""]",Project description.,2025-08-14,Corevexa Labs,"Core Thinking, Limitless Possibilities","[""ai"", ""automation"", ""marketing""]",Project Metadata,meta-0008
"[""keywords""]",Project description.,2025-08-14,Corevexa Labs,"Core Thinking, Limitless Possibilities","[""ai"", ""automation"", ""marketing""]",Project Metadata,meta-0009
"[""keywords""]",Project description.,2025-08-14,Corevexa Labs,"Core Thinking, Limitless Possibilities","[""ai"", ""automation"", ""marketing""]",Project Metadata,meta-0010
"[""keywords""]",Project description.,2025-08-14,Corevexa Labs,"Core Thinking, Limitless Possibilities","[""ai"", ""automation"", ""marketing""]",Project Metadata,meta-0011
"[""keywords""]",Project description.,2025-08-14,Corevexa Labs,"Core Thinking, Limitless Possibilities","[""ai"", ""automation"", ""marketing""]",Project Metadata,meta-0012
"[""keywords""]",Project description.,2025-08-14,Corevexa Labs,"Core Thinking, Limitless Possibilities","[""ai"", ""automation"", ""marketing""]",Project Metadata,meta-0013
"[""keywords""]",Project description.,2025-08-14,Corevexa Labs,"Core Thinking, Limitless Possibilities","[""ai"", ""automation"", ""marketing""]",Project Metadata,meta-0014
"[""keywords""]",Project description.,2025-08-14,Corevexa Labs,"Core Thinking, Limitless Possibilities","[""ai"", ""automation"", ""marketing""]",Project Metadata,meta-0015
"[""keywords""]",Project description.,2025-08-14,Corevexa Labs,"Core Thinking, Limitless Possibilities","[""ai"", ""automation"", ""marketing""]",Project Metadata,meta-0016
"[""keywords""]",Project description.,2025-08-14,Corevexa Labs,"Core Thinking, Limitless Possibilities","[""ai"", ""automation"", ""marketing""]",Project Metadata,meta-0017
"[""keywords""]",Project description.,2025-08-14,Corevexa Labs,"Core Thinking, Limitless Possibilities","[""ai"", ""automation"", ""marketing""]",Project Metadata,meta-0018
"[""keywords""]",Project description.,2025-08-14,Corevexa Labs,"Core Thinking, Limitless Possibilities","[""ai"", ""automation"", ""marketing""]",Project Metadata,meta-0019
"[""keywords""]",Project description.,2025-08-14,Corevexa Labs,"Core Thinking, Limitless Possibilities","[""ai"", ""automation"", ""marketing""]",Project Metadata,meta-0020
"[""keywords""]",Project description.,2025-08-14,Corevexa Labs,"Core Thinking, Limitless Possibilities","[""ai"", ""automation"", ""marketing""]",Project Metadata,meta-0021
"[""keywords""]",Project description.,2025-08-14,Corevexa Labs,"Core Thinking, Limitless Possibilities","[""ai"", ""automation"", ""marketing""]",Project Metadata,meta-0022
"[""keywords""]",Project description.,2025-08-14,Corevexa Labs,"Core Thinking, Limitless Possibilities","[""ai"", ""automation"", ""marketing""]",Project Metadata,meta-0023
"[""keywords""]",Project description.,2025-08-14,Corevexa Labs,"Core Thinking, Limitless Possibilities","[""ai"", ""automation"", ""marketing""]",Project Metadata,meta-0024
"[""keywords""]",Project description.,2025-08-14,Corevexa Labs,"Core Thinking, Limitless Possibilities","[""ai"", ""automation"", ""marketing""]",Project Metadata,meta-0025
"[""keywords""]",Project description.,2025-08-14,Corevexa Labs,"Core Thinking, Limitless Possibilities","[""ai"", ""automation"", ""marketing""]",Project Metadata,meta-0026
"[""keywords""]",Project description.,2025-08-14,Corevexa Labs,"Core Thinking, Limitless Possibilities","[""ai"", ""automation"", ""marketing""]",Project Metadata,meta-0027
"[""keywords""]",Project description.,2025-08-14,Corevexa Labs,"Core Thinking, Limitless Possibilities","[""ai"", ""automation"", ""marketing""]",Project Metadata,meta-0028
"[""keywords""]",Project description.,2025-08-14,Corevexa Labs,"Core Thinking, Limitless Possibilities","[""ai"", ""automation"", ""marketing""]",Project Metadata,meta-0029
"[""keywords""]",Project description.,2025-08-14,Corevexa Labs,"Core Thinking, Limitless Possibilities","[""ai"", ""automation"", ""marketing""]",Project Metadata,meta-0030
"[""keywords""]",Project description.,2025-08-14,Corevexa Labs,"Core Thinking, Limitless Possibilities","[""ai"", ""automation"", ""marketing""]",Project Metadata,meta-0031
"[""keywords""]",Project description.,2025-08-14,Corevexa Labs,"Core Thinking, Limitless Possibilities","[""ai"", ""automation"", ""marketing""]",Project Metadata,meta-0032
"[""keywords""]",Project description.,2025-08-14,Corevexa Labs,"Core Thinking, Limitless Possibilities","[""ai"", ""automation"", ""marketing""]",Project Metadata,meta-0033
"[""keywords""]",Project description.,2025-08-14,Corevexa Labs,"Core Thinking, Limitless Possibilities","[""ai"", ""automation"", ""marketing""]",Project Metadata,meta-0034
"[""keywords""]",Project description.,2025-08-14,Corevexa Labs,"Core Thinking, Limitless Possibilities","[""ai"", ""automation"", ""marketing""]",Project Metadata,meta-0035
"[""keywords""]",Project description.,2025-08-14,Corevexa Labs,"Core Thinking, Limitless Possibilities","[""ai"", ""automation"", ""marketing""]",Project Metadata,meta-0036
"[""keywords""]",Project description.,2025-08-14,Corevexa Labs,"Core Thinking, Limitless Possibilities","[""ai"", ""automation"", ""marketing""]",Project Metadata,meta-0037
"[""keywords""]",Project description.,2025-08-14,Corevexa Labs,"Core Thinking, Limitless Possibilities","[""ai"", ""automation"", ""marketing""]",Project Metadata,meta-0038
"[""keywords""]",Project description.,2025-08-14,Corevexa Labs,"Core Thinking, Limitless Possibilities","[""ai"", ""automation"", ""marketing""]",Project Metadata,meta-0039
"[""keywords""]",Project description.,2025-08-14,Corevexa Labs,"Core Thinking, Limitless Possibilities","[""ai"", ""automation"", ""marketing""]",Project Metadata,meta-0040
"[""keywords""]",Project description.,2025-08-14,Corevexa Labs,"Core Thinking, Limitless Possibilities","[""ai"", ""automation"", ""marketing""]",Project Metadata,meta-0041
"[""keywords""]",Project description.,2025-08-14,Corevexa Labs,"Core Thinking, Limitless Possibilities","[""ai"", ""automation"", ""marketing""]",Project Metadata,meta-0042
"[""keywords""]",Project description.,2025-08-14,Corevexa Labs,"Core Thinking, Limitless Possibilities","[""ai"", ""automation"", ""marketing""]",Project Metadata,meta-0043
"[""keywords""]",Project description.,2025-08-14,Corevexa Labs,"Core Thinking, Limitless Possibilities","[""ai"", ""automation"", ""marketing""]",Project Metadata,meta-0044
"[""keywords""]",Project description.,2025-08-14,Corevexa Labs,"Core Thinking, Limitless Possibilities","[""ai"", ""automation"", ""marketing""]",Project Metadata,meta-0045
"[""keywords""]",Project description.,2025-08-14,Corevexa Labs,"Core Thinking, Limitless Possibilities","[""ai"", ""automation"", ""marketing""]",Project Metadata,meta-0046
"[""keywords""]",Project description.,2025-08-14,Corevexa Labs,"Core Thinking, Limitless Possibilities","[""ai"", ""automation"", ""marketing""]",Project Metadata,meta-0047
"[""keywords""]",Project description.,2025-08-14,Corevexa Labs,"Core Thinking, Limitless Possibilities","[""ai"", ""automation"", ""marketing""]",Project Metadata,meta-0048
"[""keywords""]",Project description.,2025-08-14,Corevexa Labs,"Core Thinking, Limitless Possibilities","[""ai"", ""automation"", ""marketing""]",Project Metadata,meta-0049
"[""keywords""]",Project description.,2025-08-14,Corevexa Labs,"Core Thinking, Limitless Possibilities","[""ai"", ""automation"", ""marketing""]",Project Metadata,meta-0050
"[""keywords""]",Project description.,2025-08-14,Corevexa Labs,"Core Thinking, Limitless Possibilities","[""ai"", ""automation"", ""marketing""]",Project Metadata,meta-0051
"[""keywords""]",Project description.,2025-08-14,Corevexa Labs,"Core Thinking, Limitless Possibilities","[""ai"", ""automation"", ""marketing""]",Project Metadata,meta-0052
"[""keywords""]",Project description.,2025-08-14,Corevexa Labs,"Core Thinking, Limitless Possibilities","[""ai"", ""automation"", ""marketing""]",Project Metadata,meta-0053
"[""keywords""]",Project description.,2025-08-14,Corevexa Labs,"Core Thinking, Limitless Possibilities","[""ai"", ""automation"", ""marketing""]",Project Metadata,meta-0054
"[""keywords""]",Project description.,2025-08-14,Corevexa Labs,"Core Thinking, Limitless Possibilities","[""ai"", ""automation"", ""marketing""]",Project Metadata,meta-0055
"[""keywords""]",Project description.,2025-08-14,Corevexa Labs,"Core Thinking, Limitless Possibilities","[""ai"", ""automation"", ""marketing""]",Project Metadata,meta-0056
"[""keywords""]",Project description.,2025-08-14,Corevexa Labs,"Core Thinking, Limitless Possibilities","[""ai"", ""automation"", ""marketing""]",Project Metadata,meta-0057
"[""keywords""]",Project description.,2025-08-14,Corevexa Labs,"Core Thinking, Limitless Possibilities","[""ai"", ""automation"", ""marketing""]",Project Metadata,meta-0058
"[""keywords""]",Project description.,2025-08-14,Corevexa Labs,"Core Thinking, Limitless Possibilities","[""ai"", ""automation"", ""marketing""]",Project Metadata,meta-0059
"[""keywords""]",Project description.,2025-08-14,Corevexa Labs,"Core Thinking, Limitless Possibilities","[""ai"", ""automation"", ""marketing""]",Project Metadata,meta-0060
"[""keywords""]",Project description.,2025-08-14,Corevexa Labs,"Core Thinking, Limitless Possibilities","[""ai"", ""automation"", ""marketing""]",Project Metadata,meta-0061
"[""keywords""]",Project description.,2025-08-14,Corevexa Labs,"Core Thinking, Limitless Possibilities","[""ai"", ""automation"", ""marketing""]",Project Metadata,meta-0062
"[""keywords""]",Project description.,2025-08-14,Corevexa Labs,"Core Thinking, Limitless Possibilities","[""ai"", ""automation"", ""marketing""]",Project Metadata,meta-0063
"[""keywords""]",Project description.,2025-08-14,Corevexa Labs,"Core Thinking, Limitless Possibilities","[""ai"", ""automation"", ""marketing""]",Project Metadata,meta-0064
"[""keywords""]",Project description.,2025-08-14,Corevexa Labs,"Core Thinking, Limitless Possibilities","[""ai"", ""automation"", ""marketing""]",Project Metadata,meta-0065
"[""keywords""]",Project description.,2025-08-14,Corevexa Labs,"Core Thinking, Limitless Possibilities","[""ai"", ""automation"", ""marketing""]",Project Metadata,meta-0066
"[""keywords""]",Project description.,2025-08-14,Corevexa Labs,"Core Thinking, Limitless Possibilities","[""ai"", ""automation"", ""marketing""]",Project Metadata,meta-0067
"[""keywords""]",Project description.,2025-08-14,Corevexa Labs,"Core Thinking, Limitless Possibilities","[""ai"", ""automation"", ""marketing""]",Project Metadata,meta-0068
"[""keywords""]",Project description.,2025-08-14,Corevexa Labs,"Core Thinking, Limitless Possibilities","[""ai"", ""automation"", ""marketing""]",Project Metadata,meta-0069
"[""keywords""]",Project description.,2025-08-14,Corevexa Labs,"Core Thinking, Limitless Possibilities","[""ai"", ""automation"", ""marketing""]",Project Metadata,meta-0070
"[""keywords""]",Project description.,2025-08-14,Corevexa Labs,"Core Thinking, Limitless Possibilities","[""ai"", ""automation"", ""marketing""]",Project Metadata,meta-0071
"[""keywords""]",Project description.,2025-08-14,Corevexa Labs,"Core Thinking, Limitless Possibilities","[""ai"", ""automation"", ""marketing""]",Project Metadata,meta-0072
"[""keywords""]",Project description.,2025-08-14,Corevexa Labs,"Core Thinking, Limitless Possibilities","[""ai"", ""automation"", ""marketing""]",Project Metadata,meta-0073
"[""keywords""]",Project description.,2025-08-14,Corevexa Labs,"Core Thinking, Limitless Possibilities","[""ai"", ""automation"", ""marketing""]",Project Metadata,meta-0074
"[""keywords""]",Project description.,2025-08-14,Corevexa Labs,"Core Thinking, Limitless Possibilities","[""ai"", ""automation"", ""marketing""]",Project Metadata,meta-0075
"[""keywords""]",Project description.,2025-08-14,Corevexa Labs,"Core Thinking, Limitless Possibilities","[""ai"", ""automation"", ""marketing""]",Project Metadata,meta-0076
"[""keywords""]",Project description.,2025-08-14,Corevexa Labs,"Core Thinking, Limitless Possibilities","[""ai"", ""automation"", ""marketing""]",Project Metadata,meta-0077
"[""keywords""]",Project description.,2025-08-14,Corevexa Labs,"Core Thinking, Limitless Possibilities","[""ai"", ""automation"", ""marketing""]",Project Metadata,meta-0078
"[""keywords""]",Project description.,2025-08-14,Corevexa Labs,"Core Thinking, Limitless Possibilities","[""ai"", ""automation"", ""marketing""]",Project Metadata,meta-0079
"[""keywords""]",Project description.,2025-08-14,Corevexa Labs,"Core Thinking, Limitless Possibilities","[""ai"", ""automation"", ""marketing""]",Project Metadata,meta-0080
"[""keywords""]",Project description.,2025-08-14,Corevexa Labs,"Core Thinking, Limitless Possibilities","[""ai"", ""automation"", ""marketing""]",Project Metadata,meta-0081
"[""keywords""]",Project description.,2025-08-14,Corevexa Labs,"Core Thinking, Limitless Possibilities","[""ai"", ""automation"", ""marketing""]",Project Metadata,meta-0082
"[""keywords""]",Project description.,2025-08-14,Corevexa Labs,"Core Thinking, Limitless Possibilities","[""ai"", ""automation"", ""marketing""]",Project Metadata,meta-0083
"[""keywords""]",Project description.,2025-08-14,Corevexa Labs,"Core Thinking, Limitless Possibilities","[""ai"", ""automation"", ""marketing""]",Project Metadata,meta-0084
"[""keywords""]",Project description.,2025-08-14,Corevexa Labs,"Core Thinking, Limitless Possibilities","[""ai"", ""automation"", ""marketing""]",Project Metadata,meta-0085
"[""keywords""]",Project description.,2025-08-14,Corevexa Labs,"Core Thinking, Limitless Possibilities","[""ai"", ""automation"", ""marketing""]",Project Metadata,meta-0086
"[""keywords""]",Project description.,2025-08-14,Corevexa Labs,"Core Thinking, Limitless Possibilities","[""ai"", ""automation"", ""marketing""]",Project Metadata,meta-0087
"[""keywords""]",Project description.,2025-08-14,Corevexa Labs,"Core Thinking, Limitless Possibilities","[""ai"", ""automation"", ""marketing""]",Project Metadata,meta-0088
"[""keywords""]",Project description.,2025-08-14,Corevexa Labs,"Core Thinking, Limitless Possibilities","[""ai"", ""automation"", ""marketing""]",Project Metadata,meta-0089
"[""keywords""]",Project description.,2025-08-14,Corevexa Labs,"Core Thinking, Limitless Possibilities","[""ai"", ""automation"", ""marketing""]",Project Metadata,meta-0090
"[""keywords""]",Project description.,2025-08-14,Corevexa Labs,"Core Thinking, Limitless Possibilities","[""ai"", ""automation"", ""marketing""]",Project Metadata,meta-0091
"[""keywords""]",Project description.,2025-08-14,Corevexa Labs,"Core Thinking, Limitless Possibilities","[""ai"", ""automation"", ""marketing""]",Project Metadata,meta-0092
"[""keywords""]",Project description.,2025-08-14,Corevexa Labs,"Core Thinking, Limitless Possibilities","[""ai"", ""automation"", ""marketing""]",Project Metadata,meta-0093
"[""keywords""]",Project description.,2025-08-14,Corevexa Labs,"Core Thinking, Limitless Possibilities","[""ai"", ""automation"", ""marketing""]",Project Metadata,meta-0094
"[""keywords""]",Project description.,2025-08-14,Corevexa Labs,"Core Thinking, Limitless Possibilities","[""ai"", ""automation"", ""marketing""]",Project Metadata,meta-0095
"[""keywords""]",Project description.,2025-08-14,Corevexa Labs,"Core Thinking, Limitless Possibilities","[""ai"", ""automation"", ""marketing""]",Project Metadata,meta-0096
"[""keywords""]",Project description.,2025-08-14,Corevexa Labs,"Core Thinking, Limitless Possibilities","[""ai"", ""automation"", ""marketing""]",Project Metadata,meta-0097
"[""keywords""]",Project description.,2025-08-14,Corevexa Labs,"Core Thinking, Limitless Possibilities","[""ai"", ""automation"", ""marketing""]",Project Metadata,meta-0098
"[""keywords""]",Project description.,2025-08-14,Corevexa Labs,"Core Thinking, Limitless Possibilities","[""ai"", ""automation"", ""marketing""]",Project Metadata,meta-0099
"[""keywords""]",Project description.,2025-08-14,Corevexa Labs,"Core Thinking, Limitless Possibilities","[""ai"", ""automation"", ""marketing""]",Project Metadata,meta-0100
"[""keywords""]",Project description.,2025-08-14,Corevexa Labs,"Core Thinking, Limitless Possibilities","[""ai"", ""automation"", ""marketing""]",Project Metadata,meta-0101
"[""keywords""]",Project description.,2025-08-14,Corevexa Labs,"Core Thinking, Limitless Possibilities","[""ai"", ""automation"", ""marketing""]",Project Metadata,meta-0102
"[""keywords""]",Project description.,2025-08-14,Corevexa Labs,"Core Thinking, Limitless Possibilities","[""ai"", ""automation"", ""marketing""]",Project Metadata,meta-0103
"[""keywords""]",Project description.,2025-08-14,Corevexa Labs,"Core Thinking, Limitless Possibilities","[""ai"", ""automation"", ""marketing""]",Project Metadata,meta-0104
"[""keywords""]",Project description.,2025-08-14,Corevexa Labs,"Core Thinking, Limitless Possibilities","[""ai"", ""automation"", ""marketing""]",Project Metadata,meta-0105
"[""keywords""]",Project description.,2025-08-14,Corevexa Labs,"Core Thinking, Limitless Possibilities","[""ai"", ""automation"", ""marketing""]",Project Metadata,meta-0106
"[""keywords""]",Project description.,2025-08-14,Corevexa Labs,"Core Thinking, Limitless Possibilities","[""ai"", ""automation"", ""marketing""]",Project Metadata,meta-0107
"[""keywords""]",Project description.,2025-08-14,Corevexa Labs,"Core Thinking, Limitless Possibilities","[""ai"", ""automation"", ""marketing""]",Project Metadata,meta-0108
"[""keywords""]",Project description.,2025-08-14,Corevexa Labs,"Core Thinking, Limitless Possibilities","[""ai"", ""automation"", ""marketing""]",Project Metadata,meta-0109
"[""keywords""]",Project description.,2025-08-14,Corevexa Labs,"Core Thinking, Limitless Possibilities","[""ai"", ""automation"", ""marketing""]",Project Metadata,meta-0110
"[""keywords""]",Project description.,2025-08-14,Corevexa Labs,"Core Thinking, Limitless Possibilities","[""ai"", ""automation"", ""marketing""]",Project Metadata,meta-0111
"[""keywords""]",Project description.,2025-08-14,Corevexa Labs,"Core Thinking, Limitless Possibilities","[""ai"", ""automation"", ""marketing""]",Project Metadata,meta-0112
"[""keywords""]",Project description.,2025-08-14,Corevexa Labs,"Core Thinking, Limitless Possibilities","[""ai"", ""automation"", ""marketing""]",Project Metadata,meta-0113
"[""keywords""]",Project description.,2025-08-14,Corevexa Labs,"Core Thinking, Limitless Possibilities","[""ai"", ""automation"", ""marketing""]",Project Metadata,meta-0114
"[""keywords""]",Project description.,2025-08-14,Corevexa Labs,"Core Thinking, Limitless Possibilities","[""ai"", ""automation"", ""marketing""]",Project Metadata,meta-0115
"[""keywords""]",Project description.,2025-08-14,Corevexa Labs,"Core Thinking, Limitless Possibilities","[""ai"", ""automation"", ""marketing""]",Project Metadata,meta-0116
"[""keywords""]",Project description.,2025-08-14,Corevexa Labs,"Core Thinking, Limitless Possibilities","[""ai"", ""automation"", ""marketing""]",Project Metadata,meta-0117
"[""keywords""]",Project description.,2025-08-14,Corevexa Labs,"Core Thinking, Limitless Possibilities","[""ai"", ""automation"", ""marketing""]",Project Metadata,meta-0118
"[""keywords""]",Project description.,2025-08-14,Corevexa Labs,"Core Thinking, Limitless Possibilities","[""ai"", ""automation"", ""marketing""]",Project Metadata,meta-0119
"[""keywords""]",Project description.,2025-08-14,Corevexa Labs,"Core Thinking, Limitless Possibilities","[""ai"", ""automation"", ""marketing""]",Project Metadata,meta-0120
"[""keywords""]",Project description.,2025-08-14,Corevexa Labs,"Core Thinking, Limitless Possibilities","[""ai"", ""automation"", ""marketing""]",Project Metadata,meta-0121
"[""keywords""]",Project description.,2025-08-14,Corevexa Labs,"Core Thinking, Limitless Possibilities","[""ai"", ""automation"", ""marketing""]",Project Metadata,meta-0122
"[""keywords""]",Project description.,2025-08-14,Corevexa Labs,"Core Thinking, Limitless Possibilities","[""ai"", ""automation"", ""marketing""]",Project Metadata,meta-0123
"[""keywords""]",Project description.,2025-08-14,Corevexa Labs,"Core Thinking, Limitless Possibilities","[""ai"", ""automation"", ""marketing""]",Project Metadata,meta-0124
"[""keywords""]",Project description.,2025-08-14,Corevexa Labs,"Core Thinking, Limitless Possibilities","[""ai"", ""automation"", ""marketing""]",Project Metadata,meta-0125
"[""keywords""]",Project description.,2025-08-14,Corevexa Labs,"Core Thinking, Limitless Possibilities","[""ai"", ""automation"", ""marketing""]",Project Metadata,meta-0126
"[""keywords""]",Project description.,2025-08-14,Corevexa Labs,"Core Thinking, Limitless Possibilities","[""ai"", ""automation"", ""marketing""]",Project Metadata,meta-0127
"[""keywords""]",Project description.,2025-08-14,Corevexa Labs,"Core Thinking, Limitless Possibilities","[""ai"", ""automation"", ""marketing""]",Project Metadata,meta-0128
"[""keywords""]",Project description.,2025-08-14,Corevexa Labs,"Core Thinking, Limitless Possibilities","[""ai"", ""automation"", ""marketing""]",Project Metadata,meta-0129
"[""keywords""]",Project description.,2025-08-14,Corevexa Labs,"Core Thinking, Limitless Possibilities","[""ai"", ""automation"", ""marketing""]",Project Metadata,meta-0130
"[""keywords""]",Project description.,2025-08-14,Corevexa Labs,"Core Thinking, Limitless Possibilities","[""ai"", ""automation"", ""marketing""]",Project Metadata,meta-0131
"[""keywords""]",Project description.,2025-08-14,Corevexa Labs,"Core Thinking, Limitless Possibilities","[""ai"", ""automation"", ""marketing""]",Project Metadata,meta-0132
"[""keywords""]",Project description.,2025-08-14,Corevexa Labs,"Core Thinking, Limitless Possibilities","[""ai"", ""automation"", ""marketing""]",Project Metadata,meta-0133
"[""keywords""]",Project description.,2025-08-14,Corevexa Labs,"Core Thinking, Limitless Possibilities","[""ai"", ""automation"", ""marketing""]",Project Metadata,meta-0134
"[""keywords""]",Project description.,2025-08-14,Corevexa Labs,"Core Thinking, Limitless Possibilities","[""ai"", ""automation"", ""marketing""]",Project Metadata,meta-0135
"[""keywords""]",Project description.,2025-08-14,Corevexa Labs,"Core Thinking, Limitless Possibilities","[""ai"", ""automation"", ""marketing""]",Project Metadata,meta-0136
"[""keywords""]",Project description.,2025-08-14,Corevexa Labs,"Core Thinking, Limitless Possibilities","[""ai"", ""automation"", ""marketing""]",Project Metadata,meta-0137
"[""keywords""]",Project description.,2025-08-14,Corevexa Labs,"Core Thinking, Limitless Possibilities","[""ai"", ""automation"", ""marketing""]",Project Metadata,meta-0138
"[""keywords""]",Project description.,2025-08-14,Corevexa Labs,"Core Thinking, Limitless Possibilities","[""ai"", ""automation"", ""marketing""]",Project Metadata,meta-0139
"[""keywords""]",Project description.,2025-08-14,Corevexa Labs,"Core Thinking, Limitless Possibilities","[""ai"", ""automation"", ""marketing""]",Project Metadata,meta-0140
"[""keywords""]",Project description.,2025-08-14,Corevexa Labs,"Core Thinking, Limitless Possibilities","[""ai"", ""automation"", ""marketing""]",Project Metadata,meta-0141
"[""keywords""]",Project description.,2025-08-14,Corevexa Labs,"Core Thinking, Limitless Possibilities","[""ai"", ""automation"", ""marketing""]",Project Metadata,meta-0142
"[""keywords""]",Project description.,2025-08-14,Corevexa Labs,"Core Thinking, Limitless Possibilities","[""ai"", ""automation"", ""marketing""]",Project Metadata,meta-0143
"[""keywords""]",Project description.,2025-08-14,Corevexa Labs,"Core Thinking, Limitless Possibilities","[""ai"", ""automation"", ""marketing""]",Project Metadata,meta-0144
"[""keywords""]",Project description.,2025-08-14,Corevexa Labs,"Core Thinking, Limitless Possibilities","[""ai"", ""automation"", ""marketing""]",Project Metadata,meta-0145
"[""keywords""]",Project description.,2025-08-14,Corevexa Labs,"Core Thinking, Limitless Possibilities","[""ai"", ""automation"", ""marketing""]",Project Metadata,meta-0146
"[""keywords""]",Project description.,2025-08-14,Corevexa Labs,"Core Thinking, Limitless Possibilities","[""ai"", ""automation"", ""marketing""]",Project Metadata,meta-0147
"[""keywords""]",Project description.,2025-08-14,Corevexa Labs,"Core Thinking, Limitless Possibilities","[""ai"", ""automation"", ""marketing""]",Project Metadata,meta-0148
"[""keywords""]",Project description.,2025-08-14,Corevexa Labs,"Core Thinking, Limitless Possibilities","[""ai"", ""automation"", ""marketing""]",Project Metadata,meta-0149
"[""keywords""]",Project description.,2025-08-14,Corevexa Labs,"Core Thinking, Limitless Possibilities","[""ai"", ""automation"", ""marketing""]",Project Metadata,meta-0150
"[""keywords""]",Project description.,2025-08-14,Corevexa Labs,"Core Thinking, Limitless Possibilities","[""ai"", ""automation"", ""marketing""]",Project Metadata,meta-0151
"[""keywords""]",Project description.,2025-08-14,Corevexa Labs,"Core Thinking, Limitless Possibilities","[""ai"", ""automation"", ""marketing""]",Project Metadata,meta-0152
"[""keywords""]",Project description.,2025-08-14,Corevexa Labs,"Core Thinking, Limitless Possibilities","[""ai"", ""automation"", ""marketing""]",Project Metadata,meta-0153
"[""keywords""]",Project description.,2025-08-14,Corevexa Labs,"Core Thinking, Limitless Possibilities","[""ai"", ""automation"", ""marketing""]",Project Metadata,meta-0154
"[""keywords""]",Project description.,2025-08-14,Corevexa Labs,"Core Thinking, Limitless Possibilities","[""ai"", ""automation"", ""marketing""]",Project Metadata,meta-0155
"[""keywords""]",Project description.,2025-08-14,Corevexa Labs,"Core Thinking, Limitless Possibilities","[""ai"", ""automation"", ""marketing""]",Project Metadata,meta-0156
"[""keywords""]",Project description.,2025-08-14,Corevexa Labs,"Core Thinking, Limitless Possibilities","[""ai"", ""automation"", ""marketing""]",Project Metadata,meta-0157
"[""keywords""]",Project description.,2025-08-14,Corevexa Labs,"Core Thinking, Limitless Possibilities","[""ai"", ""automation"", ""marketing""]",Project Metadata,meta-0158
"[""keywords""]",Project description.,2025-08-14,Corevexa Labs,"Core Thinking, Limitless Possibilities","[""ai"", ""automation"", ""marketing""]",Project Metadata,meta-0159
"[""keywords""]",Project description.,2025-08-14,Corevexa Labs,"Core Thinking, Limitless Possibilities","[""ai"", ""automation"", ""marketing""]",Project Metadata,meta-0160
"[""keywords""]",Project description.,2025-08-14,Corevexa Labs,"Core Thinking, Limitless Possibilities","[""ai"", ""automation"", ""marketing""]",Project Metadata,meta-0161
"[""keywords""]",Project description.,2025-08-14,Corevexa Labs,"Core Thinking, Limitless Possibilities","[""ai"", ""automation"", ""marketing""]",Project Metadata,meta-0162
"[""keywords""]",Project description.,2025-08-14,Corevexa Labs,"Core Thinking, Limitless Possibilities","[""ai"", ""automation"", ""marketing""]",Project Metadata,meta-0163
"[""keywords""]",Project description.,2025-08-14,Corevexa Labs,"Core Thinking, Limitless Possibilities","[""ai"", ""automation"", ""marketing""]",Project Metadata,meta-0164
"[""keywords""]",Project description.,2025-08-14,Corevexa Labs,"Core Thinking, Limitless Possibilities","[""ai"", ""automation"", ""marketing""]",Project Metadata,meta-0165
"[""keywords""]",Project description.,2025-08-14,Corevexa Labs,"Core Thinking, Limitless Possibilities","[""ai"", ""automation"", ""marketing""]",Project Metadata,meta-0166
"[""keywords""]",Project description.,2025-08-14,Corevexa Labs,"Core Thinking, Limitless Possibilities","[""ai"", ""automation"", ""marketing""]",Project Metadata,meta-0167
"[""keywords""]",Project description.,2025-08-14,Corevexa Labs,"Core Thinking, Limitless Possibilities","[""ai"", ""automation"", ""marketing""]",Project Metadata,meta-0168
"[""keywords""]",Project description.,2025-08-14,Corevexa Labs,"Core Thinking, Limitless Possibilities","[""ai"", ""automation"", ""marketing""]",Project Metadata,meta-0169
"[""keywords""]",Project description.,2025-08-14,Corevexa Labs,"Core Thinking, Limitless Possibilities","[""ai"", ""automation"", ""marketing""]",Project Metadata,meta-0170
"[""keywords""]",Project description.,2025-08-14,Corevexa Labs,"Core Thinking, Limitless Possibilities","[""ai"", ""automation"", ""marketing""]",Project Metadata,meta-0171
"[""keywords""]",Project description.,2025-08-14,Corevexa Labs,"Core Thinking, Limitless Possibilities","[""ai"", ""automation"", ""marketing""]",Project Metadata,meta-0172
"[""keywords""]",Project description.,2025-08-14,Corevexa Labs,"Core Thinking, Limitless Possibilities","[""ai"", ""automation"", ""marketing""]",Project Metadata,meta-0173
"[""keywords""]",Project description.,2025-08-14,Corevexa Labs,"Core Thinking, Limitless Possibilities","[""ai"", ""automation"", ""marketing""]",Project Metadata,meta-0174
"[""keywords""]",Project description.,2025-08-14,Corevexa Labs,"Core Thinking, Limitless Possibilities","[""ai"", ""automation"", ""marketing""]",Project Metadata,meta-0175
"[""keywords""]",Project description.,2025-08-14,Corevexa Labs,"Core Thinking, Limitless Possibilities","[""ai"", ""automation"", ""marketing""]",Project Metadata,meta-0176
"[""keywords""]",Project description.,2025-08-14,Corevexa Labs,"Core Thinking, Limitless Possibilities","[""ai"", ""automation"", ""marketing""]",Project Metadata,meta-0177
"[""keywords""]",Project description.,2025-08-14,Corevexa Labs,"Core Thinking, Limitless Possibilities","[""ai"", ""automation"", ""marketing""]",Project Metadata,meta-0178
"[""keywords""]",Project description.,2025-08-14,Corevexa Labs,"Core Thinking, Limitless Possibilities","[""ai"", ""automation"", ""marketing""]",Project Metadata,meta-0179
"[""keywords""]",Project description.,2025-08-14,Corevexa Labs,"Core Thinking, Limitless Possibilities","[""ai"", ""automation"", ""marketing""]",Project Metadata,meta-0180
"[""keywords""]",Project description.,2025-08-14,Corevexa Labs,"Core Thinking, Limitless Possibilities","[""ai"", ""automation"", ""marketing""]",Project Metadata,meta-0181
"[""keywords""]",Project description.,2025-08-14,Corevexa Labs,"Core Thinking, Limitless Possibilities","[""ai"", ""automation"", ""marketing""]",Project Metadata,meta-0182
"[""keywords""]",Project description.,2025-08-14,Corevexa Labs,"Core Thinking, Limitless Possibilities","[""ai"", ""automation"", ""marketing""]",Project Metadata,meta-0183
"[""keywords""]",Project description.,2025-08-14,Corevexa Labs,"Core Thinking, Limitless Possibilities","[""ai"", ""automation"", ""marketing""]",Project Metadata,meta-0184
"[""keywords""]",Project description.,2025-08-14,Corevexa Labs,"Core Thinking, Limitless Possibilities","[""ai"", ""automation"", ""marketing""]",Project Metadata,meta-0185
"[""keywords""]",Project description.,2025-08-14,Corevexa Labs,"Core Thinking, Limitless Possibilities","[""ai"", ""automation"", ""marketing""]",Project Metadata,meta-0186
"[""keywords""]",Project description.,2025-08-14,Corevexa Labs,"Core Thinking, Limitless Possibilities","[""ai"", ""automation"", ""marketing""]",Project Metadata,meta-0187
"[""keywords""]",Project description.,2025-08-14,Corevexa Labs,"Core Thinking, Limitless Possibilities","[""ai"", ""automation"", ""marketing""]",Project Metadata,meta-0188
"[""keywords""]",Project description.,2025-08-14,Corevexa Labs,"Core Thinking, Limitless Possibilities","[""ai"", ""automation"", ""marketing""]",Project Metadata,meta-0189
"[""keywords""]",Project description.,2025-08-14,Corevexa Labs,"Core Thinking, Limitless Possibilities","[""ai"", ""automation"", ""marketing""]",Project Metadata,meta-0190
"[""keywords""]",Project description.,2025-08-14,Corevexa Labs,"Core Thinking, Limitless Possibilities","[""ai"", ""automation"", ""marketing""]",Project Metadata,meta-0191
"[""keywords""]",Project description.,2025-08-14,Corevexa Labs,"Core Thinking, Limitless Possibilities","[""ai"", ""automation"", ""marketing""]",Project Metadata,meta-0192
"[""keywords""]",Project description.,2025-08-14,Corevexa Labs,"Core Thinking, Limitless Possibilities","[""ai"", ""automation"", ""marketing""]",Project Metadata,meta-0193
"[""keywords""]",Project description.,2025-08-14,Corevexa Labs,"Core Thinking, Limitless Possibilities","[""ai"", ""automation"", ""marketing""]",Project Metadata,meta-0194
"[""keywords""]",Project description.,2025-08-14,Corevexa Labs,"Core Thinking, Limitless Possibilities","[""ai"", ""automation"", ""marketing""]",Project Metadata,meta-0195
"[""keywords""]",Project description.,2025-08-14,Corevexa Labs,"Core Thinking, Limitless Possibilities","[""ai"", ""automation"", ""marketing""]",Project Metadata,meta-0196
"[""keywords""]",Project description.,2025-08-14,Corevexa Labs,"Core Thinking, Limitless Possibilities","[""ai"", ""automation"", ""marketing""]",Project Metadata,meta-0197
"[""keywords""]",Project description.,2025-08-14,Corevexa Labs,"Core Thinking, Limitless Possibilities","[""ai"", ""automation"", ""marketing""]",Project Metadata,meta-0198
"[""keywords""]",Project description.,2025-08-14,Corevexa Labs,"Core Thinking, Limitless Possibilities","[""ai"", ""automation"", ""marketing""]",Project Metadata,meta-0199
"[""keywords""]",Project description.,2025-08-14,Corevexa Labs,"Core Thinking, Limitless Possibilities","[""ai"", ""automation"", ""marketing""]",Project Metadata,meta-0200
"[""keywords""]",Project description.,2025-08-14,Corevexa Labs,"Core Thinking, Limitless Possibilities","[""ai"", ""automation"", ""marketing""]",Project Metadata,meta-0201
"[""keywords""]",Project description.,2025-08-14,Corevexa Labs,"Core Thinking, Limitless Possibilities","[""ai"", ""automation"", ""marketing""]",Project Metadata,meta-0202
"[""keywords""]",Project description.,2025-08-14,Corevexa Labs,"Core Thinking, Limitless Possibilities","[""ai"", ""automation"", ""marketing""]",Project Metadata,meta-0203
"[""keywords""]",Project description.,2025-08-14,Corevexa Labs,"Core Thinking, Limitless Possibilities","[""ai"", ""automation"", ""marketing""]",Project Metadata,meta-0204
"[""keywords""]",Project description.,2025-08-14,Corevexa Labs,"Core Thinking, Limitless Possibilities","[""ai"", ""automation"", ""marketing""]",Project Metadata,meta-0205
"[""keywords""]",Project description.,2025-08-14,Corevexa Labs,"Core Thinking, Limitless Possibilities","[""ai"", ""automation"", ""marketing""]",Project Metadata,meta-0206
"[""keywords""]",Project description.,2025-08-14,Corevexa Labs,"Core Thinking, Limitless Possibilities","[""ai"", ""automation"", ""marketing""]",Project Metadata,meta-0207
"[""keywords""]",Project description.,2025-08-14,Corevexa Labs,"Core Thinking, Limitless Possibilities","[""ai"", ""automation"", ""marketing""]",Project Metadata,meta-0208
"[""keywords""]",Project description.,2025-08-14,Corevexa Labs,"Core Thinking, Limitless Possibilities","[""ai"", ""automation"", ""marketing""]",Project Metadata,meta-0209
"[""keywords""]",Project description.,2025-08-14,Corevexa Labs,"Core Thinking, Limitless Possibilities","[""ai"", ""automation"", ""marketing""]",Project Metadata,meta-0210
"[""keywords""]",Project description.,2025-08-14,Corevexa Labs,"Core Thinking, Limitless Possibilities","[""ai"", ""automation"", ""marketing""]",Project Metadata,meta-0211
"[""keywords""]",Project description.,2025-08-14,Corevexa Labs,"Core Thinking, Limitless Possibilities","[""ai"", ""automation"", ""marketing""]",Project Metadata,meta-0212
"[""keywords""]",Project description.,2025-08-14,Corevexa Labs,"Core Thinking, Limitless Possibilities","[""ai"", ""automation"", ""marketing""]",Project Metadata,meta-0213
"[""keywords""]",Project description.,2025-08-14,Corevexa Labs,"Core Thinking, Limitless Possibilities","[""ai"", ""automation"", ""marketing""]",Project Metadata,meta-0214
"[""keywords""]",Project description.,2025-08-14,Corevexa Labs,"Core Thinking, Limitless Possibilities","[""ai"", ""automation"", ""marketing""]",Project Metadata,meta-0215
"[""keywords""]",Project description.,2025-08-14,Corevexa Labs,"Core Thinking, Limitless Possibilities","[""ai"", ""automation"", ""marketing""]",Project Metadata,meta-0216
"[""keywords""]",Project description.,2025-08-14,Corevexa Labs,"Core Thinking, Limitless Possibilities","[""ai"", ""automation"", ""marketing""]",Project Metadata,meta-0217
"[""keywords""]",Project description.,2025-08-14,Corevexa Labs,"Core Thinking, Limitless Possibilities","[""ai"", ""automation"", ""marketing""]",Project Metadata,meta-0218
"[""keywords""]",Project description.,2025-08-14,Corevexa Labs,"Core Thinking, Limitless Possibilities","[""ai"", ""automation"", ""marketing""]",Project Metadata,meta-0219
"[""keywords""]",Project description.,2025-08-14,Corevexa Labs,"Core Thinking, Limitless Possibilities","[""ai"", ""automation"", ""marketing""]",Project Metadata,meta-0220
