tags,last_updated,seed,validation_runs,category,id
"[""simulation""]",2025-08-14,1000001,1000000,RNG & Simulation,rng-0001
"[""simulation""]",2025-08-14,1000002,1000000,RNG & Simulation,rng-0002
"[""simulation""]",2025-08-14,1000003,1000000,RNG & Simulation,rng-0003
"[""simulation""]",2025-08-14,1000004,1000000,RNG & Simulation,rng-0004
"[""simulation""]",2025-08-14,1000005,1000000,RNG & Simulation,rng-0005
"[""simulation""]",2025-08-14,1000006,1000000,RNG & Simulation,rng-0006
"[""simulation""]",2025-08-14,1000007,1000000,RNG & Simulation,rng-0007
"[""simulation""]",2025-08-14,1000008,1000000,RNG & Simulation,rng-0008
"[""simulation""]",2025-08-14,1000009,1000000,RNG & Simulation,rng-0009
"[""simulation""]",2025-08-14,1000010,1000000,RNG & Simulation,rng-0010
"[""simulation""]",2025-08-14,1000011,1000000,RNG & Simulation,rng-0011
"[""simulation""]",2025-08-14,1000012,1000000,RNG & Simulation,rng-0012
"[""simulation""]",2025-08-14,1000013,1000000,RNG & Simulation,rng-0013
"[""simulation""]",2025-08-14,1000014,1000000,RNG & Simulation,rng-0014
"[""simulation""]",2025-08-14,1000015,1000000,RNG & Simulation,rng-0015
"[""simulation""]",2025-08-14,1000016,1000000,RNG & Simulation,rng-0016
"[""simulation""]",2025-08-14,1000017,1000000,RNG & Simulation,rng-0017
"[""simulation""]",2025-08-14,1000018,1000000,RNG & Simulation,rng-0018
"[""simulation""]",2025-08-14,1000019,1000000,RNG & Simulation,rng-0019
"[""simulation""]",2025-08-14,1000020,1000000,RNG & Simulation,rng-0020
"[""simulation""]",2025-08-14,1000021,1000000,RNG & Simulation,rng-0021
"[""simulation""]",2025-08-14,1000022,1000000,RNG & Simulation,rng-0022
"[""simulation""]",2025-08-14,1000023,1000000,RNG & Simulation,rng-0023
"[""simulation""]",2025-08-14,1000024,1000000,RNG & Simulation,rng-0024
"[""simulation""]",2025-08-14,1000025,1000000,RNG & Simulation,rng-0025
"[""simulation""]",2025-08-14,1000026,1000000,RNG & Simulation,rng-0026
"[""simulation""]",2025-08-14,1000027,1000000,RNG & Simulation,rng-0027
"[""simulation""]",2025-08-14,1000028,1000000,RNG & Simulation,rng-0028
"[""simulation""]",2025-08-14,1000029,1000000,RNG & Simulation,rng-0029
"[""simulation""]",2025-08-14,1000030,1000000,RNG & Simulation,rng-0030
"[""simulation""]",2025-08-14,1000031,1000000,RNG & Simulation,rng-0031
"[""simulation""]",2025-08-14,1000032,1000000,RNG & Simulation,rng-0032
"[""simulation""]",2025-08-14,1000033,1000000,RNG & Simulation,rng-0033
"[""simulation""]",2025-08-14,1000034,1000000,RNG & Simulation,rng-0034
"[""simulation""]",2025-08-14,1000035,1000000,RNG & Simulation,rng-0035
"[""simulation""]",2025-08-14,1000036,1000000,RNG & Simulation,rng-0036
"[""simulation""]",2025-08-14,1000037,1000000,RNG & Simulation,rng-0037
"[""simulation""]",2025-08-14,1000038,1000000,RNG & Simulation,rng-0038
"[""simulation""]",2025-08-14,1000039,1000000,RNG & Simulation,rng-0039
"[""simulation""]",2025-08-14,1000040,1000000,RNG & Simulation,rng-0040
"[""simulation""]",2025-08-14,1000041,1000000,RNG & Simulation,rng-0041
"[""simulation""]",2025-08-14,1000042,1000000,RNG & Simulation,rng-0042
"[""simulation""]",2025-08-14,1000043,1000000,RNG & Simulation,rng-0043
"[""simulation""]",2025-08-14,1000044,1000000,RNG & Simulation,rng-0044
"[""simulation""]",2025-08-14,1000045,1000000,RNG & Simulation,rng-0045
"[""simulation""]",2025-08-14,1000046,1000000,RNG & Simulation,rng-0046
"[""simulation""]",2025-08-14,1000047,1000000,RNG & Simulation,rng-0047
"[""simulation""]",2025-08-14,1000048,1000000,RNG & Simulation,rng-0048
"[""simulation""]",2025-08-14,1000049,1000000,RNG & Simulation,rng-0049
"[""simulation""]",2025-08-14,1000050,1000000,RNG & Simulation,rng-0050
"[""simulation""]",2025-08-14,1000051,1000000,RNG & Simulation,rng-0051
"[""simulation""]",2025-08-14,1000052,1000000,RNG & Simulation,rng-0052
"[""simulation""]",2025-08-14,1000053,1000000,RNG & Simulation,rng-0053
"[""simulation""]",2025-08-14,1000054,1000000,RNG & Simulation,rng-0054
"[""simulation""]",2025-08-14,1000055,1000000,RNG & Simulation,rng-0055
"[""simulation""]",2025-08-14,1000056,1000000,RNG & Simulation,rng-0056
"[""simulation""]",2025-08-14,1000057,1000000,RNG & Simulation,rng-0057
"[""simulation""]",2025-08-14,1000058,1000000,RNG & Simulation,rng-0058
"[""simulation""]",2025-08-14,1000059,1000000,RNG & Simulation,rng-0059
"[""simulation""]",2025-08-14,1000060,1000000,RNG & Simulation,rng-0060
"[""simulation""]",2025-08-14,1000061,1000000,RNG & Simulation,rng-0061
"[""simulation""]",2025-08-14,1000062,1000000,RNG & Simulation,rng-0062
"[""simulation""]",2025-08-14,1000063,1000000,RNG & Simulation,rng-0063
"[""simulation""]",2025-08-14,1000064,1000000,RNG & Simulation,rng-0064
"[""simulation""]",2025-08-14,1000065,1000000,RNG & Simulation,rng-0065
"[""simulation""]",2025-08-14,1000066,1000000,RNG & Simulation,rng-0066
"[""simulation""]",2025-08-14,1000067,1000000,RNG & Simulation,rng-0067
"[""simulation""]",2025-08-14,1000068,1000000,RNG & Simulation,rng-0068
"[""simulation""]",2025-08-14,1000069,1000000,RNG & Simulation,rng-0069
"[""simulation""]",2025-08-14,1000070,1000000,RNG & Simulation,rng-0070
"[""simulation""]",2025-08-14,1000071,1000000,RNG & Simulation,rng-0071
"[""simulation""]",2025-08-14,1000072,1000000,RNG & Simulation,rng-0072
"[""simulation""]",2025-08-14,1000073,1000000,RNG & Simulation,rng-0073
"[""simulation""]",2025-08-14,1000074,1000000,RNG & Simulation,rng-0074
"[""simulation""]",2025-08-14,1000075,1000000,RNG & Simulation,rng-0075
"[""simulation""]",2025-08-14,1000076,1000000,RNG & Simulation,rng-0076
"[""simulation""]",2025-08-14,1000077,1000000,RNG & Simulation,rng-0077
"[""simulation""]",2025-08-14,1000078,1000000,RNG & Simulation,rng-0078
"[""simulation""]",2025-08-14,1000079,1000000,RNG & Simulation,rng-0079
"[""simulation""]",2025-08-14,1000080,1000000,RNG & Simulation,rng-0080
"[""simulation""]",2025-08-14,1000081,1000000,RNG & Simulation,rng-0081
"[""simulation""]",2025-08-14,1000082,1000000,RNG & Simulation,rng-0082
"[""simulation""]",2025-08-14,1000083,1000000,RNG & Simulation,rng-0083
"[""simulation""]",2025-08-14,1000084,1000000,RNG & Simulation,rng-0084
"[""simulation""]",2025-08-14,1000085,1000000,RNG & Simulation,rng-0085
"[""simulation""]",2025-08-14,1000086,1000000,RNG & Simulation,rng-0086
"[""simulation""]",2025-08-14,1000087,1000000,RNG & Simulation,rng-0087
"[""simulation""]",2025-08-14,1000088,1000000,RNG & Simulation,rng-0088
"[""simulation""]",2025-08-14,1000089,1000000,RNG & Simulation,rng-0089
"[""simulation""]",2025-08-14,1000090,1000000,RNG & Simulation,rng-0090
"[""simulation""]",2025-08-14,1000091,1000000,RNG & Simulation,rng-0091
"[""simulation""]",2025-08-14,1000092,1000000,RNG & Simulation,rng-0092
"[""simulation""]",2025-08-14,1000093,1000000,RNG & Simulation,rng-0093
"[""simulation""]",2025-08-14,1000094,1000000,RNG & Simulation,rng-0094
"[""simulation""]",2025-08-14,1000095,1000000,RNG & Simulation,rng-0095
"[""simulation""]",2025-08-14,1000096,1000000,RNG & Simulation,rng-0096
"[""simulation""]",2025-08-14,1000097,1000000,RNG & Simulation,rng-0097
"[""simulation""]",2025-08-14,1000098,1000000,RNG & Simulation,rng-0098
"[""simulation""]",2025-08-14,1000099,1000000,RNG & Simulation,rng-0099
"[""simulation""]",2025-08-14,1000100,1000000,RNG & Simulation,rng-0100
"[""simulation""]",2025-08-14,1000101,1000000,RNG & Simulation,rng-0101
"[""simulation""]",2025-08-14,1000102,1000000,RNG & Simulation,rng-0102
"[""simulation""]",2025-08-14,1000103,1000000,RNG & Simulation,rng-0103
"[""simulation""]",2025-08-14,1000104,1000000,RNG & Simulation,rng-0104
"[""simulation""]",2025-08-14,1000105,1000000,RNG & Simulation,rng-0105
"[""simulation""]",2025-08-14,1000106,1000000,RNG & Simulation,rng-0106
"[""simulation""]",2025-08-14,1000107,1000000,RNG & Simulation,rng-0107
"[""simulation""]",2025-08-14,1000108,1000000,RNG & Simulation,rng-0108
"[""simulation""]",2025-08-14,1000109,1000000,RNG & Simulation,rng-0109
"[""simulation""]",2025-08-14,1000110,1000000,RNG & Simulation,rng-0110
"[""simulation""]",2025-08-14,1000111,1000000,RNG & Simulation,rng-0111
"[""simulation""]",2025-08-14,1000112,1000000,RNG & Simulation,rng-0112
"[""simulation""]",2025-08-14,1000113,1000000,RNG & Simulation,rng-0113
"[""simulation""]",2025-08-14,1000114,1000000,RNG & Simulation,rng-0114
"[""simulation""]",2025-08-14,1000115,1000000,RNG & Simulation,rng-0115
"[""simulation""]",2025-08-14,1000116,1000000,RNG & Simulation,rng-0116
"[""simulation""]",2025-08-14,1000117,1000000,RNG & Simulation,rng-0117
"[""simulation""]",2025-08-14,1000118,1000000,RNG & Simulation,rng-0118
"[""simulation""]",2025-08-14,1000119,1000000,RNG & Simulation,rng-0119
"[""simulation""]",2025-08-14,1000120,1000000,RNG & Simulation,rng-0120
"[""simulation""]",2025-08-14,1000121,1000000,RNG & Simulation,rng-0121
"[""simulation""]",2025-08-14,1000122,1000000,RNG & Simulation,rng-0122
"[""simulation""]",2025-08-14,1000123,1000000,RNG & Simulation,rng-0123
"[""simulation""]",2025-08-14,1000124,1000000,RNG & Simulation,rng-0124
"[""simulation""]",2025-08-14,1000125,1000000,RNG & Simulation,rng-0125
"[""simulation""]",2025-08-14,1000126,1000000,RNG & Simulation,rng-0126
"[""simulation""]",2025-08-14,1000127,1000000,RNG & Simulation,rng-0127
"[""simulation""]",2025-08-14,1000128,1000000,RNG & Simulation,rng-0128
"[""simulation""]",2025-08-14,1000129,1000000,RNG & Simulation,rng-0129
"[""simulation""]",2025-08-14,1000130,1000000,RNG & Simulation,rng-0130
"[""simulation""]",2025-08-14,1000131,1000000,RNG & Simulation,rng-0131
"[""simulation""]",2025-08-14,1000132,1000000,RNG & Simulation,rng-0132
"[""simulation""]",2025-08-14,1000133,1000000,RNG & Simulation,rng-0133
"[""simulation""]",2025-08-14,1000134,1000000,RNG & Simulation,rng-0134
"[""simulation""]",2025-08-14,1000135,1000000,RNG & Simulation,rng-0135
"[""simulation""]",2025-08-14,1000136,1000000,RNG & Simulation,rng-0136
"[""simulation""]",2025-08-14,1000137,1000000,RNG & Simulation,rng-0137
"[""simulation""]",2025-08-14,1000138,1000000,RNG & Simulation,rng-0138
"[""simulation""]",2025-08-14,1000139,1000000,RNG & Simulation,rng-0139
"[""simulation""]",2025-08-14,1000140,1000000,RNG & Simulation,rng-0140
"[""simulation""]",2025-08-14,1000141,1000000,RNG & Simulation,rng-0141
"[""simulation""]",2025-08-14,1000142,1000000,RNG & Simulation,rng-0142
"[""simulation""]",2025-08-14,1000143,1000000,RNG & Simulation,rng-0143
"[""simulation""]",2025-08-14,1000144,1000000,RNG & Simulation,rng-0144
"[""simulation""]",2025-08-14,1000145,1000000,RNG & Simulation,rng-0145
"[""simulation""]",2025-08-14,1000146,1000000,RNG & Simulation,rng-0146
"[""simulation""]",2025-08-14,1000147,1000000,RNG & Simulation,rng-0147
"[""simulation""]",2025-08-14,1000148,1000000,RNG & Simulation,rng-0148
"[""simulation""]",2025-08-14,1000149,1000000,RNG & Simulation,rng-0149
"[""simulation""]",2025-08-14,1000150,1000000,RNG & Simulation,rng-0150
"[""simulation""]",2025-08-14,1000151,1000000,RNG & Simulation,rng-0151
"[""simulation""]",2025-08-14,1000152,1000000,RNG & Simulation,rng-0152
"[""simulation""]",2025-08-14,1000153,1000000,RNG & Simulation,rng-0153
"[""simulation""]",2025-08-14,1000154,1000000,RNG & Simulation,rng-0154
"[""simulation""]",2025-08-14,1000155,1000000,RNG & Simulation,rng-0155
"[""simulation""]",2025-08-14,1000156,1000000,RNG & Simulation,rng-0156
"[""simulation""]",2025-08-14,1000157,1000000,RNG & Simulation,rng-0157
"[""simulation""]",2025-08-14,1000158,1000000,RNG & Simulation,rng-0158
"[""simulation""]",2025-08-14,1000159,1000000,RNG & Simulation,rng-0159
"[""simulation""]",2025-08-14,1000160,1000000,RNG & Simulation,rng-0160
"[""simulation""]",2025-08-14,1000161,1000000,RNG & Simulation,rng-0161
"[""simulation""]",2025-08-14,1000162,1000000,RNG & Simulation,rng-0162
"[""simulation""]",2025-08-14,1000163,1000000,RNG & Simulation,rng-0163
"[""simulation""]",2025-08-14,1000164,1000000,RNG & Simulation,rng-0164
"[""simulation""]",2025-08-14,1000165,1000000,RNG & Simulation,rng-0165
"[""simulation""]",2025-08-14,1000166,1000000,RNG & Simulation,rng-0166
"[""simulation""]",2025-08-14,1000167,1000000,RNG & Simulation,rng-0167
"[""simulation""]",2025-08-14,1000168,1000000,RNG & Simulation,rng-0168
"[""simulation""]",2025-08-14,1000169,1000000,RNG & Simulation,rng-0169
"[""simulation""]",2025-08-14,1000170,1000000,RNG & Simulation,rng-0170
"[""simulation""]",2025-08-14,1000171,1000000,RNG & Simulation,rng-0171
"[""simulation""]",2025-08-14,1000172,1000000,RNG & Simulation,rng-0172
"[""simulation""]",2025-08-14,1000173,1000000,RNG & Simulation,rng-0173
"[""simulation""]",2025-08-14,1000174,1000000,RNG & Simulation,rng-0174
"[""simulation""]",2025-08-14,1000175,1000000,RNG & Simulation,rng-0175
"[""simulation""]",2025-08-14,1000176,1000000,RNG & Simulation,rng-0176
"[""simulation""]",2025-08-14,1000177,1000000,RNG & Simulation,rng-0177
"[""simulation""]",2025-08-14,1000178,1000000,RNG & Simulation,rng-0178
"[""simulation""]",2025-08-14,1000179,1000000,RNG & Simulation,rng-0179
"[""simulation""]",2025-08-14,1000180,1000000,RNG & Simulation,rng-0180
"[""simulation""]",2025-08-14,1000181,1000000,RNG & Simulation,rng-0181
"[""simulation""]",2025-08-14,1000182,1000000,RNG & Simulation,rng-0182
"[""simulation""]",2025-08-14,1000183,1000000,RNG & Simulation,rng-0183
"[""simulation""]",2025-08-14,1000184,1000000,RNG & Simulation,rng-0184
"[""simulation""]",2025-08-14,1000185,1000000,RNG & Simulation,rng-0185
"[""simulation""]",2025-08-14,1000186,1000000,RNG & Simulation,rng-0186
"[""simulation""]",2025-08-14,1000187,1000000,RNG & Simulation,rng-0187
"[""simulation""]",2025-08-14,1000188,1000000,RNG & Simulation,rng-0188
"[""simulation""]",2025-08-14,1000189,1000000,RNG & Simulation,rng-0189
"[""simulation""]",2025-08-14,1000190,1000000,RNG & Simulation,rng-0190
"[""simulation""]",2025-08-14,1000191,1000000,RNG & Simulation,rng-0191
"[""simulation""]",2025-08-14,1000192,1000000,RNG & Simulation,rng-0192
"[""simulation""]",2025-08-14,1000193,1000000,RNG & Simulation,rng-0193
"[""simulation""]",2025-08-14,1000194,1000000,RNG & Simulation,rng-0194
"[""simulation""]",2025-08-14,1000195,1000000,RNG & Simulation,rng-0195
"[""simulation""]",2025-08-14,1000196,1000000,RNG & Simulation,rng-0196
"[""simulation""]",2025-08-14,1000197,1000000,RNG & Simulation,rng-0197
"[""simulation""]",2025-08-14,1000198,1000000,RNG & Simulation,rng-0198
"[""simulation""]",2025-08-14,1000199,1000000,RNG & Simulation,rng-0199
"[""simulation""]",2025-08-14,1000200,1000000,RNG & Simulation,rng-0200
"[""simulation""]",2025-08-14,1000201,1000000,RNG & Simulation,rng-0201
"[""simulation""]",2025-08-14,1000202,1000000,RNG & Simulation,rng-0202
"[""simulation""]",2025-08-14,1000203,1000000,RNG & Simulation,rng-0203
"[""simulation""]",2025-08-14,1000204,1000000,RNG & Simulation,rng-0204
"[""simulation""]",2025-08-14,1000205,1000000,RNG & Simulation,rng-0205
"[""simulation""]",2025-08-14,1000206,1000000,RNG & Simulation,rng-0206
"[""simulation""]",2025-08-14,1000207,1000000,RNG & Simulation,rng-0207
"[""simulation""]",2025-08-14,1000208,1000000,RNG & Simulation,rng-0208
"[""simulation""]",2025-08-14,1000209,1000000,RNG & Simulation,rng-0209
"[""simulation""]",2025-08-14,1000210,1000000,RNG & Simulation,rng-0210
"[""simulation""]",2025-08-14,1000211,1000000,RNG & Simulation,rng-0211
"[""simulation""]",2025-08-14,1000212,1000000,RNG & Simulation,rng-0212
"[""simulation""]",2025-08-14,1000213,1000000,RNG & Simulation,rng-0213
"[""simulation""]",2025-08-14,1000214,1000000,RNG & Simulation,rng-0214
"[""simulation""]",2025-08-14,1000215,1000000,RNG & Simulation,rng-0215
"[""simulation""]",2025-08-14,1000216,1000000,RNG & Simulation,rng-0216
"[""simulation""]",2025-08-14,1000217,1000000,RNG & Simulation,rng-0217
"[""simulation""]",2025-08-14,1000218,1000000,RNG & Simulation,rng-0218
"[""simulation""]",2025-08-14,1000219,1000000,RNG & Simulation,rng-0219
"[""simulation""]",2025-08-14,1000220,1000000,RNG & Simulation,rng-0220
