tags,last_updated,location,atmosphere,category,id
"[""scene"", ""location""]",2025-08-14,neon-lit arcade,mysterious,Scene/Setting,scene-0001
"[""scene"", ""location""]",2025-08-14,neon-lit arcade,mysterious,Scene/Setting,scene-0002
"[""scene"", ""location""]",2025-08-14,neon-lit arcade,mysterious,Scene/Setting,scene-0003
"[""scene"", ""location""]",2025-08-14,neon-lit arcade,mysterious,Scene/Setting,scene-0004
"[""scene"", ""location""]",2025-08-14,neon-lit arcade,mysterious,Scene/Setting,scene-0005
"[""scene"", ""location""]",2025-08-14,neon-lit arcade,mysterious,Scene/Setting,scene-0006
"[""scene"", ""location""]",2025-08-14,neon-lit arcade,mysterious,Scene/Setting,scene-0007
"[""scene"", ""location""]",2025-08-14,neon-lit arcade,mysterious,Scene/Setting,scene-0008
"[""scene"", ""location""]",2025-08-14,neon-lit arcade,mysterious,Scene/Setting,scene-0009
"[""scene"", ""location""]",2025-08-14,neon-lit arcade,mysterious,Scene/Setting,scene-0010
"[""scene"", ""location""]",2025-08-14,neon-lit arcade,mysterious,Scene/Setting,scene-0011
"[""scene"", ""location""]",2025-08-14,neon-lit arcade,mysterious,Scene/Setting,scene-0012
"[""scene"", ""location""]",2025-08-14,neon-lit arcade,mysterious,Scene/Setting,scene-0013
"[""scene"", ""location""]",2025-08-14,neon-lit arcade,mysterious,Scene/Setting,scene-0014
"[""scene"", ""location""]",2025-08-14,neon-lit arcade,mysterious,Scene/Setting,scene-0015
"[""scene"", ""location""]",2025-08-14,neon-lit arcade,mysterious,Scene/Setting,scene-0016
"[""scene"", ""location""]",2025-08-14,neon-lit arcade,mysterious,Scene/Setting,scene-0017
"[""scene"", ""location""]",2025-08-14,neon-lit arcade,mysterious,Scene/Setting,scene-0018
"[""scene"", ""location""]",2025-08-14,neon-lit arcade,mysterious,Scene/Setting,scene-0019
"[""scene"", ""location""]",2025-08-14,neon-lit arcade,mysterious,Scene/Setting,scene-0020
"[""scene"", ""location""]",2025-08-14,neon-lit arcade,mysterious,Scene/Setting,scene-0021
"[""scene"", ""location""]",2025-08-14,neon-lit arcade,mysterious,Scene/Setting,scene-0022
"[""scene"", ""location""]",2025-08-14,neon-lit arcade,mysterious,Scene/Setting,scene-0023
"[""scene"", ""location""]",2025-08-14,neon-lit arcade,mysterious,Scene/Setting,scene-0024
"[""scene"", ""location""]",2025-08-14,neon-lit arcade,mysterious,Scene/Setting,scene-0025
"[""scene"", ""location""]",2025-08-14,neon-lit arcade,mysterious,Scene/Setting,scene-0026
"[""scene"", ""location""]",2025-08-14,neon-lit arcade,mysterious,Scene/Setting,scene-0027
"[""scene"", ""location""]",2025-08-14,neon-lit arcade,mysterious,Scene/Setting,scene-0028
"[""scene"", ""location""]",2025-08-14,neon-lit arcade,mysterious,Scene/Setting,scene-0029
"[""scene"", ""location""]",2025-08-14,neon-lit arcade,mysterious,Scene/Setting,scene-0030
"[""scene"", ""location""]",2025-08-14,neon-lit arcade,mysterious,Scene/Setting,scene-0031
"[""scene"", ""location""]",2025-08-14,neon-lit arcade,mysterious,Scene/Setting,scene-0032
"[""scene"", ""location""]",2025-08-14,neon-lit arcade,mysterious,Scene/Setting,scene-0033
"[""scene"", ""location""]",2025-08-14,neon-lit arcade,mysterious,Scene/Setting,scene-0034
"[""scene"", ""location""]",2025-08-14,neon-lit arcade,mysterious,Scene/Setting,scene-0035
"[""scene"", ""location""]",2025-08-14,neon-lit arcade,mysterious,Scene/Setting,scene-0036
"[""scene"", ""location""]",2025-08-14,neon-lit arcade,mysterious,Scene/Setting,scene-0037
"[""scene"", ""location""]",2025-08-14,neon-lit arcade,mysterious,Scene/Setting,scene-0038
"[""scene"", ""location""]",2025-08-14,neon-lit arcade,mysterious,Scene/Setting,scene-0039
"[""scene"", ""location""]",2025-08-14,neon-lit arcade,mysterious,Scene/Setting,scene-0040
"[""scene"", ""location""]",2025-08-14,neon-lit arcade,mysterious,Scene/Setting,scene-0041
"[""scene"", ""location""]",2025-08-14,neon-lit arcade,mysterious,Scene/Setting,scene-0042
"[""scene"", ""location""]",2025-08-14,neon-lit arcade,mysterious,Scene/Setting,scene-0043
"[""scene"", ""location""]",2025-08-14,neon-lit arcade,mysterious,Scene/Setting,scene-0044
"[""scene"", ""location""]",2025-08-14,neon-lit arcade,mysterious,Scene/Setting,scene-0045
"[""scene"", ""location""]",2025-08-14,neon-lit arcade,mysterious,Scene/Setting,scene-0046
"[""scene"", ""location""]",2025-08-14,neon-lit arcade,mysterious,Scene/Setting,scene-0047
"[""scene"", ""location""]",2025-08-14,neon-lit arcade,mysterious,Scene/Setting,scene-0048
"[""scene"", ""location""]",2025-08-14,neon-lit arcade,mysterious,Scene/Setting,scene-0049
"[""scene"", ""location""]",2025-08-14,neon-lit arcade,mysterious,Scene/Setting,scene-0050
"[""scene"", ""location""]",2025-08-14,neon-lit arcade,mysterious,Scene/Setting,scene-0051
"[""scene"", ""location""]",2025-08-14,neon-lit arcade,mysterious,Scene/Setting,scene-0052
"[""scene"", ""location""]",2025-08-14,neon-lit arcade,mysterious,Scene/Setting,scene-0053
"[""scene"", ""location""]",2025-08-14,neon-lit arcade,mysterious,Scene/Setting,scene-0054
"[""scene"", ""location""]",2025-08-14,neon-lit arcade,mysterious,Scene/Setting,scene-0055
"[""scene"", ""location""]",2025-08-14,neon-lit arcade,mysterious,Scene/Setting,scene-0056
"[""scene"", ""location""]",2025-08-14,neon-lit arcade,mysterious,Scene/Setting,scene-0057
"[""scene"", ""location""]",2025-08-14,neon-lit arcade,mysterious,Scene/Setting,scene-0058
"[""scene"", ""location""]",2025-08-14,neon-lit arcade,mysterious,Scene/Setting,scene-0059
"[""scene"", ""location""]",2025-08-14,neon-lit arcade,mysterious,Scene/Setting,scene-0060
"[""scene"", ""location""]",2025-08-14,neon-lit arcade,mysterious,Scene/Setting,scene-0061
"[""scene"", ""location""]",2025-08-14,neon-lit arcade,mysterious,Scene/Setting,scene-0062
"[""scene"", ""location""]",2025-08-14,neon-lit arcade,mysterious,Scene/Setting,scene-0063
"[""scene"", ""location""]",2025-08-14,neon-lit arcade,mysterious,Scene/Setting,scene-0064
"[""scene"", ""location""]",2025-08-14,neon-lit arcade,mysterious,Scene/Setting,scene-0065
"[""scene"", ""location""]",2025-08-14,neon-lit arcade,mysterious,Scene/Setting,scene-0066
"[""scene"", ""location""]",2025-08-14,neon-lit arcade,mysterious,Scene/Setting,scene-0067
"[""scene"", ""location""]",2025-08-14,neon-lit arcade,mysterious,Scene/Setting,scene-0068
"[""scene"", ""location""]",2025-08-14,neon-lit arcade,mysterious,Scene/Setting,scene-0069
"[""scene"", ""location""]",2025-08-14,neon-lit arcade,mysterious,Scene/Setting,scene-0070
"[""scene"", ""location""]",2025-08-14,neon-lit arcade,mysterious,Scene/Setting,scene-0071
"[""scene"", ""location""]",2025-08-14,neon-lit arcade,mysterious,Scene/Setting,scene-0072
"[""scene"", ""location""]",2025-08-14,neon-lit arcade,mysterious,Scene/Setting,scene-0073
"[""scene"", ""location""]",2025-08-14,neon-lit arcade,mysterious,Scene/Setting,scene-0074
"[""scene"", ""location""]",2025-08-14,neon-lit arcade,mysterious,Scene/Setting,scene-0075
"[""scene"", ""location""]",2025-08-14,neon-lit arcade,mysterious,Scene/Setting,scene-0076
"[""scene"", ""location""]",2025-08-14,neon-lit arcade,mysterious,Scene/Setting,scene-0077
"[""scene"", ""location""]",2025-08-14,neon-lit arcade,mysterious,Scene/Setting,scene-0078
"[""scene"", ""location""]",2025-08-14,neon-lit arcade,mysterious,Scene/Setting,scene-0079
"[""scene"", ""location""]",2025-08-14,neon-lit arcade,mysterious,Scene/Setting,scene-0080
"[""scene"", ""location""]",2025-08-14,neon-lit arcade,mysterious,Scene/Setting,scene-0081
"[""scene"", ""location""]",2025-08-14,neon-lit arcade,mysterious,Scene/Setting,scene-0082
"[""scene"", ""location""]",2025-08-14,neon-lit arcade,mysterious,Scene/Setting,scene-0083
"[""scene"", ""location""]",2025-08-14,neon-lit arcade,mysterious,Scene/Setting,scene-0084
"[""scene"", ""location""]",2025-08-14,neon-lit arcade,mysterious,Scene/Setting,scene-0085
"[""scene"", ""location""]",2025-08-14,neon-lit arcade,mysterious,Scene/Setting,scene-0086
"[""scene"", ""location""]",2025-08-14,neon-lit arcade,mysterious,Scene/Setting,scene-0087
"[""scene"", ""location""]",2025-08-14,neon-lit arcade,mysterious,Scene/Setting,scene-0088
"[""scene"", ""location""]",2025-08-14,neon-lit arcade,mysterious,Scene/Setting,scene-0089
"[""scene"", ""location""]",2025-08-14,neon-lit arcade,mysterious,Scene/Setting,scene-0090
"[""scene"", ""location""]",2025-08-14,neon-lit arcade,mysterious,Scene/Setting,scene-0091
"[""scene"", ""location""]",2025-08-14,neon-lit arcade,mysterious,Scene/Setting,scene-0092
"[""scene"", ""location""]",2025-08-14,neon-lit arcade,mysterious,Scene/Setting,scene-0093
"[""scene"", ""location""]",2025-08-14,neon-lit arcade,mysterious,Scene/Setting,scene-0094
"[""scene"", ""location""]",2025-08-14,neon-lit arcade,mysterious,Scene/Setting,scene-0095
"[""scene"", ""location""]",2025-08-14,neon-lit arcade,mysterious,Scene/Setting,scene-0096
"[""scene"", ""location""]",2025-08-14,neon-lit arcade,mysterious,Scene/Setting,scene-0097
"[""scene"", ""location""]",2025-08-14,neon-lit arcade,mysterious,Scene/Setting,scene-0098
"[""scene"", ""location""]",2025-08-14,neon-lit arcade,mysterious,Scene/Setting,scene-0099
"[""scene"", ""location""]",2025-08-14,neon-lit arcade,mysterious,Scene/Setting,scene-0100
"[""scene"", ""location""]",2025-08-14,neon-lit arcade,mysterious,Scene/Setting,scene-0101
"[""scene"", ""location""]",2025-08-14,neon-lit arcade,mysterious,Scene/Setting,scene-0102
"[""scene"", ""location""]",2025-08-14,neon-lit arcade,mysterious,Scene/Setting,scene-0103
"[""scene"", ""location""]",2025-08-14,neon-lit arcade,mysterious,Scene/Setting,scene-0104
"[""scene"", ""location""]",2025-08-14,neon-lit arcade,mysterious,Scene/Setting,scene-0105
"[""scene"", ""location""]",2025-08-14,neon-lit arcade,mysterious,Scene/Setting,scene-0106
"[""scene"", ""location""]",2025-08-14,neon-lit arcade,mysterious,Scene/Setting,scene-0107
"[""scene"", ""location""]",2025-08-14,neon-lit arcade,mysterious,Scene/Setting,scene-0108
"[""scene"", ""location""]",2025-08-14,neon-lit arcade,mysterious,Scene/Setting,scene-0109
"[""scene"", ""location""]",2025-08-14,neon-lit arcade,mysterious,Scene/Setting,scene-0110
"[""scene"", ""location""]",2025-08-14,neon-lit arcade,mysterious,Scene/Setting,scene-0111
"[""scene"", ""location""]",2025-08-14,neon-lit arcade,mysterious,Scene/Setting,scene-0112
"[""scene"", ""location""]",2025-08-14,neon-lit arcade,mysterious,Scene/Setting,scene-0113
"[""scene"", ""location""]",2025-08-14,neon-lit arcade,mysterious,Scene/Setting,scene-0114
"[""scene"", ""location""]",2025-08-14,neon-lit arcade,mysterious,Scene/Setting,scene-0115
"[""scene"", ""location""]",2025-08-14,neon-lit arcade,mysterious,Scene/Setting,scene-0116
"[""scene"", ""location""]",2025-08-14,neon-lit arcade,mysterious,Scene/Setting,scene-0117
"[""scene"", ""location""]",2025-08-14,neon-lit arcade,mysterious,Scene/Setting,scene-0118
"[""scene"", ""location""]",2025-08-14,neon-lit arcade,mysterious,Scene/Setting,scene-0119
"[""scene"", ""location""]",2025-08-14,neon-lit arcade,mysterious,Scene/Setting,scene-0120
"[""scene"", ""location""]",2025-08-14,neon-lit arcade,mysterious,Scene/Setting,scene-0121
"[""scene"", ""location""]",2025-08-14,neon-lit arcade,mysterious,Scene/Setting,scene-0122
"[""scene"", ""location""]",2025-08-14,neon-lit arcade,mysterious,Scene/Setting,scene-0123
"[""scene"", ""location""]",2025-08-14,neon-lit arcade,mysterious,Scene/Setting,scene-0124
"[""scene"", ""location""]",2025-08-14,neon-lit arcade,mysterious,Scene/Setting,scene-0125
"[""scene"", ""location""]",2025-08-14,neon-lit arcade,mysterious,Scene/Setting,scene-0126
"[""scene"", ""location""]",2025-08-14,neon-lit arcade,mysterious,Scene/Setting,scene-0127
"[""scene"", ""location""]",2025-08-14,neon-lit arcade,mysterious,Scene/Setting,scene-0128
"[""scene"", ""location""]",2025-08-14,neon-lit arcade,mysterious,Scene/Setting,scene-0129
"[""scene"", ""location""]",2025-08-14,neon-lit arcade,mysterious,Scene/Setting,scene-0130
"[""scene"", ""location""]",2025-08-14,neon-lit arcade,mysterious,Scene/Setting,scene-0131
"[""scene"", ""location""]",2025-08-14,neon-lit arcade,mysterious,Scene/Setting,scene-0132
"[""scene"", ""location""]",2025-08-14,neon-lit arcade,mysterious,Scene/Setting,scene-0133
"[""scene"", ""location""]",2025-08-14,neon-lit arcade,mysterious,Scene/Setting,scene-0134
"[""scene"", ""location""]",2025-08-14,neon-lit arcade,mysterious,Scene/Setting,scene-0135
"[""scene"", ""location""]",2025-08-14,neon-lit arcade,mysterious,Scene/Setting,scene-0136
"[""scene"", ""location""]",2025-08-14,neon-lit arcade,mysterious,Scene/Setting,scene-0137
"[""scene"", ""location""]",2025-08-14,neon-lit arcade,mysterious,Scene/Setting,scene-0138
"[""scene"", ""location""]",2025-08-14,neon-lit arcade,mysterious,Scene/Setting,scene-0139
"[""scene"", ""location""]",2025-08-14,neon-lit arcade,mysterious,Scene/Setting,scene-0140
"[""scene"", ""location""]",2025-08-14,neon-lit arcade,mysterious,Scene/Setting,scene-0141
"[""scene"", ""location""]",2025-08-14,neon-lit arcade,mysterious,Scene/Setting,scene-0142
"[""scene"", ""location""]",2025-08-14,neon-lit arcade,mysterious,Scene/Setting,scene-0143
"[""scene"", ""location""]",2025-08-14,neon-lit arcade,mysterious,Scene/Setting,scene-0144
"[""scene"", ""location""]",2025-08-14,neon-lit arcade,mysterious,Scene/Setting,scene-0145
"[""scene"", ""location""]",2025-08-14,neon-lit arcade,mysterious,Scene/Setting,scene-0146
"[""scene"", ""location""]",2025-08-14,neon-lit arcade,mysterious,Scene/Setting,scene-0147
"[""scene"", ""location""]",2025-08-14,neon-lit arcade,mysterious,Scene/Setting,scene-0148
"[""scene"", ""location""]",2025-08-14,neon-lit arcade,mysterious,Scene/Setting,scene-0149
"[""scene"", ""location""]",2025-08-14,neon-lit arcade,mysterious,Scene/Setting,scene-0150
"[""scene"", ""location""]",2025-08-14,neon-lit arcade,mysterious,Scene/Setting,scene-0151
"[""scene"", ""location""]",2025-08-14,neon-lit arcade,mysterious,Scene/Setting,scene-0152
"[""scene"", ""location""]",2025-08-14,neon-lit arcade,mysterious,Scene/Setting,scene-0153
"[""scene"", ""location""]",2025-08-14,neon-lit arcade,mysterious,Scene/Setting,scene-0154
"[""scene"", ""location""]",2025-08-14,neon-lit arcade,mysterious,Scene/Setting,scene-0155
"[""scene"", ""location""]",2025-08-14,neon-lit arcade,mysterious,Scene/Setting,scene-0156
"[""scene"", ""location""]",2025-08-14,neon-lit arcade,mysterious,Scene/Setting,scene-0157
"[""scene"", ""location""]",2025-08-14,neon-lit arcade,mysterious,Scene/Setting,scene-0158
"[""scene"", ""location""]",2025-08-14,neon-lit arcade,mysterious,Scene/Setting,scene-0159
"[""scene"", ""location""]",2025-08-14,neon-lit arcade,mysterious,Scene/Setting,scene-0160
"[""scene"", ""location""]",2025-08-14,neon-lit arcade,mysterious,Scene/Setting,scene-0161
"[""scene"", ""location""]",2025-08-14,neon-lit arcade,mysterious,Scene/Setting,scene-0162
"[""scene"", ""location""]",2025-08-14,neon-lit arcade,mysterious,Scene/Setting,scene-0163
"[""scene"", ""location""]",2025-08-14,neon-lit arcade,mysterious,Scene/Setting,scene-0164
"[""scene"", ""location""]",2025-08-14,neon-lit arcade,mysterious,Scene/Setting,scene-0165
"[""scene"", ""location""]",2025-08-14,neon-lit arcade,mysterious,Scene/Setting,scene-0166
"[""scene"", ""location""]",2025-08-14,neon-lit arcade,mysterious,Scene/Setting,scene-0167
"[""scene"", ""location""]",2025-08-14,neon-lit arcade,mysterious,Scene/Setting,scene-0168
"[""scene"", ""location""]",2025-08-14,neon-lit arcade,mysterious,Scene/Setting,scene-0169
"[""scene"", ""location""]",2025-08-14,neon-lit arcade,mysterious,Scene/Setting,scene-0170
"[""scene"", ""location""]",2025-08-14,neon-lit arcade,mysterious,Scene/Setting,scene-0171
"[""scene"", ""location""]",2025-08-14,neon-lit arcade,mysterious,Scene/Setting,scene-0172
"[""scene"", ""location""]",2025-08-14,neon-lit arcade,mysterious,Scene/Setting,scene-0173
"[""scene"", ""location""]",2025-08-14,neon-lit arcade,mysterious,Scene/Setting,scene-0174
"[""scene"", ""location""]",2025-08-14,neon-lit arcade,mysterious,Scene/Setting,scene-0175
"[""scene"", ""location""]",2025-08-14,neon-lit arcade,mysterious,Scene/Setting,scene-0176
"[""scene"", ""location""]",2025-08-14,neon-lit arcade,mysterious,Scene/Setting,scene-0177
"[""scene"", ""location""]",2025-08-14,neon-lit arcade,mysterious,Scene/Setting,scene-0178
"[""scene"", ""location""]",2025-08-14,neon-lit arcade,mysterious,Scene/Setting,scene-0179
"[""scene"", ""location""]",2025-08-14,neon-lit arcade,mysterious,Scene/Setting,scene-0180
"[""scene"", ""location""]",2025-08-14,neon-lit arcade,mysterious,Scene/Setting,scene-0181
"[""scene"", ""location""]",2025-08-14,neon-lit arcade,mysterious,Scene/Setting,scene-0182
"[""scene"", ""location""]",2025-08-14,neon-lit arcade,mysterious,Scene/Setting,scene-0183
"[""scene"", ""location""]",2025-08-14,neon-lit arcade,mysterious,Scene/Setting,scene-0184
"[""scene"", ""location""]",2025-08-14,neon-lit arcade,mysterious,Scene/Setting,scene-0185
"[""scene"", ""location""]",2025-08-14,neon-lit arcade,mysterious,Scene/Setting,scene-0186
"[""scene"", ""location""]",2025-08-14,neon-lit arcade,mysterious,Scene/Setting,scene-0187
"[""scene"", ""location""]",2025-08-14,neon-lit arcade,mysterious,Scene/Setting,scene-0188
"[""scene"", ""location""]",2025-08-14,neon-lit arcade,mysterious,Scene/Setting,scene-0189
"[""scene"", ""location""]",2025-08-14,neon-lit arcade,mysterious,Scene/Setting,scene-0190
"[""scene"", ""location""]",2025-08-14,neon-lit arcade,mysterious,Scene/Setting,scene-0191
"[""scene"", ""location""]",2025-08-14,neon-lit arcade,mysterious,Scene/Setting,scene-0192
"[""scene"", ""location""]",2025-08-14,neon-lit arcade,mysterious,Scene/Setting,scene-0193
"[""scene"", ""location""]",2025-08-14,neon-lit arcade,mysterious,Scene/Setting,scene-0194
"[""scene"", ""location""]",2025-08-14,neon-lit arcade,mysterious,Scene/Setting,scene-0195
"[""scene"", ""location""]",2025-08-14,neon-lit arcade,mysterious,Scene/Setting,scene-0196
"[""scene"", ""location""]",2025-08-14,neon-lit arcade,mysterious,Scene/Setting,scene-0197
"[""scene"", ""location""]",2025-08-14,neon-lit arcade,mysterious,Scene/Setting,scene-0198
"[""scene"", ""location""]",2025-08-14,neon-lit arcade,mysterious,Scene/Setting,scene-0199
"[""scene"", ""location""]",2025-08-14,neon-lit arcade,mysterious,Scene/Setting,scene-0200
"[""scene"", ""location""]",2025-08-14,neon-lit arcade,mysterious,Scene/Setting,scene-0201
"[""scene"", ""location""]",2025-08-14,neon-lit arcade,mysterious,Scene/Setting,scene-0202
"[""scene"", ""location""]",2025-08-14,neon-lit arcade,mysterious,Scene/Setting,scene-0203
"[""scene"", ""location""]",2025-08-14,neon-lit arcade,mysterious,Scene/Setting,scene-0204
"[""scene"", ""location""]",2025-08-14,neon-lit arcade,mysterious,Scene/Setting,scene-0205
"[""scene"", ""location""]",2025-08-14,neon-lit arcade,mysterious,Scene/Setting,scene-0206
"[""scene"", ""location""]",2025-08-14,neon-lit arcade,mysterious,Scene/Setting,scene-0207
"[""scene"", ""location""]",2025-08-14,neon-lit arcade,mysterious,Scene/Setting,scene-0208
"[""scene"", ""location""]",2025-08-14,neon-lit arcade,mysterious,Scene/Setting,scene-0209
"[""scene"", ""location""]",2025-08-14,neon-lit arcade,mysterious,Scene/Setting,scene-0210
"[""scene"", ""location""]",2025-08-14,neon-lit arcade,mysterious,Scene/Setting,scene-0211
"[""scene"", ""location""]",2025-08-14,neon-lit arcade,mysterious,Scene/Setting,scene-0212
"[""scene"", ""location""]",2025-08-14,neon-lit arcade,mysterious,Scene/Setting,scene-0213
"[""scene"", ""location""]",2025-08-14,neon-lit arcade,mysterious,Scene/Setting,scene-0214
"[""scene"", ""location""]",2025-08-14,neon-lit arcade,mysterious,Scene/Setting,scene-0215
"[""scene"", ""location""]",2025-08-14,neon-lit arcade,mysterious,Scene/Setting,scene-0216
"[""scene"", ""location""]",2025-08-14,neon-lit arcade,mysterious,Scene/Setting,scene-0217
"[""scene"", ""location""]",2025-08-14,neon-lit arcade,mysterious,Scene/Setting,scene-0218
"[""scene"", ""location""]",2025-08-14,neon-lit arcade,mysterious,Scene/Setting,scene-0219
"[""scene"", ""location""]",2025-08-14,neon-lit arcade,mysterious,Scene/Setting,scene-0220
