ethical_considerations,tags,last_updated,topic,category,id
"[""informed consent""]","[""science"", ""bioethics""]",2025-08-14,CRISPR-Cas9,Scientific Accuracy,sci-0001
"[""informed consent""]","[""science"", ""bioethics""]",2025-08-14,CRISPR-Cas9,Scientific Accuracy,sci-0002
"[""informed consent""]","[""science"", ""bioethics""]",2025-08-14,CRISPR-Cas9,Scientific Accuracy,sci-0003
"[""informed consent""]","[""science"", ""bioethics""]",2025-08-14,CRISPR-Cas9,Scientific Accuracy,sci-0004
"[""informed consent""]","[""science"", ""bioethics""]",2025-08-14,CRISPR-Cas9,Scientific Accuracy,sci-0005
"[""informed consent""]","[""science"", ""bioethics""]",2025-08-14,CRISPR-Cas9,Scientific Accuracy,sci-0006
"[""informed consent""]","[""science"", ""bioethics""]",2025-08-14,CRISPR-Cas9,Scientific Accuracy,sci-0007
"[""informed consent""]","[""science"", ""bioethics""]",2025-08-14,CRISPR-Cas9,Scientific Accuracy,sci-0008
"[""informed consent""]","[""science"", ""bioethics""]",2025-08-14,CRISPR-Cas9,Scientific Accuracy,sci-0009
"[""informed consent""]","[""science"", ""bioethics""]",2025-08-14,CRISPR-Cas9,Scientific Accuracy,sci-0010
"[""informed consent""]","[""science"", ""bioethics""]",2025-08-14,CRISPR-Cas9,Scientific Accuracy,sci-0011
"[""informed consent""]","[""science"", ""bioethics""]",2025-08-14,CRISPR-Cas9,Scientific Accuracy,sci-0012
"[""informed consent""]","[""science"", ""bioethics""]",2025-08-14,CRISPR-Cas9,Scientific Accuracy,sci-0013
"[""informed consent""]","[""science"", ""bioethics""]",2025-08-14,CRISPR-Cas9,Scientific Accuracy,sci-0014
"[""informed consent""]","[""science"", ""bioethics""]",2025-08-14,CRISPR-Cas9,Scientific Accuracy,sci-0015
"[""informed consent""]","[""science"", ""bioethics""]",2025-08-14,CRISPR-Cas9,Scientific Accuracy,sci-0016
"[""informed consent""]","[""science"", ""bioethics""]",2025-08-14,CRISPR-Cas9,Scientific Accuracy,sci-0017
"[""informed consent""]","[""science"", ""bioethics""]",2025-08-14,CRISPR-Cas9,Scientific Accuracy,sci-0018
"[""informed consent""]","[""science"", ""bioethics""]",2025-08-14,CRISPR-Cas9,Scientific Accuracy,sci-0019
"[""informed consent""]","[""science"", ""bioethics""]",2025-08-14,CRISPR-Cas9,Scientific Accuracy,sci-0020
"[""informed consent""]","[""science"", ""bioethics""]",2025-08-14,CRISPR-Cas9,Scientific Accuracy,sci-0021
"[""informed consent""]","[""science"", ""bioethics""]",2025-08-14,CRISPR-Cas9,Scientific Accuracy,sci-0022
"[""informed consent""]","[""science"", ""bioethics""]",2025-08-14,CRISPR-Cas9,Scientific Accuracy,sci-0023
"[""informed consent""]","[""science"", ""bioethics""]",2025-08-14,CRISPR-Cas9,Scientific Accuracy,sci-0024
"[""informed consent""]","[""science"", ""bioethics""]",2025-08-14,CRISPR-Cas9,Scientific Accuracy,sci-0025
"[""informed consent""]","[""science"", ""bioethics""]",2025-08-14,CRISPR-Cas9,Scientific Accuracy,sci-0026
"[""informed consent""]","[""science"", ""bioethics""]",2025-08-14,CRISPR-Cas9,Scientific Accuracy,sci-0027
"[""informed consent""]","[""science"", ""bioethics""]",2025-08-14,CRISPR-Cas9,Scientific Accuracy,sci-0028
"[""informed consent""]","[""science"", ""bioethics""]",2025-08-14,CRISPR-Cas9,Scientific Accuracy,sci-0029
"[""informed consent""]","[""science"", ""bioethics""]",2025-08-14,CRISPR-Cas9,Scientific Accuracy,sci-0030
"[""informed consent""]","[""science"", ""bioethics""]",2025-08-14,CRISPR-Cas9,Scientific Accuracy,sci-0031
"[""informed consent""]","[""science"", ""bioethics""]",2025-08-14,CRISPR-Cas9,Scientific Accuracy,sci-0032
"[""informed consent""]","[""science"", ""bioethics""]",2025-08-14,CRISPR-Cas9,Scientific Accuracy,sci-0033
"[""informed consent""]","[""science"", ""bioethics""]",2025-08-14,CRISPR-Cas9,Scientific Accuracy,sci-0034
"[""informed consent""]","[""science"", ""bioethics""]",2025-08-14,CRISPR-Cas9,Scientific Accuracy,sci-0035
"[""informed consent""]","[""science"", ""bioethics""]",2025-08-14,CRISPR-Cas9,Scientific Accuracy,sci-0036
"[""informed consent""]","[""science"", ""bioethics""]",2025-08-14,CRISPR-Cas9,Scientific Accuracy,sci-0037
"[""informed consent""]","[""science"", ""bioethics""]",2025-08-14,CRISPR-Cas9,Scientific Accuracy,sci-0038
"[""informed consent""]","[""science"", ""bioethics""]",2025-08-14,CRISPR-Cas9,Scientific Accuracy,sci-0039
"[""informed consent""]","[""science"", ""bioethics""]",2025-08-14,CRISPR-Cas9,Scientific Accuracy,sci-0040
"[""informed consent""]","[""science"", ""bioethics""]",2025-08-14,CRISPR-Cas9,Scientific Accuracy,sci-0041
"[""informed consent""]","[""science"", ""bioethics""]",2025-08-14,CRISPR-Cas9,Scientific Accuracy,sci-0042
"[""informed consent""]","[""science"", ""bioethics""]",2025-08-14,CRISPR-Cas9,Scientific Accuracy,sci-0043
"[""informed consent""]","[""science"", ""bioethics""]",2025-08-14,CRISPR-Cas9,Scientific Accuracy,sci-0044
"[""informed consent""]","[""science"", ""bioethics""]",2025-08-14,CRISPR-Cas9,Scientific Accuracy,sci-0045
"[""informed consent""]","[""science"", ""bioethics""]",2025-08-14,CRISPR-Cas9,Scientific Accuracy,sci-0046
"[""informed consent""]","[""science"", ""bioethics""]",2025-08-14,CRISPR-Cas9,Scientific Accuracy,sci-0047
"[""informed consent""]","[""science"", ""bioethics""]",2025-08-14,CRISPR-Cas9,Scientific Accuracy,sci-0048
"[""informed consent""]","[""science"", ""bioethics""]",2025-08-14,CRISPR-Cas9,Scientific Accuracy,sci-0049
"[""informed consent""]","[""science"", ""bioethics""]",2025-08-14,CRISPR-Cas9,Scientific Accuracy,sci-0050
"[""informed consent""]","[""science"", ""bioethics""]",2025-08-14,CRISPR-Cas9,Scientific Accuracy,sci-0051
"[""informed consent""]","[""science"", ""bioethics""]",2025-08-14,CRISPR-Cas9,Scientific Accuracy,sci-0052
"[""informed consent""]","[""science"", ""bioethics""]",2025-08-14,CRISPR-Cas9,Scientific Accuracy,sci-0053
"[""informed consent""]","[""science"", ""bioethics""]",2025-08-14,CRISPR-Cas9,Scientific Accuracy,sci-0054
"[""informed consent""]","[""science"", ""bioethics""]",2025-08-14,CRISPR-Cas9,Scientific Accuracy,sci-0055
"[""informed consent""]","[""science"", ""bioethics""]",2025-08-14,CRISPR-Cas9,Scientific Accuracy,sci-0056
"[""informed consent""]","[""science"", ""bioethics""]",2025-08-14,CRISPR-Cas9,Scientific Accuracy,sci-0057
"[""informed consent""]","[""science"", ""bioethics""]",2025-08-14,CRISPR-Cas9,Scientific Accuracy,sci-0058
"[""informed consent""]","[""science"", ""bioethics""]",2025-08-14,CRISPR-Cas9,Scientific Accuracy,sci-0059
"[""informed consent""]","[""science"", ""bioethics""]",2025-08-14,CRISPR-Cas9,Scientific Accuracy,sci-0060
"[""informed consent""]","[""science"", ""bioethics""]",2025-08-14,CRISPR-Cas9,Scientific Accuracy,sci-0061
"[""informed consent""]","[""science"", ""bioethics""]",2025-08-14,CRISPR-Cas9,Scientific Accuracy,sci-0062
"[""informed consent""]","[""science"", ""bioethics""]",2025-08-14,CRISPR-Cas9,Scientific Accuracy,sci-0063
"[""informed consent""]","[""science"", ""bioethics""]",2025-08-14,CRISPR-Cas9,Scientific Accuracy,sci-0064
"[""informed consent""]","[""science"", ""bioethics""]",2025-08-14,CRISPR-Cas9,Scientific Accuracy,sci-0065
"[""informed consent""]","[""science"", ""bioethics""]",2025-08-14,CRISPR-Cas9,Scientific Accuracy,sci-0066
"[""informed consent""]","[""science"", ""bioethics""]",2025-08-14,CRISPR-Cas9,Scientific Accuracy,sci-0067
"[""informed consent""]","[""science"", ""bioethics""]",2025-08-14,CRISPR-Cas9,Scientific Accuracy,sci-0068
"[""informed consent""]","[""science"", ""bioethics""]",2025-08-14,CRISPR-Cas9,Scientific Accuracy,sci-0069
"[""informed consent""]","[""science"", ""bioethics""]",2025-08-14,CRISPR-Cas9,Scientific Accuracy,sci-0070
"[""informed consent""]","[""science"", ""bioethics""]",2025-08-14,CRISPR-Cas9,Scientific Accuracy,sci-0071
"[""informed consent""]","[""science"", ""bioethics""]",2025-08-14,CRISPR-Cas9,Scientific Accuracy,sci-0072
"[""informed consent""]","[""science"", ""bioethics""]",2025-08-14,CRISPR-Cas9,Scientific Accuracy,sci-0073
"[""informed consent""]","[""science"", ""bioethics""]",2025-08-14,CRISPR-Cas9,Scientific Accuracy,sci-0074
"[""informed consent""]","[""science"", ""bioethics""]",2025-08-14,CRISPR-Cas9,Scientific Accuracy,sci-0075
"[""informed consent""]","[""science"", ""bioethics""]",2025-08-14,CRISPR-Cas9,Scientific Accuracy,sci-0076
"[""informed consent""]","[""science"", ""bioethics""]",2025-08-14,CRISPR-Cas9,Scientific Accuracy,sci-0077
"[""informed consent""]","[""science"", ""bioethics""]",2025-08-14,CRISPR-Cas9,Scientific Accuracy,sci-0078
"[""informed consent""]","[""science"", ""bioethics""]",2025-08-14,CRISPR-Cas9,Scientific Accuracy,sci-0079
"[""informed consent""]","[""science"", ""bioethics""]",2025-08-14,CRISPR-Cas9,Scientific Accuracy,sci-0080
"[""informed consent""]","[""science"", ""bioethics""]",2025-08-14,CRISPR-Cas9,Scientific Accuracy,sci-0081
"[""informed consent""]","[""science"", ""bioethics""]",2025-08-14,CRISPR-Cas9,Scientific Accuracy,sci-0082
"[""informed consent""]","[""science"", ""bioethics""]",2025-08-14,CRISPR-Cas9,Scientific Accuracy,sci-0083
"[""informed consent""]","[""science"", ""bioethics""]",2025-08-14,CRISPR-Cas9,Scientific Accuracy,sci-0084
"[""informed consent""]","[""science"", ""bioethics""]",2025-08-14,CRISPR-Cas9,Scientific Accuracy,sci-0085
"[""informed consent""]","[""science"", ""bioethics""]",2025-08-14,CRISPR-Cas9,Scientific Accuracy,sci-0086
"[""informed consent""]","[""science"", ""bioethics""]",2025-08-14,CRISPR-Cas9,Scientific Accuracy,sci-0087
"[""informed consent""]","[""science"", ""bioethics""]",2025-08-14,CRISPR-Cas9,Scientific Accuracy,sci-0088
"[""informed consent""]","[""science"", ""bioethics""]",2025-08-14,CRISPR-Cas9,Scientific Accuracy,sci-0089
"[""informed consent""]","[""science"", ""bioethics""]",2025-08-14,CRISPR-Cas9,Scientific Accuracy,sci-0090
"[""informed consent""]","[""science"", ""bioethics""]",2025-08-14,CRISPR-Cas9,Scientific Accuracy,sci-0091
"[""informed consent""]","[""science"", ""bioethics""]",2025-08-14,CRISPR-Cas9,Scientific Accuracy,sci-0092
"[""informed consent""]","[""science"", ""bioethics""]",2025-08-14,CRISPR-Cas9,Scientific Accuracy,sci-0093
"[""informed consent""]","[""science"", ""bioethics""]",2025-08-14,CRISPR-Cas9,Scientific Accuracy,sci-0094
"[""informed consent""]","[""science"", ""bioethics""]",2025-08-14,CRISPR-Cas9,Scientific Accuracy,sci-0095
"[""informed consent""]","[""science"", ""bioethics""]",2025-08-14,CRISPR-Cas9,Scientific Accuracy,sci-0096
"[""informed consent""]","[""science"", ""bioethics""]",2025-08-14,CRISPR-Cas9,Scientific Accuracy,sci-0097
"[""informed consent""]","[""science"", ""bioethics""]",2025-08-14,CRISPR-Cas9,Scientific Accuracy,sci-0098
"[""informed consent""]","[""science"", ""bioethics""]",2025-08-14,CRISPR-Cas9,Scientific Accuracy,sci-0099
"[""informed consent""]","[""science"", ""bioethics""]",2025-08-14,CRISPR-Cas9,Scientific Accuracy,sci-0100
"[""informed consent""]","[""science"", ""bioethics""]",2025-08-14,CRISPR-Cas9,Scientific Accuracy,sci-0101
"[""informed consent""]","[""science"", ""bioethics""]",2025-08-14,CRISPR-Cas9,Scientific Accuracy,sci-0102
"[""informed consent""]","[""science"", ""bioethics""]",2025-08-14,CRISPR-Cas9,Scientific Accuracy,sci-0103
"[""informed consent""]","[""science"", ""bioethics""]",2025-08-14,CRISPR-Cas9,Scientific Accuracy,sci-0104
"[""informed consent""]","[""science"", ""bioethics""]",2025-08-14,CRISPR-Cas9,Scientific Accuracy,sci-0105
"[""informed consent""]","[""science"", ""bioethics""]",2025-08-14,CRISPR-Cas9,Scientific Accuracy,sci-0106
"[""informed consent""]","[""science"", ""bioethics""]",2025-08-14,CRISPR-Cas9,Scientific Accuracy,sci-0107
"[""informed consent""]","[""science"", ""bioethics""]",2025-08-14,CRISPR-Cas9,Scientific Accuracy,sci-0108
"[""informed consent""]","[""science"", ""bioethics""]",2025-08-14,CRISPR-Cas9,Scientific Accuracy,sci-0109
"[""informed consent""]","[""science"", ""bioethics""]",2025-08-14,CRISPR-Cas9,Scientific Accuracy,sci-0110
"[""informed consent""]","[""science"", ""bioethics""]",2025-08-14,CRISPR-Cas9,Scientific Accuracy,sci-0111
"[""informed consent""]","[""science"", ""bioethics""]",2025-08-14,CRISPR-Cas9,Scientific Accuracy,sci-0112
"[""informed consent""]","[""science"", ""bioethics""]",2025-08-14,CRISPR-Cas9,Scientific Accuracy,sci-0113
"[""informed consent""]","[""science"", ""bioethics""]",2025-08-14,CRISPR-Cas9,Scientific Accuracy,sci-0114
"[""informed consent""]","[""science"", ""bioethics""]",2025-08-14,CRISPR-Cas9,Scientific Accuracy,sci-0115
"[""informed consent""]","[""science"", ""bioethics""]",2025-08-14,CRISPR-Cas9,Scientific Accuracy,sci-0116
"[""informed consent""]","[""science"", ""bioethics""]",2025-08-14,CRISPR-Cas9,Scientific Accuracy,sci-0117
"[""informed consent""]","[""science"", ""bioethics""]",2025-08-14,CRISPR-Cas9,Scientific Accuracy,sci-0118
"[""informed consent""]","[""science"", ""bioethics""]",2025-08-14,CRISPR-Cas9,Scientific Accuracy,sci-0119
"[""informed consent""]","[""science"", ""bioethics""]",2025-08-14,CRISPR-Cas9,Scientific Accuracy,sci-0120
"[""informed consent""]","[""science"", ""bioethics""]",2025-08-14,CRISPR-Cas9,Scientific Accuracy,sci-0121
"[""informed consent""]","[""science"", ""bioethics""]",2025-08-14,CRISPR-Cas9,Scientific Accuracy,sci-0122
"[""informed consent""]","[""science"", ""bioethics""]",2025-08-14,CRISPR-Cas9,Scientific Accuracy,sci-0123
"[""informed consent""]","[""science"", ""bioethics""]",2025-08-14,CRISPR-Cas9,Scientific Accuracy,sci-0124
"[""informed consent""]","[""science"", ""bioethics""]",2025-08-14,CRISPR-Cas9,Scientific Accuracy,sci-0125
"[""informed consent""]","[""science"", ""bioethics""]",2025-08-14,CRISPR-Cas9,Scientific Accuracy,sci-0126
"[""informed consent""]","[""science"", ""bioethics""]",2025-08-14,CRISPR-Cas9,Scientific Accuracy,sci-0127
"[""informed consent""]","[""science"", ""bioethics""]",2025-08-14,CRISPR-Cas9,Scientific Accuracy,sci-0128
"[""informed consent""]","[""science"", ""bioethics""]",2025-08-14,CRISPR-Cas9,Scientific Accuracy,sci-0129
"[""informed consent""]","[""science"", ""bioethics""]",2025-08-14,CRISPR-Cas9,Scientific Accuracy,sci-0130
"[""informed consent""]","[""science"", ""bioethics""]",2025-08-14,CRISPR-Cas9,Scientific Accuracy,sci-0131
"[""informed consent""]","[""science"", ""bioethics""]",2025-08-14,CRISPR-Cas9,Scientific Accuracy,sci-0132
"[""informed consent""]","[""science"", ""bioethics""]",2025-08-14,CRISPR-Cas9,Scientific Accuracy,sci-0133
"[""informed consent""]","[""science"", ""bioethics""]",2025-08-14,CRISPR-Cas9,Scientific Accuracy,sci-0134
"[""informed consent""]","[""science"", ""bioethics""]",2025-08-14,CRISPR-Cas9,Scientific Accuracy,sci-0135
"[""informed consent""]","[""science"", ""bioethics""]",2025-08-14,CRISPR-Cas9,Scientific Accuracy,sci-0136
"[""informed consent""]","[""science"", ""bioethics""]",2025-08-14,CRISPR-Cas9,Scientific Accuracy,sci-0137
"[""informed consent""]","[""science"", ""bioethics""]",2025-08-14,CRISPR-Cas9,Scientific Accuracy,sci-0138
"[""informed consent""]","[""science"", ""bioethics""]",2025-08-14,CRISPR-Cas9,Scientific Accuracy,sci-0139
"[""informed consent""]","[""science"", ""bioethics""]",2025-08-14,CRISPR-Cas9,Scientific Accuracy,sci-0140
"[""informed consent""]","[""science"", ""bioethics""]",2025-08-14,CRISPR-Cas9,Scientific Accuracy,sci-0141
"[""informed consent""]","[""science"", ""bioethics""]",2025-08-14,CRISPR-Cas9,Scientific Accuracy,sci-0142
"[""informed consent""]","[""science"", ""bioethics""]",2025-08-14,CRISPR-Cas9,Scientific Accuracy,sci-0143
"[""informed consent""]","[""science"", ""bioethics""]",2025-08-14,CRISPR-Cas9,Scientific Accuracy,sci-0144
"[""informed consent""]","[""science"", ""bioethics""]",2025-08-14,CRISPR-Cas9,Scientific Accuracy,sci-0145
"[""informed consent""]","[""science"", ""bioethics""]",2025-08-14,CRISPR-Cas9,Scientific Accuracy,sci-0146
"[""informed consent""]","[""science"", ""bioethics""]",2025-08-14,CRISPR-Cas9,Scientific Accuracy,sci-0147
"[""informed consent""]","[""science"", ""bioethics""]",2025-08-14,CRISPR-Cas9,Scientific Accuracy,sci-0148
"[""informed consent""]","[""science"", ""bioethics""]",2025-08-14,CRISPR-Cas9,Scientific Accuracy,sci-0149
"[""informed consent""]","[""science"", ""bioethics""]",2025-08-14,CRISPR-Cas9,Scientific Accuracy,sci-0150
"[""informed consent""]","[""science"", ""bioethics""]",2025-08-14,CRISPR-Cas9,Scientific Accuracy,sci-0151
"[""informed consent""]","[""science"", ""bioethics""]",2025-08-14,CRISPR-Cas9,Scientific Accuracy,sci-0152
"[""informed consent""]","[""science"", ""bioethics""]",2025-08-14,CRISPR-Cas9,Scientific Accuracy,sci-0153
"[""informed consent""]","[""science"", ""bioethics""]",2025-08-14,CRISPR-Cas9,Scientific Accuracy,sci-0154
"[""informed consent""]","[""science"", ""bioethics""]",2025-08-14,CRISPR-Cas9,Scientific Accuracy,sci-0155
"[""informed consent""]","[""science"", ""bioethics""]",2025-08-14,CRISPR-Cas9,Scientific Accuracy,sci-0156
"[""informed consent""]","[""science"", ""bioethics""]",2025-08-14,CRISPR-Cas9,Scientific Accuracy,sci-0157
"[""informed consent""]","[""science"", ""bioethics""]",2025-08-14,CRISPR-Cas9,Scientific Accuracy,sci-0158
"[""informed consent""]","[""science"", ""bioethics""]",2025-08-14,CRISPR-Cas9,Scientific Accuracy,sci-0159
"[""informed consent""]","[""science"", ""bioethics""]",2025-08-14,CRISPR-Cas9,Scientific Accuracy,sci-0160
"[""informed consent""]","[""science"", ""bioethics""]",2025-08-14,CRISPR-Cas9,Scientific Accuracy,sci-0161
"[""informed consent""]","[""science"", ""bioethics""]",2025-08-14,CRISPR-Cas9,Scientific Accuracy,sci-0162
"[""informed consent""]","[""science"", ""bioethics""]",2025-08-14,CRISPR-Cas9,Scientific Accuracy,sci-0163
"[""informed consent""]","[""science"", ""bioethics""]",2025-08-14,CRISPR-Cas9,Scientific Accuracy,sci-0164
"[""informed consent""]","[""science"", ""bioethics""]",2025-08-14,CRISPR-Cas9,Scientific Accuracy,sci-0165
"[""informed consent""]","[""science"", ""bioethics""]",2025-08-14,CRISPR-Cas9,Scientific Accuracy,sci-0166
"[""informed consent""]","[""science"", ""bioethics""]",2025-08-14,CRISPR-Cas9,Scientific Accuracy,sci-0167
"[""informed consent""]","[""science"", ""bioethics""]",2025-08-14,CRISPR-Cas9,Scientific Accuracy,sci-0168
"[""informed consent""]","[""science"", ""bioethics""]",2025-08-14,CRISPR-Cas9,Scientific Accuracy,sci-0169
"[""informed consent""]","[""science"", ""bioethics""]",2025-08-14,CRISPR-Cas9,Scientific Accuracy,sci-0170
"[""informed consent""]","[""science"", ""bioethics""]",2025-08-14,CRISPR-Cas9,Scientific Accuracy,sci-0171
"[""informed consent""]","[""science"", ""bioethics""]",2025-08-14,CRISPR-Cas9,Scientific Accuracy,sci-0172
"[""informed consent""]","[""science"", ""bioethics""]",2025-08-14,CRISPR-Cas9,Scientific Accuracy,sci-0173
"[""informed consent""]","[""science"", ""bioethics""]",2025-08-14,CRISPR-Cas9,Scientific Accuracy,sci-0174
"[""informed consent""]","[""science"", ""bioethics""]",2025-08-14,CRISPR-Cas9,Scientific Accuracy,sci-0175
"[""informed consent""]","[""science"", ""bioethics""]",2025-08-14,CRISPR-Cas9,Scientific Accuracy,sci-0176
"[""informed consent""]","[""science"", ""bioethics""]",2025-08-14,CRISPR-Cas9,Scientific Accuracy,sci-0177
"[""informed consent""]","[""science"", ""bioethics""]",2025-08-14,CRISPR-Cas9,Scientific Accuracy,sci-0178
"[""informed consent""]","[""science"", ""bioethics""]",2025-08-14,CRISPR-Cas9,Scientific Accuracy,sci-0179
"[""informed consent""]","[""science"", ""bioethics""]",2025-08-14,CRISPR-Cas9,Scientific Accuracy,sci-0180
"[""informed consent""]","[""science"", ""bioethics""]",2025-08-14,CRISPR-Cas9,Scientific Accuracy,sci-0181
"[""informed consent""]","[""science"", ""bioethics""]",2025-08-14,CRISPR-Cas9,Scientific Accuracy,sci-0182
"[""informed consent""]","[""science"", ""bioethics""]",2025-08-14,CRISPR-Cas9,Scientific Accuracy,sci-0183
"[""informed consent""]","[""science"", ""bioethics""]",2025-08-14,CRISPR-Cas9,Scientific Accuracy,sci-0184
"[""informed consent""]","[""science"", ""bioethics""]",2025-08-14,CRISPR-Cas9,Scientific Accuracy,sci-0185
"[""informed consent""]","[""science"", ""bioethics""]",2025-08-14,CRISPR-Cas9,Scientific Accuracy,sci-0186
"[""informed consent""]","[""science"", ""bioethics""]",2025-08-14,CRISPR-Cas9,Scientific Accuracy,sci-0187
"[""informed consent""]","[""science"", ""bioethics""]",2025-08-14,CRISPR-Cas9,Scientific Accuracy,sci-0188
"[""informed consent""]","[""science"", ""bioethics""]",2025-08-14,CRISPR-Cas9,Scientific Accuracy,sci-0189
"[""informed consent""]","[""science"", ""bioethics""]",2025-08-14,CRISPR-Cas9,Scientific Accuracy,sci-0190
"[""informed consent""]","[""science"", ""bioethics""]",2025-08-14,CRISPR-Cas9,Scientific Accuracy,sci-0191
"[""informed consent""]","[""science"", ""bioethics""]",2025-08-14,CRISPR-Cas9,Scientific Accuracy,sci-0192
"[""informed consent""]","[""science"", ""bioethics""]",2025-08-14,CRISPR-Cas9,Scientific Accuracy,sci-0193
"[""informed consent""]","[""science"", ""bioethics""]",2025-08-14,CRISPR-Cas9,Scientific Accuracy,sci-0194
"[""informed consent""]","[""science"", ""bioethics""]",2025-08-14,CRISPR-Cas9,Scientific Accuracy,sci-0195
"[""informed consent""]","[""science"", ""bioethics""]",2025-08-14,CRISPR-Cas9,Scientific Accuracy,sci-0196
"[""informed consent""]","[""science"", ""bioethics""]",2025-08-14,CRISPR-Cas9,Scientific Accuracy,sci-0197
"[""informed consent""]","[""science"", ""bioethics""]",2025-08-14,CRISPR-Cas9,Scientific Accuracy,sci-0198
"[""informed consent""]","[""science"", ""bioethics""]",2025-08-14,CRISPR-Cas9,Scientific Accuracy,sci-0199
"[""informed consent""]","[""science"", ""bioethics""]",2025-08-14,CRISPR-Cas9,Scientific Accuracy,sci-0200
"[""informed consent""]","[""science"", ""bioethics""]",2025-08-14,CRISPR-Cas9,Scientific Accuracy,sci-0201
"[""informed consent""]","[""science"", ""bioethics""]",2025-08-14,CRISPR-Cas9,Scientific Accuracy,sci-0202
"[""informed consent""]","[""science"", ""bioethics""]",2025-08-14,CRISPR-Cas9,Scientific Accuracy,sci-0203
"[""informed consent""]","[""science"", ""bioethics""]",2025-08-14,CRISPR-Cas9,Scientific Accuracy,sci-0204
"[""informed consent""]","[""science"", ""bioethics""]",2025-08-14,CRISPR-Cas9,Scientific Accuracy,sci-0205
"[""informed consent""]","[""science"", ""bioethics""]",2025-08-14,CRISPR-Cas9,Scientific Accuracy,sci-0206
"[""informed consent""]","[""science"", ""bioethics""]",2025-08-14,CRISPR-Cas9,Scientific Accuracy,sci-0207
"[""informed consent""]","[""science"", ""bioethics""]",2025-08-14,CRISPR-Cas9,Scientific Accuracy,sci-0208
"[""informed consent""]","[""science"", ""bioethics""]",2025-08-14,CRISPR-Cas9,Scientific Accuracy,sci-0209
"[""informed consent""]","[""science"", ""bioethics""]",2025-08-14,CRISPR-Cas9,Scientific Accuracy,sci-0210
"[""informed consent""]","[""science"", ""bioethics""]",2025-08-14,CRISPR-Cas9,Scientific Accuracy,sci-0211
"[""informed consent""]","[""science"", ""bioethics""]",2025-08-14,CRISPR-Cas9,Scientific Accuracy,sci-0212
"[""informed consent""]","[""science"", ""bioethics""]",2025-08-14,CRISPR-Cas9,Scientific Accuracy,sci-0213
"[""informed consent""]","[""science"", ""bioethics""]",2025-08-14,CRISPR-Cas9,Scientific Accuracy,sci-0214
"[""informed consent""]","[""science"", ""bioethics""]",2025-08-14,CRISPR-Cas9,Scientific Accuracy,sci-0215
"[""informed consent""]","[""science"", ""bioethics""]",2025-08-14,CRISPR-Cas9,Scientific Accuracy,sci-0216
"[""informed consent""]","[""science"", ""bioethics""]",2025-08-14,CRISPR-Cas9,Scientific Accuracy,sci-0217
"[""informed consent""]","[""science"", ""bioethics""]",2025-08-14,CRISPR-Cas9,Scientific Accuracy,sci-0218
"[""informed consent""]","[""science"", ""bioethics""]",2025-08-14,CRISPR-Cas9,Scientific Accuracy,sci-0219
"[""informed consent""]","[""science"", ""bioethics""]",2025-08-14,CRISPR-Cas9,Scientific Accuracy,sci-0220
