from_bpm,tags,last_updated,to_bpm,transition_type,category,id
120,"[""audio"", ""dj""]",2025-08-14,124,beatmatch,Song Transition Rules,mix-0001
120,"[""audio"", ""dj""]",2025-08-14,124,beatmatch,Song Transition Rules,mix-0002
120,"[""audio"", ""dj""]",2025-08-14,124,beatmatch,Song Transition Rules,mix-0003
120,"[""audio"", ""dj""]",2025-08-14,124,beatmatch,Song Transition Rules,mix-0004
120,"[""audio"", ""dj""]",2025-08-14,124,beatmatch,Song Transition Rules,mix-0005
120,"[""audio"", ""dj""]",2025-08-14,124,beatmatch,Song Transition Rules,mix-0006
120,"[""audio"", ""dj""]",2025-08-14,124,beatmatch,Song Transition Rules,mix-0007
120,"[""audio"", ""dj""]",2025-08-14,124,beatmatch,Song Transition Rules,mix-0008
120,"[""audio"", ""dj""]",2025-08-14,124,beatmatch,Song Transition Rules,mix-0009
120,"[""audio"", ""dj""]",2025-08-14,124,beatmatch,Song Transition Rules,mix-0010
120,"[""audio"", ""dj""]",2025-08-14,124,beatmatch,Song Transition Rules,mix-0011
120,"[""audio"", ""dj""]",2025-08-14,124,beatmatch,Song Transition Rules,mix-0012
120,"[""audio"", ""dj""]",2025-08-14,124,beatmatch,Song Transition Rules,mix-0013
120,"[""audio"", ""dj""]",2025-08-14,124,beatmatch,Song Transition Rules,mix-0014
120,"[""audio"", ""dj""]",2025-08-14,124,beatmatch,Song Transition Rules,mix-0015
120,"[""audio"", ""dj""]",2025-08-14,124,beatmatch,Song Transition Rules,mix-0016
120,"[""audio"", ""dj""]",2025-08-14,124,beatmatch,Song Transition Rules,mix-0017
120,"[""audio"", ""dj""]",2025-08-14,124,beatmatch,Song Transition Rules,mix-0018
120,"[""audio"", ""dj""]",2025-08-14,124,beatmatch,Song Transition Rules,mix-0019
120,"[""audio"", ""dj""]",2025-08-14,124,beatmatch,Song Transition Rules,mix-0020
120,"[""audio"", ""dj""]",2025-08-14,124,beatmatch,Song Transition Rules,mix-0021
120,"[""audio"", ""dj""]",2025-08-14,124,beatmatch,Song Transition Rules,mix-0022
120,"[""audio"", ""dj""]",2025-08-14,124,beatmatch,Song Transition Rules,mix-0023
120,"[""audio"", ""dj""]",2025-08-14,124,beatmatch,Song Transition Rules,mix-0024
120,"[""audio"", ""dj""]",2025-08-14,124,beatmatch,Song Transition Rules,mix-0025
120,"[""audio"", ""dj""]",2025-08-14,124,beatmatch,Song Transition Rules,mix-0026
120,"[""audio"", ""dj""]",2025-08-14,124,beatmatch,Song Transition Rules,mix-0027
120,"[""audio"", ""dj""]",2025-08-14,124,beatmatch,Song Transition Rules,mix-0028
120,"[""audio"", ""dj""]",2025-08-14,124,beatmatch,Song Transition Rules,mix-0029
120,"[""audio"", ""dj""]",2025-08-14,124,beatmatch,Song Transition Rules,mix-0030
120,"[""audio"", ""dj""]",2025-08-14,124,beatmatch,Song Transition Rules,mix-0031
120,"[""audio"", ""dj""]",2025-08-14,124,beatmatch,Song Transition Rules,mix-0032
120,"[""audio"", ""dj""]",2025-08-14,124,beatmatch,Song Transition Rules,mix-0033
120,"[""audio"", ""dj""]",2025-08-14,124,beatmatch,Song Transition Rules,mix-0034
120,"[""audio"", ""dj""]",2025-08-14,124,beatmatch,Song Transition Rules,mix-0035
120,"[""audio"", ""dj""]",2025-08-14,124,beatmatch,Song Transition Rules,mix-0036
120,"[""audio"", ""dj""]",2025-08-14,124,beatmatch,Song Transition Rules,mix-0037
120,"[""audio"", ""dj""]",2025-08-14,124,beatmatch,Song Transition Rules,mix-0038
120,"[""audio"", ""dj""]",2025-08-14,124,beatmatch,Song Transition Rules,mix-0039
120,"[""audio"", ""dj""]",2025-08-14,124,beatmatch,Song Transition Rules,mix-0040
120,"[""audio"", ""dj""]",2025-08-14,124,beatmatch,Song Transition Rules,mix-0041
120,"[""audio"", ""dj""]",2025-08-14,124,beatmatch,Song Transition Rules,mix-0042
120,"[""audio"", ""dj""]",2025-08-14,124,beatmatch,Song Transition Rules,mix-0043
120,"[""audio"", ""dj""]",2025-08-14,124,beatmatch,Song Transition Rules,mix-0044
120,"[""audio"", ""dj""]",2025-08-14,124,beatmatch,Song Transition Rules,mix-0045
120,"[""audio"", ""dj""]",2025-08-14,124,beatmatch,Song Transition Rules,mix-0046
120,"[""audio"", ""dj""]",2025-08-14,124,beatmatch,Song Transition Rules,mix-0047
120,"[""audio"", ""dj""]",2025-08-14,124,beatmatch,Song Transition Rules,mix-0048
120,"[""audio"", ""dj""]",2025-08-14,124,beatmatch,Song Transition Rules,mix-0049
120,"[""audio"", ""dj""]",2025-08-14,124,beatmatch,Song Transition Rules,mix-0050
120,"[""audio"", ""dj""]",2025-08-14,124,beatmatch,Song Transition Rules,mix-0051
120,"[""audio"", ""dj""]",2025-08-14,124,beatmatch,Song Transition Rules,mix-0052
120,"[""audio"", ""dj""]",2025-08-14,124,beatmatch,Song Transition Rules,mix-0053
120,"[""audio"", ""dj""]",2025-08-14,124,beatmatch,Song Transition Rules,mix-0054
120,"[""audio"", ""dj""]",2025-08-14,124,beatmatch,Song Transition Rules,mix-0055
120,"[""audio"", ""dj""]",2025-08-14,124,beatmatch,Song Transition Rules,mix-0056
120,"[""audio"", ""dj""]",2025-08-14,124,beatmatch,Song Transition Rules,mix-0057
120,"[""audio"", ""dj""]",2025-08-14,124,beatmatch,Song Transition Rules,mix-0058
120,"[""audio"", ""dj""]",2025-08-14,124,beatmatch,Song Transition Rules,mix-0059
120,"[""audio"", ""dj""]",2025-08-14,124,beatmatch,Song Transition Rules,mix-0060
120,"[""audio"", ""dj""]",2025-08-14,124,beatmatch,Song Transition Rules,mix-0061
120,"[""audio"", ""dj""]",2025-08-14,124,beatmatch,Song Transition Rules,mix-0062
120,"[""audio"", ""dj""]",2025-08-14,124,beatmatch,Song Transition Rules,mix-0063
120,"[""audio"", ""dj""]",2025-08-14,124,beatmatch,Song Transition Rules,mix-0064
120,"[""audio"", ""dj""]",2025-08-14,124,beatmatch,Song Transition Rules,mix-0065
120,"[""audio"", ""dj""]",2025-08-14,124,beatmatch,Song Transition Rules,mix-0066
120,"[""audio"", ""dj""]",2025-08-14,124,beatmatch,Song Transition Rules,mix-0067
120,"[""audio"", ""dj""]",2025-08-14,124,beatmatch,Song Transition Rules,mix-0068
120,"[""audio"", ""dj""]",2025-08-14,124,beatmatch,Song Transition Rules,mix-0069
120,"[""audio"", ""dj""]",2025-08-14,124,beatmatch,Song Transition Rules,mix-0070
120,"[""audio"", ""dj""]",2025-08-14,124,beatmatch,Song Transition Rules,mix-0071
120,"[""audio"", ""dj""]",2025-08-14,124,beatmatch,Song Transition Rules,mix-0072
120,"[""audio"", ""dj""]",2025-08-14,124,beatmatch,Song Transition Rules,mix-0073
120,"[""audio"", ""dj""]",2025-08-14,124,beatmatch,Song Transition Rules,mix-0074
120,"[""audio"", ""dj""]",2025-08-14,124,beatmatch,Song Transition Rules,mix-0075
120,"[""audio"", ""dj""]",2025-08-14,124,beatmatch,Song Transition Rules,mix-0076
120,"[""audio"", ""dj""]",2025-08-14,124,beatmatch,Song Transition Rules,mix-0077
120,"[""audio"", ""dj""]",2025-08-14,124,beatmatch,Song Transition Rules,mix-0078
120,"[""audio"", ""dj""]",2025-08-14,124,beatmatch,Song Transition Rules,mix-0079
120,"[""audio"", ""dj""]",2025-08-14,124,beatmatch,Song Transition Rules,mix-0080
120,"[""audio"", ""dj""]",2025-08-14,124,beatmatch,Song Transition Rules,mix-0081
120,"[""audio"", ""dj""]",2025-08-14,124,beatmatch,Song Transition Rules,mix-0082
120,"[""audio"", ""dj""]",2025-08-14,124,beatmatch,Song Transition Rules,mix-0083
120,"[""audio"", ""dj""]",2025-08-14,124,beatmatch,Song Transition Rules,mix-0084
120,"[""audio"", ""dj""]",2025-08-14,124,beatmatch,Song Transition Rules,mix-0085
120,"[""audio"", ""dj""]",2025-08-14,124,beatmatch,Song Transition Rules,mix-0086
120,"[""audio"", ""dj""]",2025-08-14,124,beatmatch,Song Transition Rules,mix-0087
120,"[""audio"", ""dj""]",2025-08-14,124,beatmatch,Song Transition Rules,mix-0088
120,"[""audio"", ""dj""]",2025-08-14,124,beatmatch,Song Transition Rules,mix-0089
120,"[""audio"", ""dj""]",2025-08-14,124,beatmatch,Song Transition Rules,mix-0090
120,"[""audio"", ""dj""]",2025-08-14,124,beatmatch,Song Transition Rules,mix-0091
120,"[""audio"", ""dj""]",2025-08-14,124,beatmatch,Song Transition Rules,mix-0092
120,"[""audio"", ""dj""]",2025-08-14,124,beatmatch,Song Transition Rules,mix-0093
120,"[""audio"", ""dj""]",2025-08-14,124,beatmatch,Song Transition Rules,mix-0094
120,"[""audio"", ""dj""]",2025-08-14,124,beatmatch,Song Transition Rules,mix-0095
120,"[""audio"", ""dj""]",2025-08-14,124,beatmatch,Song Transition Rules,mix-0096
120,"[""audio"", ""dj""]",2025-08-14,124,beatmatch,Song Transition Rules,mix-0097
120,"[""audio"", ""dj""]",2025-08-14,124,beatmatch,Song Transition Rules,mix-0098
120,"[""audio"", ""dj""]",2025-08-14,124,beatmatch,Song Transition Rules,mix-0099
120,"[""audio"", ""dj""]",2025-08-14,124,beatmatch,Song Transition Rules,mix-0100
120,"[""audio"", ""dj""]",2025-08-14,124,beatmatch,Song Transition Rules,mix-0101
120,"[""audio"", ""dj""]",2025-08-14,124,beatmatch,Song Transition Rules,mix-0102
120,"[""audio"", ""dj""]",2025-08-14,124,beatmatch,Song Transition Rules,mix-0103
120,"[""audio"", ""dj""]",2025-08-14,124,beatmatch,Song Transition Rules,mix-0104
120,"[""audio"", ""dj""]",2025-08-14,124,beatmatch,Song Transition Rules,mix-0105
120,"[""audio"", ""dj""]",2025-08-14,124,beatmatch,Song Transition Rules,mix-0106
120,"[""audio"", ""dj""]",2025-08-14,124,beatmatch,Song Transition Rules,mix-0107
120,"[""audio"", ""dj""]",2025-08-14,124,beatmatch,Song Transition Rules,mix-0108
120,"[""audio"", ""dj""]",2025-08-14,124,beatmatch,Song Transition Rules,mix-0109
120,"[""audio"", ""dj""]",2025-08-14,124,beatmatch,Song Transition Rules,mix-0110
120,"[""audio"", ""dj""]",2025-08-14,124,beatmatch,Song Transition Rules,mix-0111
120,"[""audio"", ""dj""]",2025-08-14,124,beatmatch,Song Transition Rules,mix-0112
120,"[""audio"", ""dj""]",2025-08-14,124,beatmatch,Song Transition Rules,mix-0113
120,"[""audio"", ""dj""]",2025-08-14,124,beatmatch,Song Transition Rules,mix-0114
120,"[""audio"", ""dj""]",2025-08-14,124,beatmatch,Song Transition Rules,mix-0115
120,"[""audio"", ""dj""]",2025-08-14,124,beatmatch,Song Transition Rules,mix-0116
120,"[""audio"", ""dj""]",2025-08-14,124,beatmatch,Song Transition Rules,mix-0117
120,"[""audio"", ""dj""]",2025-08-14,124,beatmatch,Song Transition Rules,mix-0118
120,"[""audio"", ""dj""]",2025-08-14,124,beatmatch,Song Transition Rules,mix-0119
120,"[""audio"", ""dj""]",2025-08-14,124,beatmatch,Song Transition Rules,mix-0120
120,"[""audio"", ""dj""]",2025-08-14,124,beatmatch,Song Transition Rules,mix-0121
120,"[""audio"", ""dj""]",2025-08-14,124,beatmatch,Song Transition Rules,mix-0122
120,"[""audio"", ""dj""]",2025-08-14,124,beatmatch,Song Transition Rules,mix-0123
120,"[""audio"", ""dj""]",2025-08-14,124,beatmatch,Song Transition Rules,mix-0124
120,"[""audio"", ""dj""]",2025-08-14,124,beatmatch,Song Transition Rules,mix-0125
120,"[""audio"", ""dj""]",2025-08-14,124,beatmatch,Song Transition Rules,mix-0126
120,"[""audio"", ""dj""]",2025-08-14,124,beatmatch,Song Transition Rules,mix-0127
120,"[""audio"", ""dj""]",2025-08-14,124,beatmatch,Song Transition Rules,mix-0128
120,"[""audio"", ""dj""]",2025-08-14,124,beatmatch,Song Transition Rules,mix-0129
120,"[""audio"", ""dj""]",2025-08-14,124,beatmatch,Song Transition Rules,mix-0130
120,"[""audio"", ""dj""]",2025-08-14,124,beatmatch,Song Transition Rules,mix-0131
120,"[""audio"", ""dj""]",2025-08-14,124,beatmatch,Song Transition Rules,mix-0132
120,"[""audio"", ""dj""]",2025-08-14,124,beatmatch,Song Transition Rules,mix-0133
120,"[""audio"", ""dj""]",2025-08-14,124,beatmatch,Song Transition Rules,mix-0134
120,"[""audio"", ""dj""]",2025-08-14,124,beatmatch,Song Transition Rules,mix-0135
120,"[""audio"", ""dj""]",2025-08-14,124,beatmatch,Song Transition Rules,mix-0136
120,"[""audio"", ""dj""]",2025-08-14,124,beatmatch,Song Transition Rules,mix-0137
120,"[""audio"", ""dj""]",2025-08-14,124,beatmatch,Song Transition Rules,mix-0138
120,"[""audio"", ""dj""]",2025-08-14,124,beatmatch,Song Transition Rules,mix-0139
120,"[""audio"", ""dj""]",2025-08-14,124,beatmatch,Song Transition Rules,mix-0140
120,"[""audio"", ""dj""]",2025-08-14,124,beatmatch,Song Transition Rules,mix-0141
120,"[""audio"", ""dj""]",2025-08-14,124,beatmatch,Song Transition Rules,mix-0142
120,"[""audio"", ""dj""]",2025-08-14,124,beatmatch,Song Transition Rules,mix-0143
120,"[""audio"", ""dj""]",2025-08-14,124,beatmatch,Song Transition Rules,mix-0144
120,"[""audio"", ""dj""]",2025-08-14,124,beatmatch,Song Transition Rules,mix-0145
120,"[""audio"", ""dj""]",2025-08-14,124,beatmatch,Song Transition Rules,mix-0146
120,"[""audio"", ""dj""]",2025-08-14,124,beatmatch,Song Transition Rules,mix-0147
120,"[""audio"", ""dj""]",2025-08-14,124,beatmatch,Song Transition Rules,mix-0148
120,"[""audio"", ""dj""]",2025-08-14,124,beatmatch,Song Transition Rules,mix-0149
120,"[""audio"", ""dj""]",2025-08-14,124,beatmatch,Song Transition Rules,mix-0150
120,"[""audio"", ""dj""]",2025-08-14,124,beatmatch,Song Transition Rules,mix-0151
120,"[""audio"", ""dj""]",2025-08-14,124,beatmatch,Song Transition Rules,mix-0152
120,"[""audio"", ""dj""]",2025-08-14,124,beatmatch,Song Transition Rules,mix-0153
120,"[""audio"", ""dj""]",2025-08-14,124,beatmatch,Song Transition Rules,mix-0154
120,"[""audio"", ""dj""]",2025-08-14,124,beatmatch,Song Transition Rules,mix-0155
120,"[""audio"", ""dj""]",2025-08-14,124,beatmatch,Song Transition Rules,mix-0156
120,"[""audio"", ""dj""]",2025-08-14,124,beatmatch,Song Transition Rules,mix-0157
120,"[""audio"", ""dj""]",2025-08-14,124,beatmatch,Song Transition Rules,mix-0158
120,"[""audio"", ""dj""]",2025-08-14,124,beatmatch,Song Transition Rules,mix-0159
120,"[""audio"", ""dj""]",2025-08-14,124,beatmatch,Song Transition Rules,mix-0160
120,"[""audio"", ""dj""]",2025-08-14,124,beatmatch,Song Transition Rules,mix-0161
120,"[""audio"", ""dj""]",2025-08-14,124,beatmatch,Song Transition Rules,mix-0162
120,"[""audio"", ""dj""]",2025-08-14,124,beatmatch,Song Transition Rules,mix-0163
120,"[""audio"", ""dj""]",2025-08-14,124,beatmatch,Song Transition Rules,mix-0164
120,"[""audio"", ""dj""]",2025-08-14,124,beatmatch,Song Transition Rules,mix-0165
120,"[""audio"", ""dj""]",2025-08-14,124,beatmatch,Song Transition Rules,mix-0166
120,"[""audio"", ""dj""]",2025-08-14,124,beatmatch,Song Transition Rules,mix-0167
120,"[""audio"", ""dj""]",2025-08-14,124,beatmatch,Song Transition Rules,mix-0168
120,"[""audio"", ""dj""]",2025-08-14,124,beatmatch,Song Transition Rules,mix-0169
120,"[""audio"", ""dj""]",2025-08-14,124,beatmatch,Song Transition Rules,mix-0170
120,"[""audio"", ""dj""]",2025-08-14,124,beatmatch,Song Transition Rules,mix-0171
120,"[""audio"", ""dj""]",2025-08-14,124,beatmatch,Song Transition Rules,mix-0172
120,"[""audio"", ""dj""]",2025-08-14,124,beatmatch,Song Transition Rules,mix-0173
120,"[""audio"", ""dj""]",2025-08-14,124,beatmatch,Song Transition Rules,mix-0174
120,"[""audio"", ""dj""]",2025-08-14,124,beatmatch,Song Transition Rules,mix-0175
120,"[""audio"", ""dj""]",2025-08-14,124,beatmatch,Song Transition Rules,mix-0176
120,"[""audio"", ""dj""]",2025-08-14,124,beatmatch,Song Transition Rules,mix-0177
120,"[""audio"", ""dj""]",2025-08-14,124,beatmatch,Song Transition Rules,mix-0178
120,"[""audio"", ""dj""]",2025-08-14,124,beatmatch,Song Transition Rules,mix-0179
120,"[""audio"", ""dj""]",2025-08-14,124,beatmatch,Song Transition Rules,mix-0180
120,"[""audio"", ""dj""]",2025-08-14,124,beatmatch,Song Transition Rules,mix-0181
120,"[""audio"", ""dj""]",2025-08-14,124,beatmatch,Song Transition Rules,mix-0182
120,"[""audio"", ""dj""]",2025-08-14,124,beatmatch,Song Transition Rules,mix-0183
120,"[""audio"", ""dj""]",2025-08-14,124,beatmatch,Song Transition Rules,mix-0184
120,"[""audio"", ""dj""]",2025-08-14,124,beatmatch,Song Transition Rules,mix-0185
120,"[""audio"", ""dj""]",2025-08-14,124,beatmatch,Song Transition Rules,mix-0186
120,"[""audio"", ""dj""]",2025-08-14,124,beatmatch,Song Transition Rules,mix-0187
120,"[""audio"", ""dj""]",2025-08-14,124,beatmatch,Song Transition Rules,mix-0188
120,"[""audio"", ""dj""]",2025-08-14,124,beatmatch,Song Transition Rules,mix-0189
120,"[""audio"", ""dj""]",2025-08-14,124,beatmatch,Song Transition Rules,mix-0190
120,"[""audio"", ""dj""]",2025-08-14,124,beatmatch,Song Transition Rules,mix-0191
120,"[""audio"", ""dj""]",2025-08-14,124,beatmatch,Song Transition Rules,mix-0192
120,"[""audio"", ""dj""]",2025-08-14,124,beatmatch,Song Transition Rules,mix-0193
120,"[""audio"", ""dj""]",2025-08-14,124,beatmatch,Song Transition Rules,mix-0194
120,"[""audio"", ""dj""]",2025-08-14,124,beatmatch,Song Transition Rules,mix-0195
120,"[""audio"", ""dj""]",2025-08-14,124,beatmatch,Song Transition Rules,mix-0196
120,"[""audio"", ""dj""]",2025-08-14,124,beatmatch,Song Transition Rules,mix-0197
120,"[""audio"", ""dj""]",2025-08-14,124,beatmatch,Song Transition Rules,mix-0198
120,"[""audio"", ""dj""]",2025-08-14,124,beatmatch,Song Transition Rules,mix-0199
120,"[""audio"", ""dj""]",2025-08-14,124,beatmatch,Song Transition Rules,mix-0200
120,"[""audio"", ""dj""]",2025-08-14,124,beatmatch,Song Transition Rules,mix-0201
120,"[""audio"", ""dj""]",2025-08-14,124,beatmatch,Song Transition Rules,mix-0202
120,"[""audio"", ""dj""]",2025-08-14,124,beatmatch,Song Transition Rules,mix-0203
120,"[""audio"", ""dj""]",2025-08-14,124,beatmatch,Song Transition Rules,mix-0204
120,"[""audio"", ""dj""]",2025-08-14,124,beatmatch,Song Transition Rules,mix-0205
120,"[""audio"", ""dj""]",2025-08-14,124,beatmatch,Song Transition Rules,mix-0206
120,"[""audio"", ""dj""]",2025-08-14,124,beatmatch,Song Transition Rules,mix-0207
120,"[""audio"", ""dj""]",2025-08-14,124,beatmatch,Song Transition Rules,mix-0208
120,"[""audio"", ""dj""]",2025-08-14,124,beatmatch,Song Transition Rules,mix-0209
120,"[""audio"", ""dj""]",2025-08-14,124,beatmatch,Song Transition Rules,mix-0210
120,"[""audio"", ""dj""]",2025-08-14,124,beatmatch,Song Transition Rules,mix-0211
120,"[""audio"", ""dj""]",2025-08-14,124,beatmatch,Song Transition Rules,mix-0212
120,"[""audio"", ""dj""]",2025-08-14,124,beatmatch,Song Transition Rules,mix-0213
120,"[""audio"", ""dj""]",2025-08-14,124,beatmatch,Song Transition Rules,mix-0214
120,"[""audio"", ""dj""]",2025-08-14,124,beatmatch,Song Transition Rules,mix-0215
120,"[""audio"", ""dj""]",2025-08-14,124,beatmatch,Song Transition Rules,mix-0216
120,"[""audio"", ""dj""]",2025-08-14,124,beatmatch,Song Transition Rules,mix-0217
120,"[""audio"", ""dj""]",2025-08-14,124,beatmatch,Song Transition Rules,mix-0218
120,"[""audio"", ""dj""]",2025-08-14,124,beatmatch,Song Transition Rules,mix-0219
120,"[""audio"", ""dj""]",2025-08-14,124,beatmatch,Song Transition Rules,mix-0220
