tags,last_updated,tier,lead,follow_ups,category,id,tier_description,pitch_script
"[""tiers"", ""leads""]",2025-08-14,Silver,"{""company"": ""Local Credit Union"", ""contact"": {""name"": ""Alex"", ""email"": ""partner@example.com""}}","[{""days"": 3, ""message"": ""Following up""}]",Sponsorship,spon-0001,"{""price_usd"": 200, ""benefits"": [""Logo on flyer"", ""Social shoutout""]}","Hi {first_name}, we'd love to include you as a sponsor."
"[""tiers"", ""leads""]",2025-08-14,Bronze,"{""company"": ""Local Credit Union"", ""contact"": {""name"": ""Alex"", ""email"": ""partner@example.com""}}","[{""days"": 3, ""message"": ""Following up""}]",Sponsorship,spon-0002,"{""price_usd"": 200, ""benefits"": [""Logo on flyer"", ""On-air mentions""]}","Hi {first_name}, we'd love to include you as a sponsor."
"[""tiers"", ""leads""]",2025-08-14,Gold,"{""company"": ""Local Credit Union"", ""contact"": {""name"": ""Alex"", ""email"": ""partner@example.com""}}","[{""days"": 3, ""message"": ""Following up""}]",Sponsorship,spon-0003,"{""price_usd"": 100, ""benefits"": [""Logo on flyer"", ""Website logo""]}","Hi {first_name}, we'd love to include you as a sponsor."
"[""tiers"", ""leads""]",2025-08-14,Silver,"{""company"": ""Auto Parts Store"", ""contact"": {""name"": ""Alex"", ""email"": ""partner@example.com""}}","[{""days"": 3, ""message"": ""Following up""}]",Sponsorship,spon-0004,"{""price_usd"": 250, ""benefits"": [""Social shoutout"", ""Website logo""]}","Hi {first_name}, we'd love to include you as a sponsor."
"[""tiers"", ""leads""]",2025-08-14,Bronze,"{""company"": ""Local Credit Union"", ""contact"": {""name"": ""Alex"", ""email"": ""partner@example.com""}}","[{""days"": 3, ""message"": ""Following up""}]",Sponsorship,spon-0005,"{""price_usd"": 100, ""benefits"": [""Social shoutout"", ""Logo on flyer""]}","Hi {first_name}, we'd love to include you as a sponsor."
"[""tiers"", ""leads""]",2025-08-14,Gold,"{""company"": ""Local Credit Union"", ""contact"": {""name"": ""Alex"", ""email"": ""partner@example.com""}}","[{""days"": 3, ""message"": ""Following up""}]",Sponsorship,spon-0006,"{""price_usd"": 250, ""benefits"": [""Social shoutout"", ""Logo on flyer""]}","Hi {first_name}, we'd love to include you as a sponsor."
"[""tiers"", ""leads""]",2025-08-14,Silver,"{""company"": ""Local Credit Union"", ""contact"": {""name"": ""Alex"", ""email"": ""partner@example.com""}}","[{""days"": 3, ""message"": ""Following up""}]",Sponsorship,spon-0007,"{""price_usd"": 100, ""benefits"": [""Logo on flyer"", ""Social shoutout""]}","Hi {first_name}, we'd love to include you as a sponsor."
"[""tiers"", ""leads""]",2025-08-14,Platinum,"{""company"": ""Local Credit Union"", ""contact"": {""name"": ""Alex"", ""email"": ""partner@example.com""}}","[{""days"": 3, ""message"": ""Following up""}]",Sponsorship,spon-0008,"{""price_usd"": 250, ""benefits"": [""Social shoutout"", ""Logo on flyer""]}","Hi {first_name}, we'd love to include you as a sponsor."
"[""tiers"", ""leads""]",2025-08-14,Gold,"{""company"": ""Local Credit Union"", ""contact"": {""name"": ""Alex"", ""email"": ""partner@example.com""}}","[{""days"": 3, ""message"": ""Following up""}]",Sponsorship,spon-0009,"{""price_usd"": 200, ""benefits"": [""Social shoutout"", ""Website logo""]}","Hi {first_name}, we'd love to include you as a sponsor."
"[""tiers"", ""leads""]",2025-08-14,Silver,"{""company"": ""Local Credit Union"", ""contact"": {""name"": ""Alex"", ""email"": ""partner@example.com""}}","[{""days"": 3, ""message"": ""Following up""}]",Sponsorship,spon-0010,"{""price_usd"": 150, ""benefits"": [""Social shoutout"", ""Logo on flyer""]}","Hi {first_name}, we'd love to include you as a sponsor."
"[""tiers"", ""leads""]",2025-08-14,Gold,"{""company"": ""Local Credit Union"", ""contact"": {""name"": ""Alex"", ""email"": ""partner@example.com""}}","[{""days"": 3, ""message"": ""Following up""}]",Sponsorship,spon-0011,"{""price_usd"": 150, ""benefits"": [""Social shoutout"", ""Logo on flyer""]}","Hi {first_name}, we'd love to include you as a sponsor."
"[""tiers"", ""leads""]",2025-08-14,Gold,"{""company"": ""Auto Parts Store"", ""contact"": {""name"": ""Alex"", ""email"": ""partner@example.com""}}","[{""days"": 3, ""message"": ""Following up""}]",Sponsorship,spon-0012,"{""price_usd"": 100, ""benefits"": [""Logo on flyer"", ""On-air mentions""]}","Hi {first_name}, we'd love to include you as a sponsor."
"[""tiers"", ""leads""]",2025-08-14,Bronze,"{""company"": ""Auto Parts Store"", ""contact"": {""name"": ""Alex"", ""email"": ""partner@example.com""}}","[{""days"": 3, ""message"": ""Following up""}]",Sponsorship,spon-0013,"{""price_usd"": 100, ""benefits"": [""On-air mentions"", ""Website logo""]}","Hi {first_name}, we'd love to include you as a sponsor."
"[""tiers"", ""leads""]",2025-08-14,Gold,"{""company"": ""Auto Parts Store"", ""contact"": {""name"": ""Alex"", ""email"": ""partner@example.com""}}","[{""days"": 3, ""message"": ""Following up""}]",Sponsorship,spon-0014,"{""price_usd"": 200, ""benefits"": [""Website logo"", ""Logo on flyer""]}","Hi {first_name}, we'd love to include you as a sponsor."
"[""tiers"", ""leads""]",2025-08-14,Gold,"{""company"": ""Local Credit Union"", ""contact"": {""name"": ""Alex"", ""email"": ""partner@example.com""}}","[{""days"": 3, ""message"": ""Following up""}]",Sponsorship,spon-0015,"{""price_usd"": 200, ""benefits"": [""Website logo"", ""Social shoutout""]}","Hi {first_name}, we'd love to include you as a sponsor."
"[""tiers"", ""leads""]",2025-08-14,Silver,"{""company"": ""Local Credit Union"", ""contact"": {""name"": ""Alex"", ""email"": ""partner@example.com""}}","[{""days"": 3, ""message"": ""Following up""}]",Sponsorship,spon-0016,"{""price_usd"": 200, ""benefits"": [""Social shoutout"", ""Website logo""]}","Hi {first_name}, we'd love to include you as a sponsor."
"[""tiers"", ""leads""]",2025-08-14,Silver,"{""company"": ""Local Credit Union"", ""contact"": {""name"": ""Alex"", ""email"": ""partner@example.com""}}","[{""days"": 3, ""message"": ""Following up""}]",Sponsorship,spon-0017,"{""price_usd"": 150, ""benefits"": [""Logo on flyer"", ""On-air mentions""]}","Hi {first_name}, we'd love to include you as a sponsor."
"[""tiers"", ""leads""]",2025-08-14,Bronze,"{""company"": ""Local Credit Union"", ""contact"": {""name"": ""Alex"", ""email"": ""partner@example.com""}}","[{""days"": 3, ""message"": ""Following up""}]",Sponsorship,spon-0018,"{""price_usd"": 150, ""benefits"": [""On-air mentions"", ""Social shoutout""]}","Hi {first_name}, we'd love to include you as a sponsor."
"[""tiers"", ""leads""]",2025-08-14,Silver,"{""company"": ""Auto Parts Store"", ""contact"": {""name"": ""Alex"", ""email"": ""partner@example.com""}}","[{""days"": 3, ""message"": ""Following up""}]",Sponsorship,spon-0019,"{""price_usd"": 200, ""benefits"": [""Social shoutout"", ""On-air mentions""]}","Hi {first_name}, we'd love to include you as a sponsor."
"[""tiers"", ""leads""]",2025-08-14,Gold,"{""company"": ""Local Credit Union"", ""contact"": {""name"": ""Alex"", ""email"": ""partner@example.com""}}","[{""days"": 3, ""message"": ""Following up""}]",Sponsorship,spon-0020,"{""price_usd"": 200, ""benefits"": [""Social shoutout"", ""Website logo""]}","Hi {first_name}, we'd love to include you as a sponsor."
"[""tiers"", ""leads""]",2025-08-14,Bronze,"{""company"": ""Auto Parts Store"", ""contact"": {""name"": ""Alex"", ""email"": ""partner@example.com""}}","[{""days"": 3, ""message"": ""Following up""}]",Sponsorship,spon-0021,"{""price_usd"": 100, ""benefits"": [""Social shoutout"", ""On-air mentions""]}","Hi {first_name}, we'd love to include you as a sponsor."
"[""tiers"", ""leads""]",2025-08-14,Platinum,"{""company"": ""Local Credit Union"", ""contact"": {""name"": ""Alex"", ""email"": ""partner@example.com""}}","[{""days"": 3, ""message"": ""Following up""}]",Sponsorship,spon-0022,"{""price_usd"": 100, ""benefits"": [""On-air mentions"", ""Website logo""]}","Hi {first_name}, we'd love to include you as a sponsor."
"[""tiers"", ""leads""]",2025-08-14,Gold,"{""company"": ""Auto Parts Store"", ""contact"": {""name"": ""Alex"", ""email"": ""partner@example.com""}}","[{""days"": 3, ""message"": ""Following up""}]",Sponsorship,spon-0023,"{""price_usd"": 150, ""benefits"": [""Social shoutout"", ""Logo on flyer""]}","Hi {first_name}, we'd love to include you as a sponsor."
"[""tiers"", ""leads""]",2025-08-14,Gold,"{""company"": ""Local Credit Union"", ""contact"": {""name"": ""Alex"", ""email"": ""partner@example.com""}}","[{""days"": 3, ""message"": ""Following up""}]",Sponsorship,spon-0024,"{""price_usd"": 150, ""benefits"": [""Logo on flyer"", ""Social shoutout""]}","Hi {first_name}, we'd love to include you as a sponsor."
"[""tiers"", ""leads""]",2025-08-14,Bronze,"{""company"": ""Local Credit Union"", ""contact"": {""name"": ""Alex"", ""email"": ""partner@example.com""}}","[{""days"": 3, ""message"": ""Following up""}]",Sponsorship,spon-0025,"{""price_usd"": 200, ""benefits"": [""Website logo"", ""Social shoutout""]}","Hi {first_name}, we'd love to include you as a sponsor."
"[""tiers"", ""leads""]",2025-08-14,Bronze,"{""company"": ""Auto Parts Store"", ""contact"": {""name"": ""Alex"", ""email"": ""partner@example.com""}}","[{""days"": 3, ""message"": ""Following up""}]",Sponsorship,spon-0026,"{""price_usd"": 150, ""benefits"": [""On-air mentions"", ""Social shoutout""]}","Hi {first_name}, we'd love to include you as a sponsor."
"[""tiers"", ""leads""]",2025-08-14,Platinum,"{""company"": ""Local Credit Union"", ""contact"": {""name"": ""Alex"", ""email"": ""partner@example.com""}}","[{""days"": 3, ""message"": ""Following up""}]",Sponsorship,spon-0027,"{""price_usd"": 250, ""benefits"": [""Website logo"", ""On-air mentions""]}","Hi {first_name}, we'd love to include you as a sponsor."
"[""tiers"", ""leads""]",2025-08-14,Platinum,"{""company"": ""Local Credit Union"", ""contact"": {""name"": ""Alex"", ""email"": ""partner@example.com""}}","[{""days"": 3, ""message"": ""Following up""}]",Sponsorship,spon-0028,"{""price_usd"": 150, ""benefits"": [""Social shoutout"", ""Logo on flyer""]}","Hi {first_name}, we'd love to include you as a sponsor."
"[""tiers"", ""leads""]",2025-08-14,Silver,"{""company"": ""Local Credit Union"", ""contact"": {""name"": ""Alex"", ""email"": ""partner@example.com""}}","[{""days"": 3, ""message"": ""Following up""}]",Sponsorship,spon-0029,"{""price_usd"": 200, ""benefits"": [""Social shoutout"", ""Website logo""]}","Hi {first_name}, we'd love to include you as a sponsor."
"[""tiers"", ""leads""]",2025-08-14,Gold,"{""company"": ""Auto Parts Store"", ""contact"": {""name"": ""Alex"", ""email"": ""partner@example.com""}}","[{""days"": 3, ""message"": ""Following up""}]",Sponsorship,spon-0030,"{""price_usd"": 200, ""benefits"": [""Social shoutout"", ""On-air mentions""]}","Hi {first_name}, we'd love to include you as a sponsor."
"[""tiers"", ""leads""]",2025-08-14,Gold,"{""company"": ""Local Credit Union"", ""contact"": {""name"": ""Alex"", ""email"": ""partner@example.com""}}","[{""days"": 3, ""message"": ""Following up""}]",Sponsorship,spon-0031,"{""price_usd"": 100, ""benefits"": [""On-air mentions"", ""Social shoutout""]}","Hi {first_name}, we'd love to include you as a sponsor."
"[""tiers"", ""leads""]",2025-08-14,Platinum,"{""company"": ""Auto Parts Store"", ""contact"": {""name"": ""Alex"", ""email"": ""partner@example.com""}}","[{""days"": 3, ""message"": ""Following up""}]",Sponsorship,spon-0032,"{""price_usd"": 150, ""benefits"": [""On-air mentions"", ""Logo on flyer""]}","Hi {first_name}, we'd love to include you as a sponsor."
"[""tiers"", ""leads""]",2025-08-14,Gold,"{""company"": ""Local Credit Union"", ""contact"": {""name"": ""Alex"", ""email"": ""partner@example.com""}}","[{""days"": 3, ""message"": ""Following up""}]",Sponsorship,spon-0033,"{""price_usd"": 200, ""benefits"": [""Logo on flyer"", ""On-air mentions""]}","Hi {first_name}, we'd love to include you as a sponsor."
"[""tiers"", ""leads""]",2025-08-14,Gold,"{""company"": ""Auto Parts Store"", ""contact"": {""name"": ""Alex"", ""email"": ""partner@example.com""}}","[{""days"": 3, ""message"": ""Following up""}]",Sponsorship,spon-0034,"{""price_usd"": 200, ""benefits"": [""Website logo"", ""Social shoutout""]}","Hi {first_name}, we'd love to include you as a sponsor."
"[""tiers"", ""leads""]",2025-08-14,Silver,"{""company"": ""Local Credit Union"", ""contact"": {""name"": ""Alex"", ""email"": ""partner@example.com""}}","[{""days"": 3, ""message"": ""Following up""}]",Sponsorship,spon-0035,"{""price_usd"": 200, ""benefits"": [""On-air mentions"", ""Social shoutout""]}","Hi {first_name}, we'd love to include you as a sponsor."
"[""tiers"", ""leads""]",2025-08-14,Gold,"{""company"": ""Local Credit Union"", ""contact"": {""name"": ""Alex"", ""email"": ""partner@example.com""}}","[{""days"": 3, ""message"": ""Following up""}]",Sponsorship,spon-0036,"{""price_usd"": 150, ""benefits"": [""Logo on flyer"", ""On-air mentions""]}","Hi {first_name}, we'd love to include you as a sponsor."
"[""tiers"", ""leads""]",2025-08-14,Silver,"{""company"": ""Local Credit Union"", ""contact"": {""name"": ""Alex"", ""email"": ""partner@example.com""}}","[{""days"": 3, ""message"": ""Following up""}]",Sponsorship,spon-0037,"{""price_usd"": 200, ""benefits"": [""Social shoutout"", ""On-air mentions""]}","Hi {first_name}, we'd love to include you as a sponsor."
"[""tiers"", ""leads""]",2025-08-14,Gold,"{""company"": ""Local Credit Union"", ""contact"": {""name"": ""Alex"", ""email"": ""partner@example.com""}}","[{""days"": 3, ""message"": ""Following up""}]",Sponsorship,spon-0038,"{""price_usd"": 200, ""benefits"": [""Website logo"", ""Logo on flyer""]}","Hi {first_name}, we'd love to include you as a sponsor."
"[""tiers"", ""leads""]",2025-08-14,Gold,"{""company"": ""Local Credit Union"", ""contact"": {""name"": ""Alex"", ""email"": ""partner@example.com""}}","[{""days"": 3, ""message"": ""Following up""}]",Sponsorship,spon-0039,"{""price_usd"": 200, ""benefits"": [""On-air mentions"", ""Social shoutout""]}","Hi {first_name}, we'd love to include you as a sponsor."
"[""tiers"", ""leads""]",2025-08-14,Bronze,"{""company"": ""Local Credit Union"", ""contact"": {""name"": ""Alex"", ""email"": ""partner@example.com""}}","[{""days"": 3, ""message"": ""Following up""}]",Sponsorship,spon-0040,"{""price_usd"": 250, ""benefits"": [""Website logo"", ""On-air mentions""]}","Hi {first_name}, we'd love to include you as a sponsor."
"[""tiers"", ""leads""]",2025-08-14,Gold,"{""company"": ""Auto Parts Store"", ""contact"": {""name"": ""Alex"", ""email"": ""partner@example.com""}}","[{""days"": 3, ""message"": ""Following up""}]",Sponsorship,spon-0041,"{""price_usd"": 100, ""benefits"": [""On-air mentions"", ""Logo on flyer""]}","Hi {first_name}, we'd love to include you as a sponsor."
"[""tiers"", ""leads""]",2025-08-14,Platinum,"{""company"": ""Auto Parts Store"", ""contact"": {""name"": ""Alex"", ""email"": ""partner@example.com""}}","[{""days"": 3, ""message"": ""Following up""}]",Sponsorship,spon-0042,"{""price_usd"": 200, ""benefits"": [""On-air mentions"", ""Website logo""]}","Hi {first_name}, we'd love to include you as a sponsor."
"[""tiers"", ""leads""]",2025-08-14,Gold,"{""company"": ""Local Credit Union"", ""contact"": {""name"": ""Alex"", ""email"": ""partner@example.com""}}","[{""days"": 3, ""message"": ""Following up""}]",Sponsorship,spon-0043,"{""price_usd"": 150, ""benefits"": [""On-air mentions"", ""Website logo""]}","Hi {first_name}, we'd love to include you as a sponsor."
"[""tiers"", ""leads""]",2025-08-14,Platinum,"{""company"": ""Auto Parts Store"", ""contact"": {""name"": ""Alex"", ""email"": ""partner@example.com""}}","[{""days"": 3, ""message"": ""Following up""}]",Sponsorship,spon-0044,"{""price_usd"": 150, ""benefits"": [""Logo on flyer"", ""Website logo""]}","Hi {first_name}, we'd love to include you as a sponsor."
"[""tiers"", ""leads""]",2025-08-14,Silver,"{""company"": ""Local Credit Union"", ""contact"": {""name"": ""Alex"", ""email"": ""partner@example.com""}}","[{""days"": 3, ""message"": ""Following up""}]",Sponsorship,spon-0045,"{""price_usd"": 250, ""benefits"": [""Website logo"", ""On-air mentions""]}","Hi {first_name}, we'd love to include you as a sponsor."
"[""tiers"", ""leads""]",2025-08-14,Bronze,"{""company"": ""Local Credit Union"", ""contact"": {""name"": ""Alex"", ""email"": ""partner@example.com""}}","[{""days"": 3, ""message"": ""Following up""}]",Sponsorship,spon-0046,"{""price_usd"": 150, ""benefits"": [""On-air mentions"", ""Social shoutout""]}","Hi {first_name}, we'd love to include you as a sponsor."
"[""tiers"", ""leads""]",2025-08-14,Bronze,"{""company"": ""Local Credit Union"", ""contact"": {""name"": ""Alex"", ""email"": ""partner@example.com""}}","[{""days"": 3, ""message"": ""Following up""}]",Sponsorship,spon-0047,"{""price_usd"": 250, ""benefits"": [""Social shoutout"", ""Website logo""]}","Hi {first_name}, we'd love to include you as a sponsor."
"[""tiers"", ""leads""]",2025-08-14,Bronze,"{""company"": ""Local Credit Union"", ""contact"": {""name"": ""Alex"", ""email"": ""partner@example.com""}}","[{""days"": 3, ""message"": ""Following up""}]",Sponsorship,spon-0048,"{""price_usd"": 200, ""benefits"": [""Social shoutout"", ""Logo on flyer""]}","Hi {first_name}, we'd love to include you as a sponsor."
"[""tiers"", ""leads""]",2025-08-14,Platinum,"{""company"": ""Auto Parts Store"", ""contact"": {""name"": ""Alex"", ""email"": ""partner@example.com""}}","[{""days"": 3, ""message"": ""Following up""}]",Sponsorship,spon-0049,"{""price_usd"": 250, ""benefits"": [""On-air mentions"", ""Logo on flyer""]}","Hi {first_name}, we'd love to include you as a sponsor."
"[""tiers"", ""leads""]",2025-08-14,Silver,"{""company"": ""Local Credit Union"", ""contact"": {""name"": ""Alex"", ""email"": ""partner@example.com""}}","[{""days"": 3, ""message"": ""Following up""}]",Sponsorship,spon-0050,"{""price_usd"": 250, ""benefits"": [""Logo on flyer"", ""Social shoutout""]}","Hi {first_name}, we'd love to include you as a sponsor."
"[""tiers"", ""leads""]",2025-08-14,Silver,"{""company"": ""Auto Parts Store"", ""contact"": {""name"": ""Alex"", ""email"": ""partner@example.com""}}","[{""days"": 3, ""message"": ""Following up""}]",Sponsorship,spon-0051,"{""price_usd"": 250, ""benefits"": [""Logo on flyer"", ""On-air mentions""]}","Hi {first_name}, we'd love to include you as a sponsor."
"[""tiers"", ""leads""]",2025-08-14,Silver,"{""company"": ""Auto Parts Store"", ""contact"": {""name"": ""Alex"", ""email"": ""partner@example.com""}}","[{""days"": 3, ""message"": ""Following up""}]",Sponsorship,spon-0052,"{""price_usd"": 200, ""benefits"": [""Logo on flyer"", ""On-air mentions""]}","Hi {first_name}, we'd love to include you as a sponsor."
"[""tiers"", ""leads""]",2025-08-14,Silver,"{""company"": ""Auto Parts Store"", ""contact"": {""name"": ""Alex"", ""email"": ""partner@example.com""}}","[{""days"": 3, ""message"": ""Following up""}]",Sponsorship,spon-0053,"{""price_usd"": 250, ""benefits"": [""Logo on flyer"", ""Social shoutout""]}","Hi {first_name}, we'd love to include you as a sponsor."
"[""tiers"", ""leads""]",2025-08-14,Bronze,"{""company"": ""Local Credit Union"", ""contact"": {""name"": ""Alex"", ""email"": ""partner@example.com""}}","[{""days"": 3, ""message"": ""Following up""}]",Sponsorship,spon-0054,"{""price_usd"": 150, ""benefits"": [""Social shoutout"", ""On-air mentions""]}","Hi {first_name}, we'd love to include you as a sponsor."
"[""tiers"", ""leads""]",2025-08-14,Gold,"{""company"": ""Local Credit Union"", ""contact"": {""name"": ""Alex"", ""email"": ""partner@example.com""}}","[{""days"": 3, ""message"": ""Following up""}]",Sponsorship,spon-0055,"{""price_usd"": 150, ""benefits"": [""Logo on flyer"", ""Social shoutout""]}","Hi {first_name}, we'd love to include you as a sponsor."
"[""tiers"", ""leads""]",2025-08-14,Silver,"{""company"": ""Local Credit Union"", ""contact"": {""name"": ""Alex"", ""email"": ""partner@example.com""}}","[{""days"": 3, ""message"": ""Following up""}]",Sponsorship,spon-0056,"{""price_usd"": 150, ""benefits"": [""Website logo"", ""Social shoutout""]}","Hi {first_name}, we'd love to include you as a sponsor."
"[""tiers"", ""leads""]",2025-08-14,Platinum,"{""company"": ""Local Credit Union"", ""contact"": {""name"": ""Alex"", ""email"": ""partner@example.com""}}","[{""days"": 3, ""message"": ""Following up""}]",Sponsorship,spon-0057,"{""price_usd"": 250, ""benefits"": [""On-air mentions"", ""Social shoutout""]}","Hi {first_name}, we'd love to include you as a sponsor."
"[""tiers"", ""leads""]",2025-08-14,Silver,"{""company"": ""Local Credit Union"", ""contact"": {""name"": ""Alex"", ""email"": ""partner@example.com""}}","[{""days"": 3, ""message"": ""Following up""}]",Sponsorship,spon-0058,"{""price_usd"": 100, ""benefits"": [""Social shoutout"", ""On-air mentions""]}","Hi {first_name}, we'd love to include you as a sponsor."
"[""tiers"", ""leads""]",2025-08-14,Gold,"{""company"": ""Local Credit Union"", ""contact"": {""name"": ""Alex"", ""email"": ""partner@example.com""}}","[{""days"": 3, ""message"": ""Following up""}]",Sponsorship,spon-0059,"{""price_usd"": 100, ""benefits"": [""Social shoutout"", ""Logo on flyer""]}","Hi {first_name}, we'd love to include you as a sponsor."
"[""tiers"", ""leads""]",2025-08-14,Gold,"{""company"": ""Auto Parts Store"", ""contact"": {""name"": ""Alex"", ""email"": ""partner@example.com""}}","[{""days"": 3, ""message"": ""Following up""}]",Sponsorship,spon-0060,"{""price_usd"": 100, ""benefits"": [""Website logo"", ""Logo on flyer""]}","Hi {first_name}, we'd love to include you as a sponsor."
"[""tiers"", ""leads""]",2025-08-14,Bronze,"{""company"": ""Local Credit Union"", ""contact"": {""name"": ""Alex"", ""email"": ""partner@example.com""}}","[{""days"": 3, ""message"": ""Following up""}]",Sponsorship,spon-0061,"{""price_usd"": 100, ""benefits"": [""Website logo"", ""Social shoutout""]}","Hi {first_name}, we'd love to include you as a sponsor."
"[""tiers"", ""leads""]",2025-08-14,Silver,"{""company"": ""Local Credit Union"", ""contact"": {""name"": ""Alex"", ""email"": ""partner@example.com""}}","[{""days"": 3, ""message"": ""Following up""}]",Sponsorship,spon-0062,"{""price_usd"": 150, ""benefits"": [""On-air mentions"", ""Logo on flyer""]}","Hi {first_name}, we'd love to include you as a sponsor."
"[""tiers"", ""leads""]",2025-08-14,Bronze,"{""company"": ""Local Credit Union"", ""contact"": {""name"": ""Alex"", ""email"": ""partner@example.com""}}","[{""days"": 3, ""message"": ""Following up""}]",Sponsorship,spon-0063,"{""price_usd"": 200, ""benefits"": [""On-air mentions"", ""Social shoutout""]}","Hi {first_name}, we'd love to include you as a sponsor."
"[""tiers"", ""leads""]",2025-08-14,Platinum,"{""company"": ""Local Credit Union"", ""contact"": {""name"": ""Alex"", ""email"": ""partner@example.com""}}","[{""days"": 3, ""message"": ""Following up""}]",Sponsorship,spon-0064,"{""price_usd"": 150, ""benefits"": [""On-air mentions"", ""Website logo""]}","Hi {first_name}, we'd love to include you as a sponsor."
"[""tiers"", ""leads""]",2025-08-14,Bronze,"{""company"": ""Auto Parts Store"", ""contact"": {""name"": ""Alex"", ""email"": ""partner@example.com""}}","[{""days"": 3, ""message"": ""Following up""}]",Sponsorship,spon-0065,"{""price_usd"": 100, ""benefits"": [""On-air mentions"", ""Social shoutout""]}","Hi {first_name}, we'd love to include you as a sponsor."
"[""tiers"", ""leads""]",2025-08-14,Gold,"{""company"": ""Local Credit Union"", ""contact"": {""name"": ""Alex"", ""email"": ""partner@example.com""}}","[{""days"": 3, ""message"": ""Following up""}]",Sponsorship,spon-0066,"{""price_usd"": 100, ""benefits"": [""Logo on flyer"", ""Website logo""]}","Hi {first_name}, we'd love to include you as a sponsor."
"[""tiers"", ""leads""]",2025-08-14,Platinum,"{""company"": ""Local Credit Union"", ""contact"": {""name"": ""Alex"", ""email"": ""partner@example.com""}}","[{""days"": 3, ""message"": ""Following up""}]",Sponsorship,spon-0067,"{""price_usd"": 150, ""benefits"": [""Website logo"", ""Social shoutout""]}","Hi {first_name}, we'd love to include you as a sponsor."
"[""tiers"", ""leads""]",2025-08-14,Gold,"{""company"": ""Local Credit Union"", ""contact"": {""name"": ""Alex"", ""email"": ""partner@example.com""}}","[{""days"": 3, ""message"": ""Following up""}]",Sponsorship,spon-0068,"{""price_usd"": 200, ""benefits"": [""Website logo"", ""On-air mentions""]}","Hi {first_name}, we'd love to include you as a sponsor."
"[""tiers"", ""leads""]",2025-08-14,Silver,"{""company"": ""Local Credit Union"", ""contact"": {""name"": ""Alex"", ""email"": ""partner@example.com""}}","[{""days"": 3, ""message"": ""Following up""}]",Sponsorship,spon-0069,"{""price_usd"": 100, ""benefits"": [""On-air mentions"", ""Website logo""]}","Hi {first_name}, we'd love to include you as a sponsor."
"[""tiers"", ""leads""]",2025-08-14,Platinum,"{""company"": ""Local Credit Union"", ""contact"": {""name"": ""Alex"", ""email"": ""partner@example.com""}}","[{""days"": 3, ""message"": ""Following up""}]",Sponsorship,spon-0070,"{""price_usd"": 100, ""benefits"": [""Social shoutout"", ""Website logo""]}","Hi {first_name}, we'd love to include you as a sponsor."
"[""tiers"", ""leads""]",2025-08-14,Bronze,"{""company"": ""Local Credit Union"", ""contact"": {""name"": ""Alex"", ""email"": ""partner@example.com""}}","[{""days"": 3, ""message"": ""Following up""}]",Sponsorship,spon-0071,"{""price_usd"": 200, ""benefits"": [""Social shoutout"", ""On-air mentions""]}","Hi {first_name}, we'd love to include you as a sponsor."
"[""tiers"", ""leads""]",2025-08-14,Silver,"{""company"": ""Auto Parts Store"", ""contact"": {""name"": ""Alex"", ""email"": ""partner@example.com""}}","[{""days"": 3, ""message"": ""Following up""}]",Sponsorship,spon-0072,"{""price_usd"": 100, ""benefits"": [""Social shoutout"", ""On-air mentions""]}","Hi {first_name}, we'd love to include you as a sponsor."
"[""tiers"", ""leads""]",2025-08-14,Platinum,"{""company"": ""Local Credit Union"", ""contact"": {""name"": ""Alex"", ""email"": ""partner@example.com""}}","[{""days"": 3, ""message"": ""Following up""}]",Sponsorship,spon-0073,"{""price_usd"": 250, ""benefits"": [""Website logo"", ""Social shoutout""]}","Hi {first_name}, we'd love to include you as a sponsor."
"[""tiers"", ""leads""]",2025-08-14,Platinum,"{""company"": ""Local Credit Union"", ""contact"": {""name"": ""Alex"", ""email"": ""partner@example.com""}}","[{""days"": 3, ""message"": ""Following up""}]",Sponsorship,spon-0074,"{""price_usd"": 150, ""benefits"": [""Website logo"", ""Logo on flyer""]}","Hi {first_name}, we'd love to include you as a sponsor."
"[""tiers"", ""leads""]",2025-08-14,Bronze,"{""company"": ""Local Credit Union"", ""contact"": {""name"": ""Alex"", ""email"": ""partner@example.com""}}","[{""days"": 3, ""message"": ""Following up""}]",Sponsorship,spon-0075,"{""price_usd"": 250, ""benefits"": [""On-air mentions"", ""Logo on flyer""]}","Hi {first_name}, we'd love to include you as a sponsor."
"[""tiers"", ""leads""]",2025-08-14,Gold,"{""company"": ""Local Credit Union"", ""contact"": {""name"": ""Alex"", ""email"": ""partner@example.com""}}","[{""days"": 3, ""message"": ""Following up""}]",Sponsorship,spon-0076,"{""price_usd"": 100, ""benefits"": [""Website logo"", ""On-air mentions""]}","Hi {first_name}, we'd love to include you as a sponsor."
"[""tiers"", ""leads""]",2025-08-14,Bronze,"{""company"": ""Auto Parts Store"", ""contact"": {""name"": ""Alex"", ""email"": ""partner@example.com""}}","[{""days"": 3, ""message"": ""Following up""}]",Sponsorship,spon-0077,"{""price_usd"": 150, ""benefits"": [""On-air mentions"", ""Website logo""]}","Hi {first_name}, we'd love to include you as a sponsor."
"[""tiers"", ""leads""]",2025-08-14,Bronze,"{""company"": ""Local Credit Union"", ""contact"": {""name"": ""Alex"", ""email"": ""partner@example.com""}}","[{""days"": 3, ""message"": ""Following up""}]",Sponsorship,spon-0078,"{""price_usd"": 150, ""benefits"": [""Logo on flyer"", ""Social shoutout""]}","Hi {first_name}, we'd love to include you as a sponsor."
"[""tiers"", ""leads""]",2025-08-14,Bronze,"{""company"": ""Auto Parts Store"", ""contact"": {""name"": ""Alex"", ""email"": ""partner@example.com""}}","[{""days"": 3, ""message"": ""Following up""}]",Sponsorship,spon-0079,"{""price_usd"": 200, ""benefits"": [""On-air mentions"", ""Website logo""]}","Hi {first_name}, we'd love to include you as a sponsor."
"[""tiers"", ""leads""]",2025-08-14,Bronze,"{""company"": ""Local Credit Union"", ""contact"": {""name"": ""Alex"", ""email"": ""partner@example.com""}}","[{""days"": 3, ""message"": ""Following up""}]",Sponsorship,spon-0080,"{""price_usd"": 250, ""benefits"": [""Social shoutout"", ""Logo on flyer""]}","Hi {first_name}, we'd love to include you as a sponsor."
"[""tiers"", ""leads""]",2025-08-14,Gold,"{""company"": ""Auto Parts Store"", ""contact"": {""name"": ""Alex"", ""email"": ""partner@example.com""}}","[{""days"": 3, ""message"": ""Following up""}]",Sponsorship,spon-0081,"{""price_usd"": 250, ""benefits"": [""Logo on flyer"", ""Website logo""]}","Hi {first_name}, we'd love to include you as a sponsor."
"[""tiers"", ""leads""]",2025-08-14,Gold,"{""company"": ""Auto Parts Store"", ""contact"": {""name"": ""Alex"", ""email"": ""partner@example.com""}}","[{""days"": 3, ""message"": ""Following up""}]",Sponsorship,spon-0082,"{""price_usd"": 100, ""benefits"": [""Social shoutout"", ""Website logo""]}","Hi {first_name}, we'd love to include you as a sponsor."
"[""tiers"", ""leads""]",2025-08-14,Bronze,"{""company"": ""Auto Parts Store"", ""contact"": {""name"": ""Alex"", ""email"": ""partner@example.com""}}","[{""days"": 3, ""message"": ""Following up""}]",Sponsorship,spon-0083,"{""price_usd"": 100, ""benefits"": [""Website logo"", ""Social shoutout""]}","Hi {first_name}, we'd love to include you as a sponsor."
"[""tiers"", ""leads""]",2025-08-14,Platinum,"{""company"": ""Auto Parts Store"", ""contact"": {""name"": ""Alex"", ""email"": ""partner@example.com""}}","[{""days"": 3, ""message"": ""Following up""}]",Sponsorship,spon-0084,"{""price_usd"": 250, ""benefits"": [""On-air mentions"", ""Social shoutout""]}","Hi {first_name}, we'd love to include you as a sponsor."
"[""tiers"", ""leads""]",2025-08-14,Gold,"{""company"": ""Auto Parts Store"", ""contact"": {""name"": ""Alex"", ""email"": ""partner@example.com""}}","[{""days"": 3, ""message"": ""Following up""}]",Sponsorship,spon-0085,"{""price_usd"": 200, ""benefits"": [""Logo on flyer"", ""Website logo""]}","Hi {first_name}, we'd love to include you as a sponsor."
"[""tiers"", ""leads""]",2025-08-14,Platinum,"{""company"": ""Local Credit Union"", ""contact"": {""name"": ""Alex"", ""email"": ""partner@example.com""}}","[{""days"": 3, ""message"": ""Following up""}]",Sponsorship,spon-0086,"{""price_usd"": 150, ""benefits"": [""Website logo"", ""Logo on flyer""]}","Hi {first_name}, we'd love to include you as a sponsor."
"[""tiers"", ""leads""]",2025-08-14,Gold,"{""company"": ""Local Credit Union"", ""contact"": {""name"": ""Alex"", ""email"": ""partner@example.com""}}","[{""days"": 3, ""message"": ""Following up""}]",Sponsorship,spon-0087,"{""price_usd"": 200, ""benefits"": [""On-air mentions"", ""Logo on flyer""]}","Hi {first_name}, we'd love to include you as a sponsor."
"[""tiers"", ""leads""]",2025-08-14,Gold,"{""company"": ""Auto Parts Store"", ""contact"": {""name"": ""Alex"", ""email"": ""partner@example.com""}}","[{""days"": 3, ""message"": ""Following up""}]",Sponsorship,spon-0088,"{""price_usd"": 150, ""benefits"": [""Social shoutout"", ""On-air mentions""]}","Hi {first_name}, we'd love to include you as a sponsor."
"[""tiers"", ""leads""]",2025-08-14,Silver,"{""company"": ""Auto Parts Store"", ""contact"": {""name"": ""Alex"", ""email"": ""partner@example.com""}}","[{""days"": 3, ""message"": ""Following up""}]",Sponsorship,spon-0089,"{""price_usd"": 200, ""benefits"": [""On-air mentions"", ""Logo on flyer""]}","Hi {first_name}, we'd love to include you as a sponsor."
"[""tiers"", ""leads""]",2025-08-14,Bronze,"{""company"": ""Local Credit Union"", ""contact"": {""name"": ""Alex"", ""email"": ""partner@example.com""}}","[{""days"": 3, ""message"": ""Following up""}]",Sponsorship,spon-0090,"{""price_usd"": 150, ""benefits"": [""Social shoutout"", ""On-air mentions""]}","Hi {first_name}, we'd love to include you as a sponsor."
"[""tiers"", ""leads""]",2025-08-14,Platinum,"{""company"": ""Local Credit Union"", ""contact"": {""name"": ""Alex"", ""email"": ""partner@example.com""}}","[{""days"": 3, ""message"": ""Following up""}]",Sponsorship,spon-0091,"{""price_usd"": 150, ""benefits"": [""Logo on flyer"", ""On-air mentions""]}","Hi {first_name}, we'd love to include you as a sponsor."
"[""tiers"", ""leads""]",2025-08-14,Gold,"{""company"": ""Local Credit Union"", ""contact"": {""name"": ""Alex"", ""email"": ""partner@example.com""}}","[{""days"": 3, ""message"": ""Following up""}]",Sponsorship,spon-0092,"{""price_usd"": 100, ""benefits"": [""Website logo"", ""Logo on flyer""]}","Hi {first_name}, we'd love to include you as a sponsor."
"[""tiers"", ""leads""]",2025-08-14,Bronze,"{""company"": ""Local Credit Union"", ""contact"": {""name"": ""Alex"", ""email"": ""partner@example.com""}}","[{""days"": 3, ""message"": ""Following up""}]",Sponsorship,spon-0093,"{""price_usd"": 100, ""benefits"": [""Logo on flyer"", ""Social shoutout""]}","Hi {first_name}, we'd love to include you as a sponsor."
"[""tiers"", ""leads""]",2025-08-14,Bronze,"{""company"": ""Local Credit Union"", ""contact"": {""name"": ""Alex"", ""email"": ""partner@example.com""}}","[{""days"": 3, ""message"": ""Following up""}]",Sponsorship,spon-0094,"{""price_usd"": 100, ""benefits"": [""Website logo"", ""Logo on flyer""]}","Hi {first_name}, we'd love to include you as a sponsor."
"[""tiers"", ""leads""]",2025-08-14,Bronze,"{""company"": ""Local Credit Union"", ""contact"": {""name"": ""Alex"", ""email"": ""partner@example.com""}}","[{""days"": 3, ""message"": ""Following up""}]",Sponsorship,spon-0095,"{""price_usd"": 200, ""benefits"": [""On-air mentions"", ""Social shoutout""]}","Hi {first_name}, we'd love to include you as a sponsor."
"[""tiers"", ""leads""]",2025-08-14,Gold,"{""company"": ""Local Credit Union"", ""contact"": {""name"": ""Alex"", ""email"": ""partner@example.com""}}","[{""days"": 3, ""message"": ""Following up""}]",Sponsorship,spon-0096,"{""price_usd"": 150, ""benefits"": [""Social shoutout"", ""Website logo""]}","Hi {first_name}, we'd love to include you as a sponsor."
"[""tiers"", ""leads""]",2025-08-14,Silver,"{""company"": ""Auto Parts Store"", ""contact"": {""name"": ""Alex"", ""email"": ""partner@example.com""}}","[{""days"": 3, ""message"": ""Following up""}]",Sponsorship,spon-0097,"{""price_usd"": 150, ""benefits"": [""On-air mentions"", ""Website logo""]}","Hi {first_name}, we'd love to include you as a sponsor."
"[""tiers"", ""leads""]",2025-08-14,Gold,"{""company"": ""Local Credit Union"", ""contact"": {""name"": ""Alex"", ""email"": ""partner@example.com""}}","[{""days"": 3, ""message"": ""Following up""}]",Sponsorship,spon-0098,"{""price_usd"": 100, ""benefits"": [""Logo on flyer"", ""Social shoutout""]}","Hi {first_name}, we'd love to include you as a sponsor."
"[""tiers"", ""leads""]",2025-08-14,Silver,"{""company"": ""Local Credit Union"", ""contact"": {""name"": ""Alex"", ""email"": ""partner@example.com""}}","[{""days"": 3, ""message"": ""Following up""}]",Sponsorship,spon-0099,"{""price_usd"": 250, ""benefits"": [""Social shoutout"", ""On-air mentions""]}","Hi {first_name}, we'd love to include you as a sponsor."
"[""tiers"", ""leads""]",2025-08-14,Gold,"{""company"": ""Auto Parts Store"", ""contact"": {""name"": ""Alex"", ""email"": ""partner@example.com""}}","[{""days"": 3, ""message"": ""Following up""}]",Sponsorship,spon-0100,"{""price_usd"": 150, ""benefits"": [""Social shoutout"", ""Website logo""]}","Hi {first_name}, we'd love to include you as a sponsor."
"[""tiers"", ""leads""]",2025-08-14,Silver,"{""company"": ""Local Credit Union"", ""contact"": {""name"": ""Alex"", ""email"": ""partner@example.com""}}","[{""days"": 3, ""message"": ""Following up""}]",Sponsorship,spon-0101,"{""price_usd"": 150, ""benefits"": [""Logo on flyer"", ""Social shoutout""]}","Hi {first_name}, we'd love to include you as a sponsor."
"[""tiers"", ""leads""]",2025-08-14,Bronze,"{""company"": ""Local Credit Union"", ""contact"": {""name"": ""Alex"", ""email"": ""partner@example.com""}}","[{""days"": 3, ""message"": ""Following up""}]",Sponsorship,spon-0102,"{""price_usd"": 250, ""benefits"": [""Logo on flyer"", ""Social shoutout""]}","Hi {first_name}, we'd love to include you as a sponsor."
"[""tiers"", ""leads""]",2025-08-14,Gold,"{""company"": ""Auto Parts Store"", ""contact"": {""name"": ""Alex"", ""email"": ""partner@example.com""}}","[{""days"": 3, ""message"": ""Following up""}]",Sponsorship,spon-0103,"{""price_usd"": 250, ""benefits"": [""Social shoutout"", ""On-air mentions""]}","Hi {first_name}, we'd love to include you as a sponsor."
"[""tiers"", ""leads""]",2025-08-14,Bronze,"{""company"": ""Local Credit Union"", ""contact"": {""name"": ""Alex"", ""email"": ""partner@example.com""}}","[{""days"": 3, ""message"": ""Following up""}]",Sponsorship,spon-0104,"{""price_usd"": 200, ""benefits"": [""Logo on flyer"", ""On-air mentions""]}","Hi {first_name}, we'd love to include you as a sponsor."
"[""tiers"", ""leads""]",2025-08-14,Silver,"{""company"": ""Auto Parts Store"", ""contact"": {""name"": ""Alex"", ""email"": ""partner@example.com""}}","[{""days"": 3, ""message"": ""Following up""}]",Sponsorship,spon-0105,"{""price_usd"": 200, ""benefits"": [""Website logo"", ""On-air mentions""]}","Hi {first_name}, we'd love to include you as a sponsor."
"[""tiers"", ""leads""]",2025-08-14,Gold,"{""company"": ""Local Credit Union"", ""contact"": {""name"": ""Alex"", ""email"": ""partner@example.com""}}","[{""days"": 3, ""message"": ""Following up""}]",Sponsorship,spon-0106,"{""price_usd"": 100, ""benefits"": [""Logo on flyer"", ""On-air mentions""]}","Hi {first_name}, we'd love to include you as a sponsor."
"[""tiers"", ""leads""]",2025-08-14,Bronze,"{""company"": ""Auto Parts Store"", ""contact"": {""name"": ""Alex"", ""email"": ""partner@example.com""}}","[{""days"": 3, ""message"": ""Following up""}]",Sponsorship,spon-0107,"{""price_usd"": 150, ""benefits"": [""Website logo"", ""On-air mentions""]}","Hi {first_name}, we'd love to include you as a sponsor."
"[""tiers"", ""leads""]",2025-08-14,Platinum,"{""company"": ""Local Credit Union"", ""contact"": {""name"": ""Alex"", ""email"": ""partner@example.com""}}","[{""days"": 3, ""message"": ""Following up""}]",Sponsorship,spon-0108,"{""price_usd"": 200, ""benefits"": [""On-air mentions"", ""Logo on flyer""]}","Hi {first_name}, we'd love to include you as a sponsor."
"[""tiers"", ""leads""]",2025-08-14,Silver,"{""company"": ""Local Credit Union"", ""contact"": {""name"": ""Alex"", ""email"": ""partner@example.com""}}","[{""days"": 3, ""message"": ""Following up""}]",Sponsorship,spon-0109,"{""price_usd"": 100, ""benefits"": [""Social shoutout"", ""Logo on flyer""]}","Hi {first_name}, we'd love to include you as a sponsor."
"[""tiers"", ""leads""]",2025-08-14,Bronze,"{""company"": ""Local Credit Union"", ""contact"": {""name"": ""Alex"", ""email"": ""partner@example.com""}}","[{""days"": 3, ""message"": ""Following up""}]",Sponsorship,spon-0110,"{""price_usd"": 200, ""benefits"": [""On-air mentions"", ""Website logo""]}","Hi {first_name}, we'd love to include you as a sponsor."
"[""tiers"", ""leads""]",2025-08-14,Platinum,"{""company"": ""Auto Parts Store"", ""contact"": {""name"": ""Alex"", ""email"": ""partner@example.com""}}","[{""days"": 3, ""message"": ""Following up""}]",Sponsorship,spon-0111,"{""price_usd"": 100, ""benefits"": [""On-air mentions"", ""Social shoutout""]}","Hi {first_name}, we'd love to include you as a sponsor."
"[""tiers"", ""leads""]",2025-08-14,Gold,"{""company"": ""Local Credit Union"", ""contact"": {""name"": ""Alex"", ""email"": ""partner@example.com""}}","[{""days"": 3, ""message"": ""Following up""}]",Sponsorship,spon-0112,"{""price_usd"": 100, ""benefits"": [""Social shoutout"", ""Website logo""]}","Hi {first_name}, we'd love to include you as a sponsor."
"[""tiers"", ""leads""]",2025-08-14,Bronze,"{""company"": ""Local Credit Union"", ""contact"": {""name"": ""Alex"", ""email"": ""partner@example.com""}}","[{""days"": 3, ""message"": ""Following up""}]",Sponsorship,spon-0113,"{""price_usd"": 200, ""benefits"": [""Logo on flyer"", ""On-air mentions""]}","Hi {first_name}, we'd love to include you as a sponsor."
"[""tiers"", ""leads""]",2025-08-14,Bronze,"{""company"": ""Local Credit Union"", ""contact"": {""name"": ""Alex"", ""email"": ""partner@example.com""}}","[{""days"": 3, ""message"": ""Following up""}]",Sponsorship,spon-0114,"{""price_usd"": 100, ""benefits"": [""Social shoutout"", ""Logo on flyer""]}","Hi {first_name}, we'd love to include you as a sponsor."
"[""tiers"", ""leads""]",2025-08-14,Bronze,"{""company"": ""Local Credit Union"", ""contact"": {""name"": ""Alex"", ""email"": ""partner@example.com""}}","[{""days"": 3, ""message"": ""Following up""}]",Sponsorship,spon-0115,"{""price_usd"": 150, ""benefits"": [""Social shoutout"", ""On-air mentions""]}","Hi {first_name}, we'd love to include you as a sponsor."
"[""tiers"", ""leads""]",2025-08-14,Platinum,"{""company"": ""Auto Parts Store"", ""contact"": {""name"": ""Alex"", ""email"": ""partner@example.com""}}","[{""days"": 3, ""message"": ""Following up""}]",Sponsorship,spon-0116,"{""price_usd"": 200, ""benefits"": [""Logo on flyer"", ""Website logo""]}","Hi {first_name}, we'd love to include you as a sponsor."
"[""tiers"", ""leads""]",2025-08-14,Silver,"{""company"": ""Auto Parts Store"", ""contact"": {""name"": ""Alex"", ""email"": ""partner@example.com""}}","[{""days"": 3, ""message"": ""Following up""}]",Sponsorship,spon-0117,"{""price_usd"": 250, ""benefits"": [""On-air mentions"", ""Website logo""]}","Hi {first_name}, we'd love to include you as a sponsor."
"[""tiers"", ""leads""]",2025-08-14,Bronze,"{""company"": ""Local Credit Union"", ""contact"": {""name"": ""Alex"", ""email"": ""partner@example.com""}}","[{""days"": 3, ""message"": ""Following up""}]",Sponsorship,spon-0118,"{""price_usd"": 200, ""benefits"": [""On-air mentions"", ""Logo on flyer""]}","Hi {first_name}, we'd love to include you as a sponsor."
"[""tiers"", ""leads""]",2025-08-14,Silver,"{""company"": ""Local Credit Union"", ""contact"": {""name"": ""Alex"", ""email"": ""partner@example.com""}}","[{""days"": 3, ""message"": ""Following up""}]",Sponsorship,spon-0119,"{""price_usd"": 100, ""benefits"": [""Website logo"", ""Logo on flyer""]}","Hi {first_name}, we'd love to include you as a sponsor."
"[""tiers"", ""leads""]",2025-08-14,Bronze,"{""company"": ""Auto Parts Store"", ""contact"": {""name"": ""Alex"", ""email"": ""partner@example.com""}}","[{""days"": 3, ""message"": ""Following up""}]",Sponsorship,spon-0120,"{""price_usd"": 150, ""benefits"": [""Logo on flyer"", ""Social shoutout""]}","Hi {first_name}, we'd love to include you as a sponsor."
"[""tiers"", ""leads""]",2025-08-14,Silver,"{""company"": ""Local Credit Union"", ""contact"": {""name"": ""Alex"", ""email"": ""partner@example.com""}}","[{""days"": 3, ""message"": ""Following up""}]",Sponsorship,spon-0121,"{""price_usd"": 200, ""benefits"": [""On-air mentions"", ""Website logo""]}","Hi {first_name}, we'd love to include you as a sponsor."
"[""tiers"", ""leads""]",2025-08-14,Silver,"{""company"": ""Auto Parts Store"", ""contact"": {""name"": ""Alex"", ""email"": ""partner@example.com""}}","[{""days"": 3, ""message"": ""Following up""}]",Sponsorship,spon-0122,"{""price_usd"": 150, ""benefits"": [""On-air mentions"", ""Logo on flyer""]}","Hi {first_name}, we'd love to include you as a sponsor."
"[""tiers"", ""leads""]",2025-08-14,Silver,"{""company"": ""Auto Parts Store"", ""contact"": {""name"": ""Alex"", ""email"": ""partner@example.com""}}","[{""days"": 3, ""message"": ""Following up""}]",Sponsorship,spon-0123,"{""price_usd"": 250, ""benefits"": [""Logo on flyer"", ""On-air mentions""]}","Hi {first_name}, we'd love to include you as a sponsor."
"[""tiers"", ""leads""]",2025-08-14,Bronze,"{""company"": ""Local Credit Union"", ""contact"": {""name"": ""Alex"", ""email"": ""partner@example.com""}}","[{""days"": 3, ""message"": ""Following up""}]",Sponsorship,spon-0124,"{""price_usd"": 200, ""benefits"": [""Logo on flyer"", ""Social shoutout""]}","Hi {first_name}, we'd love to include you as a sponsor."
"[""tiers"", ""leads""]",2025-08-14,Platinum,"{""company"": ""Local Credit Union"", ""contact"": {""name"": ""Alex"", ""email"": ""partner@example.com""}}","[{""days"": 3, ""message"": ""Following up""}]",Sponsorship,spon-0125,"{""price_usd"": 250, ""benefits"": [""On-air mentions"", ""Logo on flyer""]}","Hi {first_name}, we'd love to include you as a sponsor."
"[""tiers"", ""leads""]",2025-08-14,Bronze,"{""company"": ""Auto Parts Store"", ""contact"": {""name"": ""Alex"", ""email"": ""partner@example.com""}}","[{""days"": 3, ""message"": ""Following up""}]",Sponsorship,spon-0126,"{""price_usd"": 250, ""benefits"": [""Logo on flyer"", ""Website logo""]}","Hi {first_name}, we'd love to include you as a sponsor."
"[""tiers"", ""leads""]",2025-08-14,Silver,"{""company"": ""Auto Parts Store"", ""contact"": {""name"": ""Alex"", ""email"": ""partner@example.com""}}","[{""days"": 3, ""message"": ""Following up""}]",Sponsorship,spon-0127,"{""price_usd"": 200, ""benefits"": [""On-air mentions"", ""Logo on flyer""]}","Hi {first_name}, we'd love to include you as a sponsor."
"[""tiers"", ""leads""]",2025-08-14,Platinum,"{""company"": ""Auto Parts Store"", ""contact"": {""name"": ""Alex"", ""email"": ""partner@example.com""}}","[{""days"": 3, ""message"": ""Following up""}]",Sponsorship,spon-0128,"{""price_usd"": 250, ""benefits"": [""On-air mentions"", ""Social shoutout""]}","Hi {first_name}, we'd love to include you as a sponsor."
"[""tiers"", ""leads""]",2025-08-14,Bronze,"{""company"": ""Local Credit Union"", ""contact"": {""name"": ""Alex"", ""email"": ""partner@example.com""}}","[{""days"": 3, ""message"": ""Following up""}]",Sponsorship,spon-0129,"{""price_usd"": 100, ""benefits"": [""Logo on flyer"", ""Website logo""]}","Hi {first_name}, we'd love to include you as a sponsor."
"[""tiers"", ""leads""]",2025-08-14,Gold,"{""company"": ""Local Credit Union"", ""contact"": {""name"": ""Alex"", ""email"": ""partner@example.com""}}","[{""days"": 3, ""message"": ""Following up""}]",Sponsorship,spon-0130,"{""price_usd"": 100, ""benefits"": [""Social shoutout"", ""Website logo""]}","Hi {first_name}, we'd love to include you as a sponsor."
"[""tiers"", ""leads""]",2025-08-14,Silver,"{""company"": ""Local Credit Union"", ""contact"": {""name"": ""Alex"", ""email"": ""partner@example.com""}}","[{""days"": 3, ""message"": ""Following up""}]",Sponsorship,spon-0131,"{""price_usd"": 100, ""benefits"": [""Social shoutout"", ""On-air mentions""]}","Hi {first_name}, we'd love to include you as a sponsor."
"[""tiers"", ""leads""]",2025-08-14,Platinum,"{""company"": ""Local Credit Union"", ""contact"": {""name"": ""Alex"", ""email"": ""partner@example.com""}}","[{""days"": 3, ""message"": ""Following up""}]",Sponsorship,spon-0132,"{""price_usd"": 200, ""benefits"": [""Social shoutout"", ""On-air mentions""]}","Hi {first_name}, we'd love to include you as a sponsor."
"[""tiers"", ""leads""]",2025-08-14,Silver,"{""company"": ""Auto Parts Store"", ""contact"": {""name"": ""Alex"", ""email"": ""partner@example.com""}}","[{""days"": 3, ""message"": ""Following up""}]",Sponsorship,spon-0133,"{""price_usd"": 100, ""benefits"": [""Social shoutout"", ""Logo on flyer""]}","Hi {first_name}, we'd love to include you as a sponsor."
"[""tiers"", ""leads""]",2025-08-14,Bronze,"{""company"": ""Auto Parts Store"", ""contact"": {""name"": ""Alex"", ""email"": ""partner@example.com""}}","[{""days"": 3, ""message"": ""Following up""}]",Sponsorship,spon-0134,"{""price_usd"": 250, ""benefits"": [""Logo on flyer"", ""On-air mentions""]}","Hi {first_name}, we'd love to include you as a sponsor."
"[""tiers"", ""leads""]",2025-08-14,Silver,"{""company"": ""Local Credit Union"", ""contact"": {""name"": ""Alex"", ""email"": ""partner@example.com""}}","[{""days"": 3, ""message"": ""Following up""}]",Sponsorship,spon-0135,"{""price_usd"": 100, ""benefits"": [""On-air mentions"", ""Website logo""]}","Hi {first_name}, we'd love to include you as a sponsor."
"[""tiers"", ""leads""]",2025-08-14,Platinum,"{""company"": ""Local Credit Union"", ""contact"": {""name"": ""Alex"", ""email"": ""partner@example.com""}}","[{""days"": 3, ""message"": ""Following up""}]",Sponsorship,spon-0136,"{""price_usd"": 150, ""benefits"": [""Social shoutout"", ""Logo on flyer""]}","Hi {first_name}, we'd love to include you as a sponsor."
"[""tiers"", ""leads""]",2025-08-14,Gold,"{""company"": ""Local Credit Union"", ""contact"": {""name"": ""Alex"", ""email"": ""partner@example.com""}}","[{""days"": 3, ""message"": ""Following up""}]",Sponsorship,spon-0137,"{""price_usd"": 250, ""benefits"": [""Social shoutout"", ""Website logo""]}","Hi {first_name}, we'd love to include you as a sponsor."
"[""tiers"", ""leads""]",2025-08-14,Silver,"{""company"": ""Auto Parts Store"", ""contact"": {""name"": ""Alex"", ""email"": ""partner@example.com""}}","[{""days"": 3, ""message"": ""Following up""}]",Sponsorship,spon-0138,"{""price_usd"": 100, ""benefits"": [""On-air mentions"", ""Website logo""]}","Hi {first_name}, we'd love to include you as a sponsor."
"[""tiers"", ""leads""]",2025-08-14,Silver,"{""company"": ""Local Credit Union"", ""contact"": {""name"": ""Alex"", ""email"": ""partner@example.com""}}","[{""days"": 3, ""message"": ""Following up""}]",Sponsorship,spon-0139,"{""price_usd"": 100, ""benefits"": [""Social shoutout"", ""Website logo""]}","Hi {first_name}, we'd love to include you as a sponsor."
"[""tiers"", ""leads""]",2025-08-14,Silver,"{""company"": ""Local Credit Union"", ""contact"": {""name"": ""Alex"", ""email"": ""partner@example.com""}}","[{""days"": 3, ""message"": ""Following up""}]",Sponsorship,spon-0140,"{""price_usd"": 150, ""benefits"": [""Website logo"", ""On-air mentions""]}","Hi {first_name}, we'd love to include you as a sponsor."
"[""tiers"", ""leads""]",2025-08-14,Platinum,"{""company"": ""Local Credit Union"", ""contact"": {""name"": ""Alex"", ""email"": ""partner@example.com""}}","[{""days"": 3, ""message"": ""Following up""}]",Sponsorship,spon-0141,"{""price_usd"": 100, ""benefits"": [""On-air mentions"", ""Logo on flyer""]}","Hi {first_name}, we'd love to include you as a sponsor."
"[""tiers"", ""leads""]",2025-08-14,Silver,"{""company"": ""Local Credit Union"", ""contact"": {""name"": ""Alex"", ""email"": ""partner@example.com""}}","[{""days"": 3, ""message"": ""Following up""}]",Sponsorship,spon-0142,"{""price_usd"": 200, ""benefits"": [""Website logo"", ""On-air mentions""]}","Hi {first_name}, we'd love to include you as a sponsor."
"[""tiers"", ""leads""]",2025-08-14,Gold,"{""company"": ""Local Credit Union"", ""contact"": {""name"": ""Alex"", ""email"": ""partner@example.com""}}","[{""days"": 3, ""message"": ""Following up""}]",Sponsorship,spon-0143,"{""price_usd"": 100, ""benefits"": [""Social shoutout"", ""On-air mentions""]}","Hi {first_name}, we'd love to include you as a sponsor."
"[""tiers"", ""leads""]",2025-08-14,Platinum,"{""company"": ""Auto Parts Store"", ""contact"": {""name"": ""Alex"", ""email"": ""partner@example.com""}}","[{""days"": 3, ""message"": ""Following up""}]",Sponsorship,spon-0144,"{""price_usd"": 100, ""benefits"": [""Social shoutout"", ""Logo on flyer""]}","Hi {first_name}, we'd love to include you as a sponsor."
"[""tiers"", ""leads""]",2025-08-14,Platinum,"{""company"": ""Local Credit Union"", ""contact"": {""name"": ""Alex"", ""email"": ""partner@example.com""}}","[{""days"": 3, ""message"": ""Following up""}]",Sponsorship,spon-0145,"{""price_usd"": 100, ""benefits"": [""Logo on flyer"", ""Website logo""]}","Hi {first_name}, we'd love to include you as a sponsor."
"[""tiers"", ""leads""]",2025-08-14,Bronze,"{""company"": ""Local Credit Union"", ""contact"": {""name"": ""Alex"", ""email"": ""partner@example.com""}}","[{""days"": 3, ""message"": ""Following up""}]",Sponsorship,spon-0146,"{""price_usd"": 200, ""benefits"": [""Social shoutout"", ""Logo on flyer""]}","Hi {first_name}, we'd love to include you as a sponsor."
"[""tiers"", ""leads""]",2025-08-14,Gold,"{""company"": ""Auto Parts Store"", ""contact"": {""name"": ""Alex"", ""email"": ""partner@example.com""}}","[{""days"": 3, ""message"": ""Following up""}]",Sponsorship,spon-0147,"{""price_usd"": 100, ""benefits"": [""Social shoutout"", ""Logo on flyer""]}","Hi {first_name}, we'd love to include you as a sponsor."
"[""tiers"", ""leads""]",2025-08-14,Bronze,"{""company"": ""Auto Parts Store"", ""contact"": {""name"": ""Alex"", ""email"": ""partner@example.com""}}","[{""days"": 3, ""message"": ""Following up""}]",Sponsorship,spon-0148,"{""price_usd"": 150, ""benefits"": [""Logo on flyer"", ""Website logo""]}","Hi {first_name}, we'd love to include you as a sponsor."
"[""tiers"", ""leads""]",2025-08-14,Gold,"{""company"": ""Auto Parts Store"", ""contact"": {""name"": ""Alex"", ""email"": ""partner@example.com""}}","[{""days"": 3, ""message"": ""Following up""}]",Sponsorship,spon-0149,"{""price_usd"": 100, ""benefits"": [""Social shoutout"", ""Website logo""]}","Hi {first_name}, we'd love to include you as a sponsor."
"[""tiers"", ""leads""]",2025-08-14,Gold,"{""company"": ""Local Credit Union"", ""contact"": {""name"": ""Alex"", ""email"": ""partner@example.com""}}","[{""days"": 3, ""message"": ""Following up""}]",Sponsorship,spon-0150,"{""price_usd"": 150, ""benefits"": [""On-air mentions"", ""Social shoutout""]}","Hi {first_name}, we'd love to include you as a sponsor."
"[""tiers"", ""leads""]",2025-08-14,Bronze,"{""company"": ""Auto Parts Store"", ""contact"": {""name"": ""Alex"", ""email"": ""partner@example.com""}}","[{""days"": 3, ""message"": ""Following up""}]",Sponsorship,spon-0151,"{""price_usd"": 100, ""benefits"": [""Website logo"", ""Social shoutout""]}","Hi {first_name}, we'd love to include you as a sponsor."
"[""tiers"", ""leads""]",2025-08-14,Gold,"{""company"": ""Local Credit Union"", ""contact"": {""name"": ""Alex"", ""email"": ""partner@example.com""}}","[{""days"": 3, ""message"": ""Following up""}]",Sponsorship,spon-0152,"{""price_usd"": 250, ""benefits"": [""On-air mentions"", ""Website logo""]}","Hi {first_name}, we'd love to include you as a sponsor."
"[""tiers"", ""leads""]",2025-08-14,Bronze,"{""company"": ""Local Credit Union"", ""contact"": {""name"": ""Alex"", ""email"": ""partner@example.com""}}","[{""days"": 3, ""message"": ""Following up""}]",Sponsorship,spon-0153,"{""price_usd"": 250, ""benefits"": [""Logo on flyer"", ""Website logo""]}","Hi {first_name}, we'd love to include you as a sponsor."
"[""tiers"", ""leads""]",2025-08-14,Gold,"{""company"": ""Local Credit Union"", ""contact"": {""name"": ""Alex"", ""email"": ""partner@example.com""}}","[{""days"": 3, ""message"": ""Following up""}]",Sponsorship,spon-0154,"{""price_usd"": 250, ""benefits"": [""Social shoutout"", ""Logo on flyer""]}","Hi {first_name}, we'd love to include you as a sponsor."
"[""tiers"", ""leads""]",2025-08-14,Silver,"{""company"": ""Auto Parts Store"", ""contact"": {""name"": ""Alex"", ""email"": ""partner@example.com""}}","[{""days"": 3, ""message"": ""Following up""}]",Sponsorship,spon-0155,"{""price_usd"": 100, ""benefits"": [""Social shoutout"", ""Logo on flyer""]}","Hi {first_name}, we'd love to include you as a sponsor."
"[""tiers"", ""leads""]",2025-08-14,Platinum,"{""company"": ""Auto Parts Store"", ""contact"": {""name"": ""Alex"", ""email"": ""partner@example.com""}}","[{""days"": 3, ""message"": ""Following up""}]",Sponsorship,spon-0156,"{""price_usd"": 150, ""benefits"": [""On-air mentions"", ""Logo on flyer""]}","Hi {first_name}, we'd love to include you as a sponsor."
"[""tiers"", ""leads""]",2025-08-14,Gold,"{""company"": ""Auto Parts Store"", ""contact"": {""name"": ""Alex"", ""email"": ""partner@example.com""}}","[{""days"": 3, ""message"": ""Following up""}]",Sponsorship,spon-0157,"{""price_usd"": 100, ""benefits"": [""On-air mentions"", ""Logo on flyer""]}","Hi {first_name}, we'd love to include you as a sponsor."
"[""tiers"", ""leads""]",2025-08-14,Silver,"{""company"": ""Local Credit Union"", ""contact"": {""name"": ""Alex"", ""email"": ""partner@example.com""}}","[{""days"": 3, ""message"": ""Following up""}]",Sponsorship,spon-0158,"{""price_usd"": 100, ""benefits"": [""Logo on flyer"", ""Social shoutout""]}","Hi {first_name}, we'd love to include you as a sponsor."
"[""tiers"", ""leads""]",2025-08-14,Gold,"{""company"": ""Auto Parts Store"", ""contact"": {""name"": ""Alex"", ""email"": ""partner@example.com""}}","[{""days"": 3, ""message"": ""Following up""}]",Sponsorship,spon-0159,"{""price_usd"": 250, ""benefits"": [""Logo on flyer"", ""Social shoutout""]}","Hi {first_name}, we'd love to include you as a sponsor."
"[""tiers"", ""leads""]",2025-08-14,Gold,"{""company"": ""Local Credit Union"", ""contact"": {""name"": ""Alex"", ""email"": ""partner@example.com""}}","[{""days"": 3, ""message"": ""Following up""}]",Sponsorship,spon-0160,"{""price_usd"": 150, ""benefits"": [""Logo on flyer"", ""Social shoutout""]}","Hi {first_name}, we'd love to include you as a sponsor."
"[""tiers"", ""leads""]",2025-08-14,Gold,"{""company"": ""Auto Parts Store"", ""contact"": {""name"": ""Alex"", ""email"": ""partner@example.com""}}","[{""days"": 3, ""message"": ""Following up""}]",Sponsorship,spon-0161,"{""price_usd"": 100, ""benefits"": [""On-air mentions"", ""Social shoutout""]}","Hi {first_name}, we'd love to include you as a sponsor."
"[""tiers"", ""leads""]",2025-08-14,Silver,"{""company"": ""Local Credit Union"", ""contact"": {""name"": ""Alex"", ""email"": ""partner@example.com""}}","[{""days"": 3, ""message"": ""Following up""}]",Sponsorship,spon-0162,"{""price_usd"": 150, ""benefits"": [""Website logo"", ""On-air mentions""]}","Hi {first_name}, we'd love to include you as a sponsor."
"[""tiers"", ""leads""]",2025-08-14,Silver,"{""company"": ""Auto Parts Store"", ""contact"": {""name"": ""Alex"", ""email"": ""partner@example.com""}}","[{""days"": 3, ""message"": ""Following up""}]",Sponsorship,spon-0163,"{""price_usd"": 200, ""benefits"": [""On-air mentions"", ""Website logo""]}","Hi {first_name}, we'd love to include you as a sponsor."
"[""tiers"", ""leads""]",2025-08-14,Bronze,"{""company"": ""Auto Parts Store"", ""contact"": {""name"": ""Alex"", ""email"": ""partner@example.com""}}","[{""days"": 3, ""message"": ""Following up""}]",Sponsorship,spon-0164,"{""price_usd"": 100, ""benefits"": [""Website logo"", ""On-air mentions""]}","Hi {first_name}, we'd love to include you as a sponsor."
"[""tiers"", ""leads""]",2025-08-14,Platinum,"{""company"": ""Auto Parts Store"", ""contact"": {""name"": ""Alex"", ""email"": ""partner@example.com""}}","[{""days"": 3, ""message"": ""Following up""}]",Sponsorship,spon-0165,"{""price_usd"": 150, ""benefits"": [""On-air mentions"", ""Social shoutout""]}","Hi {first_name}, we'd love to include you as a sponsor."
"[""tiers"", ""leads""]",2025-08-14,Platinum,"{""company"": ""Auto Parts Store"", ""contact"": {""name"": ""Alex"", ""email"": ""partner@example.com""}}","[{""days"": 3, ""message"": ""Following up""}]",Sponsorship,spon-0166,"{""price_usd"": 250, ""benefits"": [""Social shoutout"", ""On-air mentions""]}","Hi {first_name}, we'd love to include you as a sponsor."
"[""tiers"", ""leads""]",2025-08-14,Platinum,"{""company"": ""Auto Parts Store"", ""contact"": {""name"": ""Alex"", ""email"": ""partner@example.com""}}","[{""days"": 3, ""message"": ""Following up""}]",Sponsorship,spon-0167,"{""price_usd"": 150, ""benefits"": [""Website logo"", ""Logo on flyer""]}","Hi {first_name}, we'd love to include you as a sponsor."
"[""tiers"", ""leads""]",2025-08-14,Bronze,"{""company"": ""Auto Parts Store"", ""contact"": {""name"": ""Alex"", ""email"": ""partner@example.com""}}","[{""days"": 3, ""message"": ""Following up""}]",Sponsorship,spon-0168,"{""price_usd"": 150, ""benefits"": [""Website logo"", ""On-air mentions""]}","Hi {first_name}, we'd love to include you as a sponsor."
"[""tiers"", ""leads""]",2025-08-14,Silver,"{""company"": ""Auto Parts Store"", ""contact"": {""name"": ""Alex"", ""email"": ""partner@example.com""}}","[{""days"": 3, ""message"": ""Following up""}]",Sponsorship,spon-0169,"{""price_usd"": 100, ""benefits"": [""Social shoutout"", ""Logo on flyer""]}","Hi {first_name}, we'd love to include you as a sponsor."
"[""tiers"", ""leads""]",2025-08-14,Platinum,"{""company"": ""Auto Parts Store"", ""contact"": {""name"": ""Alex"", ""email"": ""partner@example.com""}}","[{""days"": 3, ""message"": ""Following up""}]",Sponsorship,spon-0170,"{""price_usd"": 150, ""benefits"": [""Social shoutout"", ""On-air mentions""]}","Hi {first_name}, we'd love to include you as a sponsor."
"[""tiers"", ""leads""]",2025-08-14,Platinum,"{""company"": ""Auto Parts Store"", ""contact"": {""name"": ""Alex"", ""email"": ""partner@example.com""}}","[{""days"": 3, ""message"": ""Following up""}]",Sponsorship,spon-0171,"{""price_usd"": 150, ""benefits"": [""Social shoutout"", ""Logo on flyer""]}","Hi {first_name}, we'd love to include you as a sponsor."
"[""tiers"", ""leads""]",2025-08-14,Platinum,"{""company"": ""Local Credit Union"", ""contact"": {""name"": ""Alex"", ""email"": ""partner@example.com""}}","[{""days"": 3, ""message"": ""Following up""}]",Sponsorship,spon-0172,"{""price_usd"": 100, ""benefits"": [""Social shoutout"", ""Website logo""]}","Hi {first_name}, we'd love to include you as a sponsor."
"[""tiers"", ""leads""]",2025-08-14,Bronze,"{""company"": ""Auto Parts Store"", ""contact"": {""name"": ""Alex"", ""email"": ""partner@example.com""}}","[{""days"": 3, ""message"": ""Following up""}]",Sponsorship,spon-0173,"{""price_usd"": 250, ""benefits"": [""Website logo"", ""On-air mentions""]}","Hi {first_name}, we'd love to include you as a sponsor."
"[""tiers"", ""leads""]",2025-08-14,Bronze,"{""company"": ""Local Credit Union"", ""contact"": {""name"": ""Alex"", ""email"": ""partner@example.com""}}","[{""days"": 3, ""message"": ""Following up""}]",Sponsorship,spon-0174,"{""price_usd"": 100, ""benefits"": [""Logo on flyer"", ""On-air mentions""]}","Hi {first_name}, we'd love to include you as a sponsor."
"[""tiers"", ""leads""]",2025-08-14,Silver,"{""company"": ""Auto Parts Store"", ""contact"": {""name"": ""Alex"", ""email"": ""partner@example.com""}}","[{""days"": 3, ""message"": ""Following up""}]",Sponsorship,spon-0175,"{""price_usd"": 250, ""benefits"": [""Logo on flyer"", ""Website logo""]}","Hi {first_name}, we'd love to include you as a sponsor."
"[""tiers"", ""leads""]",2025-08-14,Silver,"{""company"": ""Local Credit Union"", ""contact"": {""name"": ""Alex"", ""email"": ""partner@example.com""}}","[{""days"": 3, ""message"": ""Following up""}]",Sponsorship,spon-0176,"{""price_usd"": 200, ""benefits"": [""Logo on flyer"", ""Social shoutout""]}","Hi {first_name}, we'd love to include you as a sponsor."
"[""tiers"", ""leads""]",2025-08-14,Platinum,"{""company"": ""Auto Parts Store"", ""contact"": {""name"": ""Alex"", ""email"": ""partner@example.com""}}","[{""days"": 3, ""message"": ""Following up""}]",Sponsorship,spon-0177,"{""price_usd"": 150, ""benefits"": [""On-air mentions"", ""Social shoutout""]}","Hi {first_name}, we'd love to include you as a sponsor."
"[""tiers"", ""leads""]",2025-08-14,Silver,"{""company"": ""Local Credit Union"", ""contact"": {""name"": ""Alex"", ""email"": ""partner@example.com""}}","[{""days"": 3, ""message"": ""Following up""}]",Sponsorship,spon-0178,"{""price_usd"": 250, ""benefits"": [""Website logo"", ""Social shoutout""]}","Hi {first_name}, we'd love to include you as a sponsor."
"[""tiers"", ""leads""]",2025-08-14,Gold,"{""company"": ""Local Credit Union"", ""contact"": {""name"": ""Alex"", ""email"": ""partner@example.com""}}","[{""days"": 3, ""message"": ""Following up""}]",Sponsorship,spon-0179,"{""price_usd"": 200, ""benefits"": [""Logo on flyer"", ""Website logo""]}","Hi {first_name}, we'd love to include you as a sponsor."
"[""tiers"", ""leads""]",2025-08-14,Bronze,"{""company"": ""Local Credit Union"", ""contact"": {""name"": ""Alex"", ""email"": ""partner@example.com""}}","[{""days"": 3, ""message"": ""Following up""}]",Sponsorship,spon-0180,"{""price_usd"": 250, ""benefits"": [""Social shoutout"", ""Logo on flyer""]}","Hi {first_name}, we'd love to include you as a sponsor."
"[""tiers"", ""leads""]",2025-08-14,Platinum,"{""company"": ""Local Credit Union"", ""contact"": {""name"": ""Alex"", ""email"": ""partner@example.com""}}","[{""days"": 3, ""message"": ""Following up""}]",Sponsorship,spon-0181,"{""price_usd"": 150, ""benefits"": [""Logo on flyer"", ""Website logo""]}","Hi {first_name}, we'd love to include you as a sponsor."
"[""tiers"", ""leads""]",2025-08-14,Bronze,"{""company"": ""Local Credit Union"", ""contact"": {""name"": ""Alex"", ""email"": ""partner@example.com""}}","[{""days"": 3, ""message"": ""Following up""}]",Sponsorship,spon-0182,"{""price_usd"": 100, ""benefits"": [""Logo on flyer"", ""On-air mentions""]}","Hi {first_name}, we'd love to include you as a sponsor."
"[""tiers"", ""leads""]",2025-08-14,Silver,"{""company"": ""Auto Parts Store"", ""contact"": {""name"": ""Alex"", ""email"": ""partner@example.com""}}","[{""days"": 3, ""message"": ""Following up""}]",Sponsorship,spon-0183,"{""price_usd"": 250, ""benefits"": [""Logo on flyer"", ""Website logo""]}","Hi {first_name}, we'd love to include you as a sponsor."
"[""tiers"", ""leads""]",2025-08-14,Silver,"{""company"": ""Auto Parts Store"", ""contact"": {""name"": ""Alex"", ""email"": ""partner@example.com""}}","[{""days"": 3, ""message"": ""Following up""}]",Sponsorship,spon-0184,"{""price_usd"": 100, ""benefits"": [""Social shoutout"", ""Website logo""]}","Hi {first_name}, we'd love to include you as a sponsor."
"[""tiers"", ""leads""]",2025-08-14,Silver,"{""company"": ""Auto Parts Store"", ""contact"": {""name"": ""Alex"", ""email"": ""partner@example.com""}}","[{""days"": 3, ""message"": ""Following up""}]",Sponsorship,spon-0185,"{""price_usd"": 150, ""benefits"": [""Website logo"", ""On-air mentions""]}","Hi {first_name}, we'd love to include you as a sponsor."
"[""tiers"", ""leads""]",2025-08-14,Bronze,"{""company"": ""Auto Parts Store"", ""contact"": {""name"": ""Alex"", ""email"": ""partner@example.com""}}","[{""days"": 3, ""message"": ""Following up""}]",Sponsorship,spon-0186,"{""price_usd"": 150, ""benefits"": [""On-air mentions"", ""Social shoutout""]}","Hi {first_name}, we'd love to include you as a sponsor."
"[""tiers"", ""leads""]",2025-08-14,Gold,"{""company"": ""Auto Parts Store"", ""contact"": {""name"": ""Alex"", ""email"": ""partner@example.com""}}","[{""days"": 3, ""message"": ""Following up""}]",Sponsorship,spon-0187,"{""price_usd"": 250, ""benefits"": [""On-air mentions"", ""Social shoutout""]}","Hi {first_name}, we'd love to include you as a sponsor."
"[""tiers"", ""leads""]",2025-08-14,Silver,"{""company"": ""Auto Parts Store"", ""contact"": {""name"": ""Alex"", ""email"": ""partner@example.com""}}","[{""days"": 3, ""message"": ""Following up""}]",Sponsorship,spon-0188,"{""price_usd"": 250, ""benefits"": [""On-air mentions"", ""Social shoutout""]}","Hi {first_name}, we'd love to include you as a sponsor."
"[""tiers"", ""leads""]",2025-08-14,Bronze,"{""company"": ""Local Credit Union"", ""contact"": {""name"": ""Alex"", ""email"": ""partner@example.com""}}","[{""days"": 3, ""message"": ""Following up""}]",Sponsorship,spon-0189,"{""price_usd"": 250, ""benefits"": [""Logo on flyer"", ""Website logo""]}","Hi {first_name}, we'd love to include you as a sponsor."
"[""tiers"", ""leads""]",2025-08-14,Bronze,"{""company"": ""Auto Parts Store"", ""contact"": {""name"": ""Alex"", ""email"": ""partner@example.com""}}","[{""days"": 3, ""message"": ""Following up""}]",Sponsorship,spon-0190,"{""price_usd"": 250, ""benefits"": [""Website logo"", ""On-air mentions""]}","Hi {first_name}, we'd love to include you as a sponsor."
"[""tiers"", ""leads""]",2025-08-14,Bronze,"{""company"": ""Auto Parts Store"", ""contact"": {""name"": ""Alex"", ""email"": ""partner@example.com""}}","[{""days"": 3, ""message"": ""Following up""}]",Sponsorship,spon-0191,"{""price_usd"": 100, ""benefits"": [""Logo on flyer"", ""On-air mentions""]}","Hi {first_name}, we'd love to include you as a sponsor."
"[""tiers"", ""leads""]",2025-08-14,Platinum,"{""company"": ""Auto Parts Store"", ""contact"": {""name"": ""Alex"", ""email"": ""partner@example.com""}}","[{""days"": 3, ""message"": ""Following up""}]",Sponsorship,spon-0192,"{""price_usd"": 200, ""benefits"": [""Logo on flyer"", ""On-air mentions""]}","Hi {first_name}, we'd love to include you as a sponsor."
"[""tiers"", ""leads""]",2025-08-14,Gold,"{""company"": ""Local Credit Union"", ""contact"": {""name"": ""Alex"", ""email"": ""partner@example.com""}}","[{""days"": 3, ""message"": ""Following up""}]",Sponsorship,spon-0193,"{""price_usd"": 150, ""benefits"": [""On-air mentions"", ""Website logo""]}","Hi {first_name}, we'd love to include you as a sponsor."
"[""tiers"", ""leads""]",2025-08-14,Silver,"{""company"": ""Local Credit Union"", ""contact"": {""name"": ""Alex"", ""email"": ""partner@example.com""}}","[{""days"": 3, ""message"": ""Following up""}]",Sponsorship,spon-0194,"{""price_usd"": 200, ""benefits"": [""Social shoutout"", ""Website logo""]}","Hi {first_name}, we'd love to include you as a sponsor."
"[""tiers"", ""leads""]",2025-08-14,Bronze,"{""company"": ""Local Credit Union"", ""contact"": {""name"": ""Alex"", ""email"": ""partner@example.com""}}","[{""days"": 3, ""message"": ""Following up""}]",Sponsorship,spon-0195,"{""price_usd"": 100, ""benefits"": [""Social shoutout"", ""Logo on flyer""]}","Hi {first_name}, we'd love to include you as a sponsor."
"[""tiers"", ""leads""]",2025-08-14,Bronze,"{""company"": ""Auto Parts Store"", ""contact"": {""name"": ""Alex"", ""email"": ""partner@example.com""}}","[{""days"": 3, ""message"": ""Following up""}]",Sponsorship,spon-0196,"{""price_usd"": 250, ""benefits"": [""Website logo"", ""Social shoutout""]}","Hi {first_name}, we'd love to include you as a sponsor."
"[""tiers"", ""leads""]",2025-08-14,Silver,"{""company"": ""Auto Parts Store"", ""contact"": {""name"": ""Alex"", ""email"": ""partner@example.com""}}","[{""days"": 3, ""message"": ""Following up""}]",Sponsorship,spon-0197,"{""price_usd"": 200, ""benefits"": [""Website logo"", ""Logo on flyer""]}","Hi {first_name}, we'd love to include you as a sponsor."
"[""tiers"", ""leads""]",2025-08-14,Platinum,"{""company"": ""Local Credit Union"", ""contact"": {""name"": ""Alex"", ""email"": ""partner@example.com""}}","[{""days"": 3, ""message"": ""Following up""}]",Sponsorship,spon-0198,"{""price_usd"": 200, ""benefits"": [""Social shoutout"", ""Website logo""]}","Hi {first_name}, we'd love to include you as a sponsor."
"[""tiers"", ""leads""]",2025-08-14,Gold,"{""company"": ""Auto Parts Store"", ""contact"": {""name"": ""Alex"", ""email"": ""partner@example.com""}}","[{""days"": 3, ""message"": ""Following up""}]",Sponsorship,spon-0199,"{""price_usd"": 200, ""benefits"": [""Website logo"", ""On-air mentions""]}","Hi {first_name}, we'd love to include you as a sponsor."
"[""tiers"", ""leads""]",2025-08-14,Bronze,"{""company"": ""Auto Parts Store"", ""contact"": {""name"": ""Alex"", ""email"": ""partner@example.com""}}","[{""days"": 3, ""message"": ""Following up""}]",Sponsorship,spon-0200,"{""price_usd"": 200, ""benefits"": [""Social shoutout"", ""Logo on flyer""]}","Hi {first_name}, we'd love to include you as a sponsor."
"[""tiers"", ""leads""]",2025-08-14,Platinum,"{""company"": ""Auto Parts Store"", ""contact"": {""name"": ""Alex"", ""email"": ""partner@example.com""}}","[{""days"": 3, ""message"": ""Following up""}]",Sponsorship,spon-0201,"{""price_usd"": 100, ""benefits"": [""Website logo"", ""Social shoutout""]}","Hi {first_name}, we'd love to include you as a sponsor."
"[""tiers"", ""leads""]",2025-08-14,Gold,"{""company"": ""Auto Parts Store"", ""contact"": {""name"": ""Alex"", ""email"": ""partner@example.com""}}","[{""days"": 3, ""message"": ""Following up""}]",Sponsorship,spon-0202,"{""price_usd"": 150, ""benefits"": [""On-air mentions"", ""Logo on flyer""]}","Hi {first_name}, we'd love to include you as a sponsor."
"[""tiers"", ""leads""]",2025-08-14,Silver,"{""company"": ""Auto Parts Store"", ""contact"": {""name"": ""Alex"", ""email"": ""partner@example.com""}}","[{""days"": 3, ""message"": ""Following up""}]",Sponsorship,spon-0203,"{""price_usd"": 250, ""benefits"": [""On-air mentions"", ""Logo on flyer""]}","Hi {first_name}, we'd love to include you as a sponsor."
"[""tiers"", ""leads""]",2025-08-14,Gold,"{""company"": ""Auto Parts Store"", ""contact"": {""name"": ""Alex"", ""email"": ""partner@example.com""}}","[{""days"": 3, ""message"": ""Following up""}]",Sponsorship,spon-0204,"{""price_usd"": 200, ""benefits"": [""Website logo"", ""Logo on flyer""]}","Hi {first_name}, we'd love to include you as a sponsor."
"[""tiers"", ""leads""]",2025-08-14,Silver,"{""company"": ""Local Credit Union"", ""contact"": {""name"": ""Alex"", ""email"": ""partner@example.com""}}","[{""days"": 3, ""message"": ""Following up""}]",Sponsorship,spon-0205,"{""price_usd"": 250, ""benefits"": [""Social shoutout"", ""Logo on flyer""]}","Hi {first_name}, we'd love to include you as a sponsor."
"[""tiers"", ""leads""]",2025-08-14,Bronze,"{""company"": ""Local Credit Union"", ""contact"": {""name"": ""Alex"", ""email"": ""partner@example.com""}}","[{""days"": 3, ""message"": ""Following up""}]",Sponsorship,spon-0206,"{""price_usd"": 250, ""benefits"": [""Logo on flyer"", ""On-air mentions""]}","Hi {first_name}, we'd love to include you as a sponsor."
"[""tiers"", ""leads""]",2025-08-14,Gold,"{""company"": ""Auto Parts Store"", ""contact"": {""name"": ""Alex"", ""email"": ""partner@example.com""}}","[{""days"": 3, ""message"": ""Following up""}]",Sponsorship,spon-0207,"{""price_usd"": 100, ""benefits"": [""Social shoutout"", ""On-air mentions""]}","Hi {first_name}, we'd love to include you as a sponsor."
"[""tiers"", ""leads""]",2025-08-14,Silver,"{""company"": ""Auto Parts Store"", ""contact"": {""name"": ""Alex"", ""email"": ""partner@example.com""}}","[{""days"": 3, ""message"": ""Following up""}]",Sponsorship,spon-0208,"{""price_usd"": 200, ""benefits"": [""Logo on flyer"", ""Social shoutout""]}","Hi {first_name}, we'd love to include you as a sponsor."
"[""tiers"", ""leads""]",2025-08-14,Platinum,"{""company"": ""Auto Parts Store"", ""contact"": {""name"": ""Alex"", ""email"": ""partner@example.com""}}","[{""days"": 3, ""message"": ""Following up""}]",Sponsorship,spon-0209,"{""price_usd"": 200, ""benefits"": [""Social shoutout"", ""Website logo""]}","Hi {first_name}, we'd love to include you as a sponsor."
"[""tiers"", ""leads""]",2025-08-14,Silver,"{""company"": ""Auto Parts Store"", ""contact"": {""name"": ""Alex"", ""email"": ""partner@example.com""}}","[{""days"": 3, ""message"": ""Following up""}]",Sponsorship,spon-0210,"{""price_usd"": 100, ""benefits"": [""Social shoutout"", ""Website logo""]}","Hi {first_name}, we'd love to include you as a sponsor."
"[""tiers"", ""leads""]",2025-08-14,Bronze,"{""company"": ""Local Credit Union"", ""contact"": {""name"": ""Alex"", ""email"": ""partner@example.com""}}","[{""days"": 3, ""message"": ""Following up""}]",Sponsorship,spon-0211,"{""price_usd"": 100, ""benefits"": [""On-air mentions"", ""Social shoutout""]}","Hi {first_name}, we'd love to include you as a sponsor."
"[""tiers"", ""leads""]",2025-08-14,Bronze,"{""company"": ""Local Credit Union"", ""contact"": {""name"": ""Alex"", ""email"": ""partner@example.com""}}","[{""days"": 3, ""message"": ""Following up""}]",Sponsorship,spon-0212,"{""price_usd"": 250, ""benefits"": [""On-air mentions"", ""Website logo""]}","Hi {first_name}, we'd love to include you as a sponsor."
"[""tiers"", ""leads""]",2025-08-14,Silver,"{""company"": ""Local Credit Union"", ""contact"": {""name"": ""Alex"", ""email"": ""partner@example.com""}}","[{""days"": 3, ""message"": ""Following up""}]",Sponsorship,spon-0213,"{""price_usd"": 150, ""benefits"": [""On-air mentions"", ""Logo on flyer""]}","Hi {first_name}, we'd love to include you as a sponsor."
"[""tiers"", ""leads""]",2025-08-14,Silver,"{""company"": ""Auto Parts Store"", ""contact"": {""name"": ""Alex"", ""email"": ""partner@example.com""}}","[{""days"": 3, ""message"": ""Following up""}]",Sponsorship,spon-0214,"{""price_usd"": 200, ""benefits"": [""Social shoutout"", ""On-air mentions""]}","Hi {first_name}, we'd love to include you as a sponsor."
"[""tiers"", ""leads""]",2025-08-14,Silver,"{""company"": ""Auto Parts Store"", ""contact"": {""name"": ""Alex"", ""email"": ""partner@example.com""}}","[{""days"": 3, ""message"": ""Following up""}]",Sponsorship,spon-0215,"{""price_usd"": 150, ""benefits"": [""Logo on flyer"", ""Social shoutout""]}","Hi {first_name}, we'd love to include you as a sponsor."
"[""tiers"", ""leads""]",2025-08-14,Platinum,"{""company"": ""Auto Parts Store"", ""contact"": {""name"": ""Alex"", ""email"": ""partner@example.com""}}","[{""days"": 3, ""message"": ""Following up""}]",Sponsorship,spon-0216,"{""price_usd"": 250, ""benefits"": [""Logo on flyer"", ""On-air mentions""]}","Hi {first_name}, we'd love to include you as a sponsor."
"[""tiers"", ""leads""]",2025-08-14,Platinum,"{""company"": ""Auto Parts Store"", ""contact"": {""name"": ""Alex"", ""email"": ""partner@example.com""}}","[{""days"": 3, ""message"": ""Following up""}]",Sponsorship,spon-0217,"{""price_usd"": 100, ""benefits"": [""On-air mentions"", ""Website logo""]}","Hi {first_name}, we'd love to include you as a sponsor."
"[""tiers"", ""leads""]",2025-08-14,Bronze,"{""company"": ""Auto Parts Store"", ""contact"": {""name"": ""Alex"", ""email"": ""partner@example.com""}}","[{""days"": 3, ""message"": ""Following up""}]",Sponsorship,spon-0218,"{""price_usd"": 100, ""benefits"": [""On-air mentions"", ""Social shoutout""]}","Hi {first_name}, we'd love to include you as a sponsor."
"[""tiers"", ""leads""]",2025-08-14,Platinum,"{""company"": ""Local Credit Union"", ""contact"": {""name"": ""Alex"", ""email"": ""partner@example.com""}}","[{""days"": 3, ""message"": ""Following up""}]",Sponsorship,spon-0219,"{""price_usd"": 200, ""benefits"": [""Social shoutout"", ""Logo on flyer""]}","Hi {first_name}, we'd love to include you as a sponsor."
"[""tiers"", ""leads""]",2025-08-14,Silver,"{""company"": ""Local Credit Union"", ""contact"": {""name"": ""Alex"", ""email"": ""partner@example.com""}}","[{""days"": 3, ""message"": ""Following up""}]",Sponsorship,spon-0220,"{""price_usd"": 150, ""benefits"": [""Logo on flyer"", ""On-air mentions""]}","Hi {first_name}, we'd love to include you as a sponsor."
