arc_type,tags,last_updated,category,id
thriller,"[""story"", ""arc""]",2025-08-14,Story Bible,bible-0001
thriller,"[""story"", ""arc""]",2025-08-14,Story Bible,bible-0002
thriller,"[""story"", ""arc""]",2025-08-14,Story Bible,bible-0003
thriller,"[""story"", ""arc""]",2025-08-14,Story Bible,bible-0004
thriller,"[""story"", ""arc""]",2025-08-14,Story Bible,bible-0005
thriller,"[""story"", ""arc""]",2025-08-14,Story Bible,bible-0006
thriller,"[""story"", ""arc""]",2025-08-14,Story Bible,bible-0007
thriller,"[""story"", ""arc""]",2025-08-14,Story Bible,bible-0008
thriller,"[""story"", ""arc""]",2025-08-14,Story Bible,bible-0009
thriller,"[""story"", ""arc""]",2025-08-14,Story Bible,bible-0010
thriller,"[""story"", ""arc""]",2025-08-14,Story Bible,bible-0011
thriller,"[""story"", ""arc""]",2025-08-14,Story Bible,bible-0012
thriller,"[""story"", ""arc""]",2025-08-14,Story Bible,bible-0013
thriller,"[""story"", ""arc""]",2025-08-14,Story Bible,bible-0014
thriller,"[""story"", ""arc""]",2025-08-14,Story Bible,bible-0015
thriller,"[""story"", ""arc""]",2025-08-14,Story Bible,bible-0016
thriller,"[""story"", ""arc""]",2025-08-14,Story Bible,bible-0017
thriller,"[""story"", ""arc""]",2025-08-14,Story Bible,bible-0018
thriller,"[""story"", ""arc""]",2025-08-14,Story Bible,bible-0019
thriller,"[""story"", ""arc""]",2025-08-14,Story Bible,bible-0020
thriller,"[""story"", ""arc""]",2025-08-14,Story Bible,bible-0021
thriller,"[""story"", ""arc""]",2025-08-14,Story Bible,bible-0022
thriller,"[""story"", ""arc""]",2025-08-14,Story Bible,bible-0023
thriller,"[""story"", ""arc""]",2025-08-14,Story Bible,bible-0024
thriller,"[""story"", ""arc""]",2025-08-14,Story Bible,bible-0025
thriller,"[""story"", ""arc""]",2025-08-14,Story Bible,bible-0026
thriller,"[""story"", ""arc""]",2025-08-14,Story Bible,bible-0027
thriller,"[""story"", ""arc""]",2025-08-14,Story Bible,bible-0028
thriller,"[""story"", ""arc""]",2025-08-14,Story Bible,bible-0029
thriller,"[""story"", ""arc""]",2025-08-14,Story Bible,bible-0030
thriller,"[""story"", ""arc""]",2025-08-14,Story Bible,bible-0031
thriller,"[""story"", ""arc""]",2025-08-14,Story Bible,bible-0032
thriller,"[""story"", ""arc""]",2025-08-14,Story Bible,bible-0033
thriller,"[""story"", ""arc""]",2025-08-14,Story Bible,bible-0034
thriller,"[""story"", ""arc""]",2025-08-14,Story Bible,bible-0035
thriller,"[""story"", ""arc""]",2025-08-14,Story Bible,bible-0036
thriller,"[""story"", ""arc""]",2025-08-14,Story Bible,bible-0037
thriller,"[""story"", ""arc""]",2025-08-14,Story Bible,bible-0038
thriller,"[""story"", ""arc""]",2025-08-14,Story Bible,bible-0039
thriller,"[""story"", ""arc""]",2025-08-14,Story Bible,bible-0040
thriller,"[""story"", ""arc""]",2025-08-14,Story Bible,bible-0041
thriller,"[""story"", ""arc""]",2025-08-14,Story Bible,bible-0042
thriller,"[""story"", ""arc""]",2025-08-14,Story Bible,bible-0043
thriller,"[""story"", ""arc""]",2025-08-14,Story Bible,bible-0044
thriller,"[""story"", ""arc""]",2025-08-14,Story Bible,bible-0045
thriller,"[""story"", ""arc""]",2025-08-14,Story Bible,bible-0046
thriller,"[""story"", ""arc""]",2025-08-14,Story Bible,bible-0047
thriller,"[""story"", ""arc""]",2025-08-14,Story Bible,bible-0048
thriller,"[""story"", ""arc""]",2025-08-14,Story Bible,bible-0049
thriller,"[""story"", ""arc""]",2025-08-14,Story Bible,bible-0050
thriller,"[""story"", ""arc""]",2025-08-14,Story Bible,bible-0051
thriller,"[""story"", ""arc""]",2025-08-14,Story Bible,bible-0052
thriller,"[""story"", ""arc""]",2025-08-14,Story Bible,bible-0053
thriller,"[""story"", ""arc""]",2025-08-14,Story Bible,bible-0054
thriller,"[""story"", ""arc""]",2025-08-14,Story Bible,bible-0055
thriller,"[""story"", ""arc""]",2025-08-14,Story Bible,bible-0056
thriller,"[""story"", ""arc""]",2025-08-14,Story Bible,bible-0057
thriller,"[""story"", ""arc""]",2025-08-14,Story Bible,bible-0058
thriller,"[""story"", ""arc""]",2025-08-14,Story Bible,bible-0059
thriller,"[""story"", ""arc""]",2025-08-14,Story Bible,bible-0060
thriller,"[""story"", ""arc""]",2025-08-14,Story Bible,bible-0061
thriller,"[""story"", ""arc""]",2025-08-14,Story Bible,bible-0062
thriller,"[""story"", ""arc""]",2025-08-14,Story Bible,bible-0063
thriller,"[""story"", ""arc""]",2025-08-14,Story Bible,bible-0064
thriller,"[""story"", ""arc""]",2025-08-14,Story Bible,bible-0065
thriller,"[""story"", ""arc""]",2025-08-14,Story Bible,bible-0066
thriller,"[""story"", ""arc""]",2025-08-14,Story Bible,bible-0067
thriller,"[""story"", ""arc""]",2025-08-14,Story Bible,bible-0068
thriller,"[""story"", ""arc""]",2025-08-14,Story Bible,bible-0069
thriller,"[""story"", ""arc""]",2025-08-14,Story Bible,bible-0070
thriller,"[""story"", ""arc""]",2025-08-14,Story Bible,bible-0071
thriller,"[""story"", ""arc""]",2025-08-14,Story Bible,bible-0072
thriller,"[""story"", ""arc""]",2025-08-14,Story Bible,bible-0073
thriller,"[""story"", ""arc""]",2025-08-14,Story Bible,bible-0074
thriller,"[""story"", ""arc""]",2025-08-14,Story Bible,bible-0075
thriller,"[""story"", ""arc""]",2025-08-14,Story Bible,bible-0076
thriller,"[""story"", ""arc""]",2025-08-14,Story Bible,bible-0077
thriller,"[""story"", ""arc""]",2025-08-14,Story Bible,bible-0078
thriller,"[""story"", ""arc""]",2025-08-14,Story Bible,bible-0079
thriller,"[""story"", ""arc""]",2025-08-14,Story Bible,bible-0080
thriller,"[""story"", ""arc""]",2025-08-14,Story Bible,bible-0081
thriller,"[""story"", ""arc""]",2025-08-14,Story Bible,bible-0082
thriller,"[""story"", ""arc""]",2025-08-14,Story Bible,bible-0083
thriller,"[""story"", ""arc""]",2025-08-14,Story Bible,bible-0084
thriller,"[""story"", ""arc""]",2025-08-14,Story Bible,bible-0085
thriller,"[""story"", ""arc""]",2025-08-14,Story Bible,bible-0086
thriller,"[""story"", ""arc""]",2025-08-14,Story Bible,bible-0087
thriller,"[""story"", ""arc""]",2025-08-14,Story Bible,bible-0088
thriller,"[""story"", ""arc""]",2025-08-14,Story Bible,bible-0089
thriller,"[""story"", ""arc""]",2025-08-14,Story Bible,bible-0090
thriller,"[""story"", ""arc""]",2025-08-14,Story Bible,bible-0091
thriller,"[""story"", ""arc""]",2025-08-14,Story Bible,bible-0092
thriller,"[""story"", ""arc""]",2025-08-14,Story Bible,bible-0093
thriller,"[""story"", ""arc""]",2025-08-14,Story Bible,bible-0094
thriller,"[""story"", ""arc""]",2025-08-14,Story Bible,bible-0095
thriller,"[""story"", ""arc""]",2025-08-14,Story Bible,bible-0096
thriller,"[""story"", ""arc""]",2025-08-14,Story Bible,bible-0097
thriller,"[""story"", ""arc""]",2025-08-14,Story Bible,bible-0098
thriller,"[""story"", ""arc""]",2025-08-14,Story Bible,bible-0099
thriller,"[""story"", ""arc""]",2025-08-14,Story Bible,bible-0100
thriller,"[""story"", ""arc""]",2025-08-14,Story Bible,bible-0101
thriller,"[""story"", ""arc""]",2025-08-14,Story Bible,bible-0102
thriller,"[""story"", ""arc""]",2025-08-14,Story Bible,bible-0103
thriller,"[""story"", ""arc""]",2025-08-14,Story Bible,bible-0104
thriller,"[""story"", ""arc""]",2025-08-14,Story Bible,bible-0105
thriller,"[""story"", ""arc""]",2025-08-14,Story Bible,bible-0106
thriller,"[""story"", ""arc""]",2025-08-14,Story Bible,bible-0107
thriller,"[""story"", ""arc""]",2025-08-14,Story Bible,bible-0108
thriller,"[""story"", ""arc""]",2025-08-14,Story Bible,bible-0109
thriller,"[""story"", ""arc""]",2025-08-14,Story Bible,bible-0110
thriller,"[""story"", ""arc""]",2025-08-14,Story Bible,bible-0111
thriller,"[""story"", ""arc""]",2025-08-14,Story Bible,bible-0112
thriller,"[""story"", ""arc""]",2025-08-14,Story Bible,bible-0113
thriller,"[""story"", ""arc""]",2025-08-14,Story Bible,bible-0114
thriller,"[""story"", ""arc""]",2025-08-14,Story Bible,bible-0115
thriller,"[""story"", ""arc""]",2025-08-14,Story Bible,bible-0116
thriller,"[""story"", ""arc""]",2025-08-14,Story Bible,bible-0117
thriller,"[""story"", ""arc""]",2025-08-14,Story Bible,bible-0118
thriller,"[""story"", ""arc""]",2025-08-14,Story Bible,bible-0119
thriller,"[""story"", ""arc""]",2025-08-14,Story Bible,bible-0120
thriller,"[""story"", ""arc""]",2025-08-14,Story Bible,bible-0121
thriller,"[""story"", ""arc""]",2025-08-14,Story Bible,bible-0122
thriller,"[""story"", ""arc""]",2025-08-14,Story Bible,bible-0123
thriller,"[""story"", ""arc""]",2025-08-14,Story Bible,bible-0124
thriller,"[""story"", ""arc""]",2025-08-14,Story Bible,bible-0125
thriller,"[""story"", ""arc""]",2025-08-14,Story Bible,bible-0126
thriller,"[""story"", ""arc""]",2025-08-14,Story Bible,bible-0127
thriller,"[""story"", ""arc""]",2025-08-14,Story Bible,bible-0128
thriller,"[""story"", ""arc""]",2025-08-14,Story Bible,bible-0129
thriller,"[""story"", ""arc""]",2025-08-14,Story Bible,bible-0130
thriller,"[""story"", ""arc""]",2025-08-14,Story Bible,bible-0131
thriller,"[""story"", ""arc""]",2025-08-14,Story Bible,bible-0132
thriller,"[""story"", ""arc""]",2025-08-14,Story Bible,bible-0133
thriller,"[""story"", ""arc""]",2025-08-14,Story Bible,bible-0134
thriller,"[""story"", ""arc""]",2025-08-14,Story Bible,bible-0135
thriller,"[""story"", ""arc""]",2025-08-14,Story Bible,bible-0136
thriller,"[""story"", ""arc""]",2025-08-14,Story Bible,bible-0137
thriller,"[""story"", ""arc""]",2025-08-14,Story Bible,bible-0138
thriller,"[""story"", ""arc""]",2025-08-14,Story Bible,bible-0139
thriller,"[""story"", ""arc""]",2025-08-14,Story Bible,bible-0140
thriller,"[""story"", ""arc""]",2025-08-14,Story Bible,bible-0141
thriller,"[""story"", ""arc""]",2025-08-14,Story Bible,bible-0142
thriller,"[""story"", ""arc""]",2025-08-14,Story Bible,bible-0143
thriller,"[""story"", ""arc""]",2025-08-14,Story Bible,bible-0144
thriller,"[""story"", ""arc""]",2025-08-14,Story Bible,bible-0145
thriller,"[""story"", ""arc""]",2025-08-14,Story Bible,bible-0146
thriller,"[""story"", ""arc""]",2025-08-14,Story Bible,bible-0147
thriller,"[""story"", ""arc""]",2025-08-14,Story Bible,bible-0148
thriller,"[""story"", ""arc""]",2025-08-14,Story Bible,bible-0149
thriller,"[""story"", ""arc""]",2025-08-14,Story Bible,bible-0150
thriller,"[""story"", ""arc""]",2025-08-14,Story Bible,bible-0151
thriller,"[""story"", ""arc""]",2025-08-14,Story Bible,bible-0152
thriller,"[""story"", ""arc""]",2025-08-14,Story Bible,bible-0153
thriller,"[""story"", ""arc""]",2025-08-14,Story Bible,bible-0154
thriller,"[""story"", ""arc""]",2025-08-14,Story Bible,bible-0155
thriller,"[""story"", ""arc""]",2025-08-14,Story Bible,bible-0156
thriller,"[""story"", ""arc""]",2025-08-14,Story Bible,bible-0157
thriller,"[""story"", ""arc""]",2025-08-14,Story Bible,bible-0158
thriller,"[""story"", ""arc""]",2025-08-14,Story Bible,bible-0159
thriller,"[""story"", ""arc""]",2025-08-14,Story Bible,bible-0160
thriller,"[""story"", ""arc""]",2025-08-14,Story Bible,bible-0161
thriller,"[""story"", ""arc""]",2025-08-14,Story Bible,bible-0162
thriller,"[""story"", ""arc""]",2025-08-14,Story Bible,bible-0163
thriller,"[""story"", ""arc""]",2025-08-14,Story Bible,bible-0164
thriller,"[""story"", ""arc""]",2025-08-14,Story Bible,bible-0165
thriller,"[""story"", ""arc""]",2025-08-14,Story Bible,bible-0166
thriller,"[""story"", ""arc""]",2025-08-14,Story Bible,bible-0167
thriller,"[""story"", ""arc""]",2025-08-14,Story Bible,bible-0168
thriller,"[""story"", ""arc""]",2025-08-14,Story Bible,bible-0169
thriller,"[""story"", ""arc""]",2025-08-14,Story Bible,bible-0170
thriller,"[""story"", ""arc""]",2025-08-14,Story Bible,bible-0171
thriller,"[""story"", ""arc""]",2025-08-14,Story Bible,bible-0172
thriller,"[""story"", ""arc""]",2025-08-14,Story Bible,bible-0173
thriller,"[""story"", ""arc""]",2025-08-14,Story Bible,bible-0174
thriller,"[""story"", ""arc""]",2025-08-14,Story Bible,bible-0175
thriller,"[""story"", ""arc""]",2025-08-14,Story Bible,bible-0176
thriller,"[""story"", ""arc""]",2025-08-14,Story Bible,bible-0177
thriller,"[""story"", ""arc""]",2025-08-14,Story Bible,bible-0178
thriller,"[""story"", ""arc""]",2025-08-14,Story Bible,bible-0179
thriller,"[""story"", ""arc""]",2025-08-14,Story Bible,bible-0180
thriller,"[""story"", ""arc""]",2025-08-14,Story Bible,bible-0181
thriller,"[""story"", ""arc""]",2025-08-14,Story Bible,bible-0182
thriller,"[""story"", ""arc""]",2025-08-14,Story Bible,bible-0183
thriller,"[""story"", ""arc""]",2025-08-14,Story Bible,bible-0184
thriller,"[""story"", ""arc""]",2025-08-14,Story Bible,bible-0185
thriller,"[""story"", ""arc""]",2025-08-14,Story Bible,bible-0186
thriller,"[""story"", ""arc""]",2025-08-14,Story Bible,bible-0187
thriller,"[""story"", ""arc""]",2025-08-14,Story Bible,bible-0188
thriller,"[""story"", ""arc""]",2025-08-14,Story Bible,bible-0189
thriller,"[""story"", ""arc""]",2025-08-14,Story Bible,bible-0190
thriller,"[""story"", ""arc""]",2025-08-14,Story Bible,bible-0191
thriller,"[""story"", ""arc""]",2025-08-14,Story Bible,bible-0192
thriller,"[""story"", ""arc""]",2025-08-14,Story Bible,bible-0193
thriller,"[""story"", ""arc""]",2025-08-14,Story Bible,bible-0194
thriller,"[""story"", ""arc""]",2025-08-14,Story Bible,bible-0195
thriller,"[""story"", ""arc""]",2025-08-14,Story Bible,bible-0196
thriller,"[""story"", ""arc""]",2025-08-14,Story Bible,bible-0197
thriller,"[""story"", ""arc""]",2025-08-14,Story Bible,bible-0198
thriller,"[""story"", ""arc""]",2025-08-14,Story Bible,bible-0199
thriller,"[""story"", ""arc""]",2025-08-14,Story Bible,bible-0200
thriller,"[""story"", ""arc""]",2025-08-14,Story Bible,bible-0201
thriller,"[""story"", ""arc""]",2025-08-14,Story Bible,bible-0202
thriller,"[""story"", ""arc""]",2025-08-14,Story Bible,bible-0203
thriller,"[""story"", ""arc""]",2025-08-14,Story Bible,bible-0204
thriller,"[""story"", ""arc""]",2025-08-14,Story Bible,bible-0205
thriller,"[""story"", ""arc""]",2025-08-14,Story Bible,bible-0206
thriller,"[""story"", ""arc""]",2025-08-14,Story Bible,bible-0207
thriller,"[""story"", ""arc""]",2025-08-14,Story Bible,bible-0208
thriller,"[""story"", ""arc""]",2025-08-14,Story Bible,bible-0209
thriller,"[""story"", ""arc""]",2025-08-14,Story Bible,bible-0210
thriller,"[""story"", ""arc""]",2025-08-14,Story Bible,bible-0211
thriller,"[""story"", ""arc""]",2025-08-14,Story Bible,bible-0212
thriller,"[""story"", ""arc""]",2025-08-14,Story Bible,bible-0213
thriller,"[""story"", ""arc""]",2025-08-14,Story Bible,bible-0214
thriller,"[""story"", ""arc""]",2025-08-14,Story Bible,bible-0215
thriller,"[""story"", ""arc""]",2025-08-14,Story Bible,bible-0216
thriller,"[""story"", ""arc""]",2025-08-14,Story Bible,bible-0217
thriller,"[""story"", ""arc""]",2025-08-14,Story Bible,bible-0218
thriller,"[""story"", ""arc""]",2025-08-14,Story Bible,bible-0219
thriller,"[""story"", ""arc""]",2025-08-14,Story Bible,bible-0220
