type,tags,path,last_updated,dimensions,category,id,asset_name,animation
sprite,"[""ui"", ""assets""]",assets/sprite/icon_1.png,2025-08-14,"{""w"": 48, ""h"": 48, ""dpi"": 96}",UI Asset Map,asset-0001,icon_1,"{""frames"": 1, ""fps"": 0, ""trigger"": ""hover"", ""loop"": false}"
sprite,"[""ui"", ""assets""]",assets/sprite/icon_2.png,2025-08-14,"{""w"": 48, ""h"": 48, ""dpi"": 96}",UI Asset Map,asset-0002,icon_2,"{""frames"": 1, ""fps"": 0, ""trigger"": ""hover"", ""loop"": false}"
sprite,"[""ui"", ""assets""]",assets/sprite/icon_3.png,2025-08-14,"{""w"": 48, ""h"": 48, ""dpi"": 96}",UI Asset Map,asset-0003,icon_3,"{""frames"": 1, ""fps"": 0, ""trigger"": ""hover"", ""loop"": false}"
sprite,"[""ui"", ""assets""]",assets/sprite/icon_4.png,2025-08-14,"{""w"": 48, ""h"": 48, ""dpi"": 96}",UI Asset Map,asset-0004,icon_4,"{""frames"": 1, ""fps"": 0, ""trigger"": ""hover"", ""loop"": false}"
sprite,"[""ui"", ""assets""]",assets/sprite/icon_5.png,2025-08-14,"{""w"": 48, ""h"": 48, ""dpi"": 96}",UI Asset Map,asset-0005,icon_5,"{""frames"": 1, ""fps"": 0, ""trigger"": ""hover"", ""loop"": false}"
sprite,"[""ui"", ""assets""]",assets/sprite/icon_6.png,2025-08-14,"{""w"": 48, ""h"": 48, ""dpi"": 96}",UI Asset Map,asset-0006,icon_6,"{""frames"": 1, ""fps"": 0, ""trigger"": ""hover"", ""loop"": false}"
sprite,"[""ui"", ""assets""]",assets/sprite/icon_7.png,2025-08-14,"{""w"": 48, ""h"": 48, ""dpi"": 96}",UI Asset Map,asset-0007,icon_7,"{""frames"": 1, ""fps"": 0, ""trigger"": ""hover"", ""loop"": false}"
sprite,"[""ui"", ""assets""]",assets/sprite/icon_8.png,2025-08-14,"{""w"": 48, ""h"": 48, ""dpi"": 96}",UI Asset Map,asset-0008,icon_8,"{""frames"": 1, ""fps"": 0, ""trigger"": ""hover"", ""loop"": false}"
sprite,"[""ui"", ""assets""]",assets/sprite/icon_9.png,2025-08-14,"{""w"": 48, ""h"": 48, ""dpi"": 96}",UI Asset Map,asset-0009,icon_9,"{""frames"": 1, ""fps"": 0, ""trigger"": ""hover"", ""loop"": false}"
sprite,"[""ui"", ""assets""]",assets/sprite/icon_10.png,2025-08-14,"{""w"": 48, ""h"": 48, ""dpi"": 96}",UI Asset Map,asset-0010,icon_10,"{""frames"": 1, ""fps"": 0, ""trigger"": ""hover"", ""loop"": false}"
sprite,"[""ui"", ""assets""]",assets/sprite/icon_11.png,2025-08-14,"{""w"": 48, ""h"": 48, ""dpi"": 96}",UI Asset Map,asset-0011,icon_11,"{""frames"": 1, ""fps"": 0, ""trigger"": ""hover"", ""loop"": false}"
sprite,"[""ui"", ""assets""]",assets/sprite/icon_12.png,2025-08-14,"{""w"": 48, ""h"": 48, ""dpi"": 96}",UI Asset Map,asset-0012,icon_12,"{""frames"": 1, ""fps"": 0, ""trigger"": ""hover"", ""loop"": false}"
sprite,"[""ui"", ""assets""]",assets/sprite/icon_13.png,2025-08-14,"{""w"": 48, ""h"": 48, ""dpi"": 96}",UI Asset Map,asset-0013,icon_13,"{""frames"": 1, ""fps"": 0, ""trigger"": ""hover"", ""loop"": false}"
sprite,"[""ui"", ""assets""]",assets/sprite/icon_14.png,2025-08-14,"{""w"": 48, ""h"": 48, ""dpi"": 96}",UI Asset Map,asset-0014,icon_14,"{""frames"": 1, ""fps"": 0, ""trigger"": ""hover"", ""loop"": false}"
sprite,"[""ui"", ""assets""]",assets/sprite/icon_15.png,2025-08-14,"{""w"": 48, ""h"": 48, ""dpi"": 96}",UI Asset Map,asset-0015,icon_15,"{""frames"": 1, ""fps"": 0, ""trigger"": ""hover"", ""loop"": false}"
sprite,"[""ui"", ""assets""]",assets/sprite/icon_16.png,2025-08-14,"{""w"": 48, ""h"": 48, ""dpi"": 96}",UI Asset Map,asset-0016,icon_16,"{""frames"": 1, ""fps"": 0, ""trigger"": ""hover"", ""loop"": false}"
sprite,"[""ui"", ""assets""]",assets/sprite/icon_17.png,2025-08-14,"{""w"": 48, ""h"": 48, ""dpi"": 96}",UI Asset Map,asset-0017,icon_17,"{""frames"": 1, ""fps"": 0, ""trigger"": ""hover"", ""loop"": false}"
sprite,"[""ui"", ""assets""]",assets/sprite/icon_18.png,2025-08-14,"{""w"": 48, ""h"": 48, ""dpi"": 96}",UI Asset Map,asset-0018,icon_18,"{""frames"": 1, ""fps"": 0, ""trigger"": ""hover"", ""loop"": false}"
sprite,"[""ui"", ""assets""]",assets/sprite/icon_19.png,2025-08-14,"{""w"": 48, ""h"": 48, ""dpi"": 96}",UI Asset Map,asset-0019,icon_19,"{""frames"": 1, ""fps"": 0, ""trigger"": ""hover"", ""loop"": false}"
sprite,"[""ui"", ""assets""]",assets/sprite/icon_20.png,2025-08-14,"{""w"": 48, ""h"": 48, ""dpi"": 96}",UI Asset Map,asset-0020,icon_20,"{""frames"": 1, ""fps"": 0, ""trigger"": ""hover"", ""loop"": false}"
sprite,"[""ui"", ""assets""]",assets/sprite/icon_21.png,2025-08-14,"{""w"": 48, ""h"": 48, ""dpi"": 96}",UI Asset Map,asset-0021,icon_21,"{""frames"": 1, ""fps"": 0, ""trigger"": ""hover"", ""loop"": false}"
sprite,"[""ui"", ""assets""]",assets/sprite/icon_22.png,2025-08-14,"{""w"": 48, ""h"": 48, ""dpi"": 96}",UI Asset Map,asset-0022,icon_22,"{""frames"": 1, ""fps"": 0, ""trigger"": ""hover"", ""loop"": false}"
sprite,"[""ui"", ""assets""]",assets/sprite/icon_23.png,2025-08-14,"{""w"": 48, ""h"": 48, ""dpi"": 96}",UI Asset Map,asset-0023,icon_23,"{""frames"": 1, ""fps"": 0, ""trigger"": ""hover"", ""loop"": false}"
sprite,"[""ui"", ""assets""]",assets/sprite/icon_24.png,2025-08-14,"{""w"": 48, ""h"": 48, ""dpi"": 96}",UI Asset Map,asset-0024,icon_24,"{""frames"": 1, ""fps"": 0, ""trigger"": ""hover"", ""loop"": false}"
sprite,"[""ui"", ""assets""]",assets/sprite/icon_25.png,2025-08-14,"{""w"": 48, ""h"": 48, ""dpi"": 96}",UI Asset Map,asset-0025,icon_25,"{""frames"": 1, ""fps"": 0, ""trigger"": ""hover"", ""loop"": false}"
sprite,"[""ui"", ""assets""]",assets/sprite/icon_26.png,2025-08-14,"{""w"": 48, ""h"": 48, ""dpi"": 96}",UI Asset Map,asset-0026,icon_26,"{""frames"": 1, ""fps"": 0, ""trigger"": ""hover"", ""loop"": false}"
sprite,"[""ui"", ""assets""]",assets/sprite/icon_27.png,2025-08-14,"{""w"": 48, ""h"": 48, ""dpi"": 96}",UI Asset Map,asset-0027,icon_27,"{""frames"": 1, ""fps"": 0, ""trigger"": ""hover"", ""loop"": false}"
sprite,"[""ui"", ""assets""]",assets/sprite/icon_28.png,2025-08-14,"{""w"": 48, ""h"": 48, ""dpi"": 96}",UI Asset Map,asset-0028,icon_28,"{""frames"": 1, ""fps"": 0, ""trigger"": ""hover"", ""loop"": false}"
sprite,"[""ui"", ""assets""]",assets/sprite/icon_29.png,2025-08-14,"{""w"": 48, ""h"": 48, ""dpi"": 96}",UI Asset Map,asset-0029,icon_29,"{""frames"": 1, ""fps"": 0, ""trigger"": ""hover"", ""loop"": false}"
sprite,"[""ui"", ""assets""]",assets/sprite/icon_30.png,2025-08-14,"{""w"": 48, ""h"": 48, ""dpi"": 96}",UI Asset Map,asset-0030,icon_30,"{""frames"": 1, ""fps"": 0, ""trigger"": ""hover"", ""loop"": false}"
sprite,"[""ui"", ""assets""]",assets/sprite/icon_31.png,2025-08-14,"{""w"": 48, ""h"": 48, ""dpi"": 96}",UI Asset Map,asset-0031,icon_31,"{""frames"": 1, ""fps"": 0, ""trigger"": ""hover"", ""loop"": false}"
sprite,"[""ui"", ""assets""]",assets/sprite/icon_32.png,2025-08-14,"{""w"": 48, ""h"": 48, ""dpi"": 96}",UI Asset Map,asset-0032,icon_32,"{""frames"": 1, ""fps"": 0, ""trigger"": ""hover"", ""loop"": false}"
sprite,"[""ui"", ""assets""]",assets/sprite/icon_33.png,2025-08-14,"{""w"": 48, ""h"": 48, ""dpi"": 96}",UI Asset Map,asset-0033,icon_33,"{""frames"": 1, ""fps"": 0, ""trigger"": ""hover"", ""loop"": false}"
sprite,"[""ui"", ""assets""]",assets/sprite/icon_34.png,2025-08-14,"{""w"": 48, ""h"": 48, ""dpi"": 96}",UI Asset Map,asset-0034,icon_34,"{""frames"": 1, ""fps"": 0, ""trigger"": ""hover"", ""loop"": false}"
sprite,"[""ui"", ""assets""]",assets/sprite/icon_35.png,2025-08-14,"{""w"": 48, ""h"": 48, ""dpi"": 96}",UI Asset Map,asset-0035,icon_35,"{""frames"": 1, ""fps"": 0, ""trigger"": ""hover"", ""loop"": false}"
sprite,"[""ui"", ""assets""]",assets/sprite/icon_36.png,2025-08-14,"{""w"": 48, ""h"": 48, ""dpi"": 96}",UI Asset Map,asset-0036,icon_36,"{""frames"": 1, ""fps"": 0, ""trigger"": ""hover"", ""loop"": false}"
sprite,"[""ui"", ""assets""]",assets/sprite/icon_37.png,2025-08-14,"{""w"": 48, ""h"": 48, ""dpi"": 96}",UI Asset Map,asset-0037,icon_37,"{""frames"": 1, ""fps"": 0, ""trigger"": ""hover"", ""loop"": false}"
sprite,"[""ui"", ""assets""]",assets/sprite/icon_38.png,2025-08-14,"{""w"": 48, ""h"": 48, ""dpi"": 96}",UI Asset Map,asset-0038,icon_38,"{""frames"": 1, ""fps"": 0, ""trigger"": ""hover"", ""loop"": false}"
sprite,"[""ui"", ""assets""]",assets/sprite/icon_39.png,2025-08-14,"{""w"": 48, ""h"": 48, ""dpi"": 96}",UI Asset Map,asset-0039,icon_39,"{""frames"": 1, ""fps"": 0, ""trigger"": ""hover"", ""loop"": false}"
sprite,"[""ui"", ""assets""]",assets/sprite/icon_40.png,2025-08-14,"{""w"": 48, ""h"": 48, ""dpi"": 96}",UI Asset Map,asset-0040,icon_40,"{""frames"": 1, ""fps"": 0, ""trigger"": ""hover"", ""loop"": false}"
sprite,"[""ui"", ""assets""]",assets/sprite/icon_41.png,2025-08-14,"{""w"": 48, ""h"": 48, ""dpi"": 96}",UI Asset Map,asset-0041,icon_41,"{""frames"": 1, ""fps"": 0, ""trigger"": ""hover"", ""loop"": false}"
sprite,"[""ui"", ""assets""]",assets/sprite/icon_42.png,2025-08-14,"{""w"": 48, ""h"": 48, ""dpi"": 96}",UI Asset Map,asset-0042,icon_42,"{""frames"": 1, ""fps"": 0, ""trigger"": ""hover"", ""loop"": false}"
sprite,"[""ui"", ""assets""]",assets/sprite/icon_43.png,2025-08-14,"{""w"": 48, ""h"": 48, ""dpi"": 96}",UI Asset Map,asset-0043,icon_43,"{""frames"": 1, ""fps"": 0, ""trigger"": ""hover"", ""loop"": false}"
sprite,"[""ui"", ""assets""]",assets/sprite/icon_44.png,2025-08-14,"{""w"": 48, ""h"": 48, ""dpi"": 96}",UI Asset Map,asset-0044,icon_44,"{""frames"": 1, ""fps"": 0, ""trigger"": ""hover"", ""loop"": false}"
sprite,"[""ui"", ""assets""]",assets/sprite/icon_45.png,2025-08-14,"{""w"": 48, ""h"": 48, ""dpi"": 96}",UI Asset Map,asset-0045,icon_45,"{""frames"": 1, ""fps"": 0, ""trigger"": ""hover"", ""loop"": false}"
sprite,"[""ui"", ""assets""]",assets/sprite/icon_46.png,2025-08-14,"{""w"": 48, ""h"": 48, ""dpi"": 96}",UI Asset Map,asset-0046,icon_46,"{""frames"": 1, ""fps"": 0, ""trigger"": ""hover"", ""loop"": false}"
sprite,"[""ui"", ""assets""]",assets/sprite/icon_47.png,2025-08-14,"{""w"": 48, ""h"": 48, ""dpi"": 96}",UI Asset Map,asset-0047,icon_47,"{""frames"": 1, ""fps"": 0, ""trigger"": ""hover"", ""loop"": false}"
sprite,"[""ui"", ""assets""]",assets/sprite/icon_48.png,2025-08-14,"{""w"": 48, ""h"": 48, ""dpi"": 96}",UI Asset Map,asset-0048,icon_48,"{""frames"": 1, ""fps"": 0, ""trigger"": ""hover"", ""loop"": false}"
sprite,"[""ui"", ""assets""]",assets/sprite/icon_49.png,2025-08-14,"{""w"": 48, ""h"": 48, ""dpi"": 96}",UI Asset Map,asset-0049,icon_49,"{""frames"": 1, ""fps"": 0, ""trigger"": ""hover"", ""loop"": false}"
sprite,"[""ui"", ""assets""]",assets/sprite/icon_50.png,2025-08-14,"{""w"": 48, ""h"": 48, ""dpi"": 96}",UI Asset Map,asset-0050,icon_50,"{""frames"": 1, ""fps"": 0, ""trigger"": ""hover"", ""loop"": false}"
sprite,"[""ui"", ""assets""]",assets/sprite/icon_51.png,2025-08-14,"{""w"": 48, ""h"": 48, ""dpi"": 96}",UI Asset Map,asset-0051,icon_51,"{""frames"": 1, ""fps"": 0, ""trigger"": ""hover"", ""loop"": false}"
sprite,"[""ui"", ""assets""]",assets/sprite/icon_52.png,2025-08-14,"{""w"": 48, ""h"": 48, ""dpi"": 96}",UI Asset Map,asset-0052,icon_52,"{""frames"": 1, ""fps"": 0, ""trigger"": ""hover"", ""loop"": false}"
sprite,"[""ui"", ""assets""]",assets/sprite/icon_53.png,2025-08-14,"{""w"": 48, ""h"": 48, ""dpi"": 96}",UI Asset Map,asset-0053,icon_53,"{""frames"": 1, ""fps"": 0, ""trigger"": ""hover"", ""loop"": false}"
sprite,"[""ui"", ""assets""]",assets/sprite/icon_54.png,2025-08-14,"{""w"": 48, ""h"": 48, ""dpi"": 96}",UI Asset Map,asset-0054,icon_54,"{""frames"": 1, ""fps"": 0, ""trigger"": ""hover"", ""loop"": false}"
sprite,"[""ui"", ""assets""]",assets/sprite/icon_55.png,2025-08-14,"{""w"": 48, ""h"": 48, ""dpi"": 96}",UI Asset Map,asset-0055,icon_55,"{""frames"": 1, ""fps"": 0, ""trigger"": ""hover"", ""loop"": false}"
sprite,"[""ui"", ""assets""]",assets/sprite/icon_56.png,2025-08-14,"{""w"": 48, ""h"": 48, ""dpi"": 96}",UI Asset Map,asset-0056,icon_56,"{""frames"": 1, ""fps"": 0, ""trigger"": ""hover"", ""loop"": false}"
sprite,"[""ui"", ""assets""]",assets/sprite/icon_57.png,2025-08-14,"{""w"": 48, ""h"": 48, ""dpi"": 96}",UI Asset Map,asset-0057,icon_57,"{""frames"": 1, ""fps"": 0, ""trigger"": ""hover"", ""loop"": false}"
sprite,"[""ui"", ""assets""]",assets/sprite/icon_58.png,2025-08-14,"{""w"": 48, ""h"": 48, ""dpi"": 96}",UI Asset Map,asset-0058,icon_58,"{""frames"": 1, ""fps"": 0, ""trigger"": ""hover"", ""loop"": false}"
sprite,"[""ui"", ""assets""]",assets/sprite/icon_59.png,2025-08-14,"{""w"": 48, ""h"": 48, ""dpi"": 96}",UI Asset Map,asset-0059,icon_59,"{""frames"": 1, ""fps"": 0, ""trigger"": ""hover"", ""loop"": false}"
sprite,"[""ui"", ""assets""]",assets/sprite/icon_60.png,2025-08-14,"{""w"": 48, ""h"": 48, ""dpi"": 96}",UI Asset Map,asset-0060,icon_60,"{""frames"": 1, ""fps"": 0, ""trigger"": ""hover"", ""loop"": false}"
sprite,"[""ui"", ""assets""]",assets/sprite/icon_61.png,2025-08-14,"{""w"": 48, ""h"": 48, ""dpi"": 96}",UI Asset Map,asset-0061,icon_61,"{""frames"": 1, ""fps"": 0, ""trigger"": ""hover"", ""loop"": false}"
sprite,"[""ui"", ""assets""]",assets/sprite/icon_62.png,2025-08-14,"{""w"": 48, ""h"": 48, ""dpi"": 96}",UI Asset Map,asset-0062,icon_62,"{""frames"": 1, ""fps"": 0, ""trigger"": ""hover"", ""loop"": false}"
sprite,"[""ui"", ""assets""]",assets/sprite/icon_63.png,2025-08-14,"{""w"": 48, ""h"": 48, ""dpi"": 96}",UI Asset Map,asset-0063,icon_63,"{""frames"": 1, ""fps"": 0, ""trigger"": ""hover"", ""loop"": false}"
sprite,"[""ui"", ""assets""]",assets/sprite/icon_64.png,2025-08-14,"{""w"": 48, ""h"": 48, ""dpi"": 96}",UI Asset Map,asset-0064,icon_64,"{""frames"": 1, ""fps"": 0, ""trigger"": ""hover"", ""loop"": false}"
sprite,"[""ui"", ""assets""]",assets/sprite/icon_65.png,2025-08-14,"{""w"": 48, ""h"": 48, ""dpi"": 96}",UI Asset Map,asset-0065,icon_65,"{""frames"": 1, ""fps"": 0, ""trigger"": ""hover"", ""loop"": false}"
sprite,"[""ui"", ""assets""]",assets/sprite/icon_66.png,2025-08-14,"{""w"": 48, ""h"": 48, ""dpi"": 96}",UI Asset Map,asset-0066,icon_66,"{""frames"": 1, ""fps"": 0, ""trigger"": ""hover"", ""loop"": false}"
sprite,"[""ui"", ""assets""]",assets/sprite/icon_67.png,2025-08-14,"{""w"": 48, ""h"": 48, ""dpi"": 96}",UI Asset Map,asset-0067,icon_67,"{""frames"": 1, ""fps"": 0, ""trigger"": ""hover"", ""loop"": false}"
sprite,"[""ui"", ""assets""]",assets/sprite/icon_68.png,2025-08-14,"{""w"": 48, ""h"": 48, ""dpi"": 96}",UI Asset Map,asset-0068,icon_68,"{""frames"": 1, ""fps"": 0, ""trigger"": ""hover"", ""loop"": false}"
sprite,"[""ui"", ""assets""]",assets/sprite/icon_69.png,2025-08-14,"{""w"": 48, ""h"": 48, ""dpi"": 96}",UI Asset Map,asset-0069,icon_69,"{""frames"": 1, ""fps"": 0, ""trigger"": ""hover"", ""loop"": false}"
sprite,"[""ui"", ""assets""]",assets/sprite/icon_70.png,2025-08-14,"{""w"": 48, ""h"": 48, ""dpi"": 96}",UI Asset Map,asset-0070,icon_70,"{""frames"": 1, ""fps"": 0, ""trigger"": ""hover"", ""loop"": false}"
sprite,"[""ui"", ""assets""]",assets/sprite/icon_71.png,2025-08-14,"{""w"": 48, ""h"": 48, ""dpi"": 96}",UI Asset Map,asset-0071,icon_71,"{""frames"": 1, ""fps"": 0, ""trigger"": ""hover"", ""loop"": false}"
sprite,"[""ui"", ""assets""]",assets/sprite/icon_72.png,2025-08-14,"{""w"": 48, ""h"": 48, ""dpi"": 96}",UI Asset Map,asset-0072,icon_72,"{""frames"": 1, ""fps"": 0, ""trigger"": ""hover"", ""loop"": false}"
sprite,"[""ui"", ""assets""]",assets/sprite/icon_73.png,2025-08-14,"{""w"": 48, ""h"": 48, ""dpi"": 96}",UI Asset Map,asset-0073,icon_73,"{""frames"": 1, ""fps"": 0, ""trigger"": ""hover"", ""loop"": false}"
sprite,"[""ui"", ""assets""]",assets/sprite/icon_74.png,2025-08-14,"{""w"": 48, ""h"": 48, ""dpi"": 96}",UI Asset Map,asset-0074,icon_74,"{""frames"": 1, ""fps"": 0, ""trigger"": ""hover"", ""loop"": false}"
sprite,"[""ui"", ""assets""]",assets/sprite/icon_75.png,2025-08-14,"{""w"": 48, ""h"": 48, ""dpi"": 96}",UI Asset Map,asset-0075,icon_75,"{""frames"": 1, ""fps"": 0, ""trigger"": ""hover"", ""loop"": false}"
sprite,"[""ui"", ""assets""]",assets/sprite/icon_76.png,2025-08-14,"{""w"": 48, ""h"": 48, ""dpi"": 96}",UI Asset Map,asset-0076,icon_76,"{""frames"": 1, ""fps"": 0, ""trigger"": ""hover"", ""loop"": false}"
sprite,"[""ui"", ""assets""]",assets/sprite/icon_77.png,2025-08-14,"{""w"": 48, ""h"": 48, ""dpi"": 96}",UI Asset Map,asset-0077,icon_77,"{""frames"": 1, ""fps"": 0, ""trigger"": ""hover"", ""loop"": false}"
sprite,"[""ui"", ""assets""]",assets/sprite/icon_78.png,2025-08-14,"{""w"": 48, ""h"": 48, ""dpi"": 96}",UI Asset Map,asset-0078,icon_78,"{""frames"": 1, ""fps"": 0, ""trigger"": ""hover"", ""loop"": false}"
sprite,"[""ui"", ""assets""]",assets/sprite/icon_79.png,2025-08-14,"{""w"": 48, ""h"": 48, ""dpi"": 96}",UI Asset Map,asset-0079,icon_79,"{""frames"": 1, ""fps"": 0, ""trigger"": ""hover"", ""loop"": false}"
sprite,"[""ui"", ""assets""]",assets/sprite/icon_80.png,2025-08-14,"{""w"": 48, ""h"": 48, ""dpi"": 96}",UI Asset Map,asset-0080,icon_80,"{""frames"": 1, ""fps"": 0, ""trigger"": ""hover"", ""loop"": false}"
sprite,"[""ui"", ""assets""]",assets/sprite/icon_81.png,2025-08-14,"{""w"": 48, ""h"": 48, ""dpi"": 96}",UI Asset Map,asset-0081,icon_81,"{""frames"": 1, ""fps"": 0, ""trigger"": ""hover"", ""loop"": false}"
sprite,"[""ui"", ""assets""]",assets/sprite/icon_82.png,2025-08-14,"{""w"": 48, ""h"": 48, ""dpi"": 96}",UI Asset Map,asset-0082,icon_82,"{""frames"": 1, ""fps"": 0, ""trigger"": ""hover"", ""loop"": false}"
sprite,"[""ui"", ""assets""]",assets/sprite/icon_83.png,2025-08-14,"{""w"": 48, ""h"": 48, ""dpi"": 96}",UI Asset Map,asset-0083,icon_83,"{""frames"": 1, ""fps"": 0, ""trigger"": ""hover"", ""loop"": false}"
sprite,"[""ui"", ""assets""]",assets/sprite/icon_84.png,2025-08-14,"{""w"": 48, ""h"": 48, ""dpi"": 96}",UI Asset Map,asset-0084,icon_84,"{""frames"": 1, ""fps"": 0, ""trigger"": ""hover"", ""loop"": false}"
sprite,"[""ui"", ""assets""]",assets/sprite/icon_85.png,2025-08-14,"{""w"": 48, ""h"": 48, ""dpi"": 96}",UI Asset Map,asset-0085,icon_85,"{""frames"": 1, ""fps"": 0, ""trigger"": ""hover"", ""loop"": false}"
sprite,"[""ui"", ""assets""]",assets/sprite/icon_86.png,2025-08-14,"{""w"": 48, ""h"": 48, ""dpi"": 96}",UI Asset Map,asset-0086,icon_86,"{""frames"": 1, ""fps"": 0, ""trigger"": ""hover"", ""loop"": false}"
sprite,"[""ui"", ""assets""]",assets/sprite/icon_87.png,2025-08-14,"{""w"": 48, ""h"": 48, ""dpi"": 96}",UI Asset Map,asset-0087,icon_87,"{""frames"": 1, ""fps"": 0, ""trigger"": ""hover"", ""loop"": false}"
sprite,"[""ui"", ""assets""]",assets/sprite/icon_88.png,2025-08-14,"{""w"": 48, ""h"": 48, ""dpi"": 96}",UI Asset Map,asset-0088,icon_88,"{""frames"": 1, ""fps"": 0, ""trigger"": ""hover"", ""loop"": false}"
sprite,"[""ui"", ""assets""]",assets/sprite/icon_89.png,2025-08-14,"{""w"": 48, ""h"": 48, ""dpi"": 96}",UI Asset Map,asset-0089,icon_89,"{""frames"": 1, ""fps"": 0, ""trigger"": ""hover"", ""loop"": false}"
sprite,"[""ui"", ""assets""]",assets/sprite/icon_90.png,2025-08-14,"{""w"": 48, ""h"": 48, ""dpi"": 96}",UI Asset Map,asset-0090,icon_90,"{""frames"": 1, ""fps"": 0, ""trigger"": ""hover"", ""loop"": false}"
sprite,"[""ui"", ""assets""]",assets/sprite/icon_91.png,2025-08-14,"{""w"": 48, ""h"": 48, ""dpi"": 96}",UI Asset Map,asset-0091,icon_91,"{""frames"": 1, ""fps"": 0, ""trigger"": ""hover"", ""loop"": false}"
sprite,"[""ui"", ""assets""]",assets/sprite/icon_92.png,2025-08-14,"{""w"": 48, ""h"": 48, ""dpi"": 96}",UI Asset Map,asset-0092,icon_92,"{""frames"": 1, ""fps"": 0, ""trigger"": ""hover"", ""loop"": false}"
sprite,"[""ui"", ""assets""]",assets/sprite/icon_93.png,2025-08-14,"{""w"": 48, ""h"": 48, ""dpi"": 96}",UI Asset Map,asset-0093,icon_93,"{""frames"": 1, ""fps"": 0, ""trigger"": ""hover"", ""loop"": false}"
sprite,"[""ui"", ""assets""]",assets/sprite/icon_94.png,2025-08-14,"{""w"": 48, ""h"": 48, ""dpi"": 96}",UI Asset Map,asset-0094,icon_94,"{""frames"": 1, ""fps"": 0, ""trigger"": ""hover"", ""loop"": false}"
sprite,"[""ui"", ""assets""]",assets/sprite/icon_95.png,2025-08-14,"{""w"": 48, ""h"": 48, ""dpi"": 96}",UI Asset Map,asset-0095,icon_95,"{""frames"": 1, ""fps"": 0, ""trigger"": ""hover"", ""loop"": false}"
sprite,"[""ui"", ""assets""]",assets/sprite/icon_96.png,2025-08-14,"{""w"": 48, ""h"": 48, ""dpi"": 96}",UI Asset Map,asset-0096,icon_96,"{""frames"": 1, ""fps"": 0, ""trigger"": ""hover"", ""loop"": false}"
sprite,"[""ui"", ""assets""]",assets/sprite/icon_97.png,2025-08-14,"{""w"": 48, ""h"": 48, ""dpi"": 96}",UI Asset Map,asset-0097,icon_97,"{""frames"": 1, ""fps"": 0, ""trigger"": ""hover"", ""loop"": false}"
sprite,"[""ui"", ""assets""]",assets/sprite/icon_98.png,2025-08-14,"{""w"": 48, ""h"": 48, ""dpi"": 96}",UI Asset Map,asset-0098,icon_98,"{""frames"": 1, ""fps"": 0, ""trigger"": ""hover"", ""loop"": false}"
sprite,"[""ui"", ""assets""]",assets/sprite/icon_99.png,2025-08-14,"{""w"": 48, ""h"": 48, ""dpi"": 96}",UI Asset Map,asset-0099,icon_99,"{""frames"": 1, ""fps"": 0, ""trigger"": ""hover"", ""loop"": false}"
sprite,"[""ui"", ""assets""]",assets/sprite/icon_100.png,2025-08-14,"{""w"": 48, ""h"": 48, ""dpi"": 96}",UI Asset Map,asset-0100,icon_100,"{""frames"": 1, ""fps"": 0, ""trigger"": ""hover"", ""loop"": false}"
sprite,"[""ui"", ""assets""]",assets/sprite/icon_101.png,2025-08-14,"{""w"": 48, ""h"": 48, ""dpi"": 96}",UI Asset Map,asset-0101,icon_101,"{""frames"": 1, ""fps"": 0, ""trigger"": ""hover"", ""loop"": false}"
sprite,"[""ui"", ""assets""]",assets/sprite/icon_102.png,2025-08-14,"{""w"": 48, ""h"": 48, ""dpi"": 96}",UI Asset Map,asset-0102,icon_102,"{""frames"": 1, ""fps"": 0, ""trigger"": ""hover"", ""loop"": false}"
sprite,"[""ui"", ""assets""]",assets/sprite/icon_103.png,2025-08-14,"{""w"": 48, ""h"": 48, ""dpi"": 96}",UI Asset Map,asset-0103,icon_103,"{""frames"": 1, ""fps"": 0, ""trigger"": ""hover"", ""loop"": false}"
sprite,"[""ui"", ""assets""]",assets/sprite/icon_104.png,2025-08-14,"{""w"": 48, ""h"": 48, ""dpi"": 96}",UI Asset Map,asset-0104,icon_104,"{""frames"": 1, ""fps"": 0, ""trigger"": ""hover"", ""loop"": false}"
sprite,"[""ui"", ""assets""]",assets/sprite/icon_105.png,2025-08-14,"{""w"": 48, ""h"": 48, ""dpi"": 96}",UI Asset Map,asset-0105,icon_105,"{""frames"": 1, ""fps"": 0, ""trigger"": ""hover"", ""loop"": false}"
sprite,"[""ui"", ""assets""]",assets/sprite/icon_106.png,2025-08-14,"{""w"": 48, ""h"": 48, ""dpi"": 96}",UI Asset Map,asset-0106,icon_106,"{""frames"": 1, ""fps"": 0, ""trigger"": ""hover"", ""loop"": false}"
sprite,"[""ui"", ""assets""]",assets/sprite/icon_107.png,2025-08-14,"{""w"": 48, ""h"": 48, ""dpi"": 96}",UI Asset Map,asset-0107,icon_107,"{""frames"": 1, ""fps"": 0, ""trigger"": ""hover"", ""loop"": false}"
sprite,"[""ui"", ""assets""]",assets/sprite/icon_108.png,2025-08-14,"{""w"": 48, ""h"": 48, ""dpi"": 96}",UI Asset Map,asset-0108,icon_108,"{""frames"": 1, ""fps"": 0, ""trigger"": ""hover"", ""loop"": false}"
sprite,"[""ui"", ""assets""]",assets/sprite/icon_109.png,2025-08-14,"{""w"": 48, ""h"": 48, ""dpi"": 96}",UI Asset Map,asset-0109,icon_109,"{""frames"": 1, ""fps"": 0, ""trigger"": ""hover"", ""loop"": false}"
sprite,"[""ui"", ""assets""]",assets/sprite/icon_110.png,2025-08-14,"{""w"": 48, ""h"": 48, ""dpi"": 96}",UI Asset Map,asset-0110,icon_110,"{""frames"": 1, ""fps"": 0, ""trigger"": ""hover"", ""loop"": false}"
sprite,"[""ui"", ""assets""]",assets/sprite/icon_111.png,2025-08-14,"{""w"": 48, ""h"": 48, ""dpi"": 96}",UI Asset Map,asset-0111,icon_111,"{""frames"": 1, ""fps"": 0, ""trigger"": ""hover"", ""loop"": false}"
sprite,"[""ui"", ""assets""]",assets/sprite/icon_112.png,2025-08-14,"{""w"": 48, ""h"": 48, ""dpi"": 96}",UI Asset Map,asset-0112,icon_112,"{""frames"": 1, ""fps"": 0, ""trigger"": ""hover"", ""loop"": false}"
sprite,"[""ui"", ""assets""]",assets/sprite/icon_113.png,2025-08-14,"{""w"": 48, ""h"": 48, ""dpi"": 96}",UI Asset Map,asset-0113,icon_113,"{""frames"": 1, ""fps"": 0, ""trigger"": ""hover"", ""loop"": false}"
sprite,"[""ui"", ""assets""]",assets/sprite/icon_114.png,2025-08-14,"{""w"": 48, ""h"": 48, ""dpi"": 96}",UI Asset Map,asset-0114,icon_114,"{""frames"": 1, ""fps"": 0, ""trigger"": ""hover"", ""loop"": false}"
sprite,"[""ui"", ""assets""]",assets/sprite/icon_115.png,2025-08-14,"{""w"": 48, ""h"": 48, ""dpi"": 96}",UI Asset Map,asset-0115,icon_115,"{""frames"": 1, ""fps"": 0, ""trigger"": ""hover"", ""loop"": false}"
sprite,"[""ui"", ""assets""]",assets/sprite/icon_116.png,2025-08-14,"{""w"": 48, ""h"": 48, ""dpi"": 96}",UI Asset Map,asset-0116,icon_116,"{""frames"": 1, ""fps"": 0, ""trigger"": ""hover"", ""loop"": false}"
sprite,"[""ui"", ""assets""]",assets/sprite/icon_117.png,2025-08-14,"{""w"": 48, ""h"": 48, ""dpi"": 96}",UI Asset Map,asset-0117,icon_117,"{""frames"": 1, ""fps"": 0, ""trigger"": ""hover"", ""loop"": false}"
sprite,"[""ui"", ""assets""]",assets/sprite/icon_118.png,2025-08-14,"{""w"": 48, ""h"": 48, ""dpi"": 96}",UI Asset Map,asset-0118,icon_118,"{""frames"": 1, ""fps"": 0, ""trigger"": ""hover"", ""loop"": false}"
sprite,"[""ui"", ""assets""]",assets/sprite/icon_119.png,2025-08-14,"{""w"": 48, ""h"": 48, ""dpi"": 96}",UI Asset Map,asset-0119,icon_119,"{""frames"": 1, ""fps"": 0, ""trigger"": ""hover"", ""loop"": false}"
sprite,"[""ui"", ""assets""]",assets/sprite/icon_120.png,2025-08-14,"{""w"": 48, ""h"": 48, ""dpi"": 96}",UI Asset Map,asset-0120,icon_120,"{""frames"": 1, ""fps"": 0, ""trigger"": ""hover"", ""loop"": false}"
sprite,"[""ui"", ""assets""]",assets/sprite/icon_121.png,2025-08-14,"{""w"": 48, ""h"": 48, ""dpi"": 96}",UI Asset Map,asset-0121,icon_121,"{""frames"": 1, ""fps"": 0, ""trigger"": ""hover"", ""loop"": false}"
sprite,"[""ui"", ""assets""]",assets/sprite/icon_122.png,2025-08-14,"{""w"": 48, ""h"": 48, ""dpi"": 96}",UI Asset Map,asset-0122,icon_122,"{""frames"": 1, ""fps"": 0, ""trigger"": ""hover"", ""loop"": false}"
sprite,"[""ui"", ""assets""]",assets/sprite/icon_123.png,2025-08-14,"{""w"": 48, ""h"": 48, ""dpi"": 96}",UI Asset Map,asset-0123,icon_123,"{""frames"": 1, ""fps"": 0, ""trigger"": ""hover"", ""loop"": false}"
sprite,"[""ui"", ""assets""]",assets/sprite/icon_124.png,2025-08-14,"{""w"": 48, ""h"": 48, ""dpi"": 96}",UI Asset Map,asset-0124,icon_124,"{""frames"": 1, ""fps"": 0, ""trigger"": ""hover"", ""loop"": false}"
sprite,"[""ui"", ""assets""]",assets/sprite/icon_125.png,2025-08-14,"{""w"": 48, ""h"": 48, ""dpi"": 96}",UI Asset Map,asset-0125,icon_125,"{""frames"": 1, ""fps"": 0, ""trigger"": ""hover"", ""loop"": false}"
sprite,"[""ui"", ""assets""]",assets/sprite/icon_126.png,2025-08-14,"{""w"": 48, ""h"": 48, ""dpi"": 96}",UI Asset Map,asset-0126,icon_126,"{""frames"": 1, ""fps"": 0, ""trigger"": ""hover"", ""loop"": false}"
sprite,"[""ui"", ""assets""]",assets/sprite/icon_127.png,2025-08-14,"{""w"": 48, ""h"": 48, ""dpi"": 96}",UI Asset Map,asset-0127,icon_127,"{""frames"": 1, ""fps"": 0, ""trigger"": ""hover"", ""loop"": false}"
sprite,"[""ui"", ""assets""]",assets/sprite/icon_128.png,2025-08-14,"{""w"": 48, ""h"": 48, ""dpi"": 96}",UI Asset Map,asset-0128,icon_128,"{""frames"": 1, ""fps"": 0, ""trigger"": ""hover"", ""loop"": false}"
sprite,"[""ui"", ""assets""]",assets/sprite/icon_129.png,2025-08-14,"{""w"": 48, ""h"": 48, ""dpi"": 96}",UI Asset Map,asset-0129,icon_129,"{""frames"": 1, ""fps"": 0, ""trigger"": ""hover"", ""loop"": false}"
sprite,"[""ui"", ""assets""]",assets/sprite/icon_130.png,2025-08-14,"{""w"": 48, ""h"": 48, ""dpi"": 96}",UI Asset Map,asset-0130,icon_130,"{""frames"": 1, ""fps"": 0, ""trigger"": ""hover"", ""loop"": false}"
sprite,"[""ui"", ""assets""]",assets/sprite/icon_131.png,2025-08-14,"{""w"": 48, ""h"": 48, ""dpi"": 96}",UI Asset Map,asset-0131,icon_131,"{""frames"": 1, ""fps"": 0, ""trigger"": ""hover"", ""loop"": false}"
sprite,"[""ui"", ""assets""]",assets/sprite/icon_132.png,2025-08-14,"{""w"": 48, ""h"": 48, ""dpi"": 96}",UI Asset Map,asset-0132,icon_132,"{""frames"": 1, ""fps"": 0, ""trigger"": ""hover"", ""loop"": false}"
sprite,"[""ui"", ""assets""]",assets/sprite/icon_133.png,2025-08-14,"{""w"": 48, ""h"": 48, ""dpi"": 96}",UI Asset Map,asset-0133,icon_133,"{""frames"": 1, ""fps"": 0, ""trigger"": ""hover"", ""loop"": false}"
sprite,"[""ui"", ""assets""]",assets/sprite/icon_134.png,2025-08-14,"{""w"": 48, ""h"": 48, ""dpi"": 96}",UI Asset Map,asset-0134,icon_134,"{""frames"": 1, ""fps"": 0, ""trigger"": ""hover"", ""loop"": false}"
sprite,"[""ui"", ""assets""]",assets/sprite/icon_135.png,2025-08-14,"{""w"": 48, ""h"": 48, ""dpi"": 96}",UI Asset Map,asset-0135,icon_135,"{""frames"": 1, ""fps"": 0, ""trigger"": ""hover"", ""loop"": false}"
sprite,"[""ui"", ""assets""]",assets/sprite/icon_136.png,2025-08-14,"{""w"": 48, ""h"": 48, ""dpi"": 96}",UI Asset Map,asset-0136,icon_136,"{""frames"": 1, ""fps"": 0, ""trigger"": ""hover"", ""loop"": false}"
sprite,"[""ui"", ""assets""]",assets/sprite/icon_137.png,2025-08-14,"{""w"": 48, ""h"": 48, ""dpi"": 96}",UI Asset Map,asset-0137,icon_137,"{""frames"": 1, ""fps"": 0, ""trigger"": ""hover"", ""loop"": false}"
sprite,"[""ui"", ""assets""]",assets/sprite/icon_138.png,2025-08-14,"{""w"": 48, ""h"": 48, ""dpi"": 96}",UI Asset Map,asset-0138,icon_138,"{""frames"": 1, ""fps"": 0, ""trigger"": ""hover"", ""loop"": false}"
sprite,"[""ui"", ""assets""]",assets/sprite/icon_139.png,2025-08-14,"{""w"": 48, ""h"": 48, ""dpi"": 96}",UI Asset Map,asset-0139,icon_139,"{""frames"": 1, ""fps"": 0, ""trigger"": ""hover"", ""loop"": false}"
sprite,"[""ui"", ""assets""]",assets/sprite/icon_140.png,2025-08-14,"{""w"": 48, ""h"": 48, ""dpi"": 96}",UI Asset Map,asset-0140,icon_140,"{""frames"": 1, ""fps"": 0, ""trigger"": ""hover"", ""loop"": false}"
sprite,"[""ui"", ""assets""]",assets/sprite/icon_141.png,2025-08-14,"{""w"": 48, ""h"": 48, ""dpi"": 96}",UI Asset Map,asset-0141,icon_141,"{""frames"": 1, ""fps"": 0, ""trigger"": ""hover"", ""loop"": false}"
sprite,"[""ui"", ""assets""]",assets/sprite/icon_142.png,2025-08-14,"{""w"": 48, ""h"": 48, ""dpi"": 96}",UI Asset Map,asset-0142,icon_142,"{""frames"": 1, ""fps"": 0, ""trigger"": ""hover"", ""loop"": false}"
sprite,"[""ui"", ""assets""]",assets/sprite/icon_143.png,2025-08-14,"{""w"": 48, ""h"": 48, ""dpi"": 96}",UI Asset Map,asset-0143,icon_143,"{""frames"": 1, ""fps"": 0, ""trigger"": ""hover"", ""loop"": false}"
sprite,"[""ui"", ""assets""]",assets/sprite/icon_144.png,2025-08-14,"{""w"": 48, ""h"": 48, ""dpi"": 96}",UI Asset Map,asset-0144,icon_144,"{""frames"": 1, ""fps"": 0, ""trigger"": ""hover"", ""loop"": false}"
sprite,"[""ui"", ""assets""]",assets/sprite/icon_145.png,2025-08-14,"{""w"": 48, ""h"": 48, ""dpi"": 96}",UI Asset Map,asset-0145,icon_145,"{""frames"": 1, ""fps"": 0, ""trigger"": ""hover"", ""loop"": false}"
sprite,"[""ui"", ""assets""]",assets/sprite/icon_146.png,2025-08-14,"{""w"": 48, ""h"": 48, ""dpi"": 96}",UI Asset Map,asset-0146,icon_146,"{""frames"": 1, ""fps"": 0, ""trigger"": ""hover"", ""loop"": false}"
sprite,"[""ui"", ""assets""]",assets/sprite/icon_147.png,2025-08-14,"{""w"": 48, ""h"": 48, ""dpi"": 96}",UI Asset Map,asset-0147,icon_147,"{""frames"": 1, ""fps"": 0, ""trigger"": ""hover"", ""loop"": false}"
sprite,"[""ui"", ""assets""]",assets/sprite/icon_148.png,2025-08-14,"{""w"": 48, ""h"": 48, ""dpi"": 96}",UI Asset Map,asset-0148,icon_148,"{""frames"": 1, ""fps"": 0, ""trigger"": ""hover"", ""loop"": false}"
sprite,"[""ui"", ""assets""]",assets/sprite/icon_149.png,2025-08-14,"{""w"": 48, ""h"": 48, ""dpi"": 96}",UI Asset Map,asset-0149,icon_149,"{""frames"": 1, ""fps"": 0, ""trigger"": ""hover"", ""loop"": false}"
sprite,"[""ui"", ""assets""]",assets/sprite/icon_150.png,2025-08-14,"{""w"": 48, ""h"": 48, ""dpi"": 96}",UI Asset Map,asset-0150,icon_150,"{""frames"": 1, ""fps"": 0, ""trigger"": ""hover"", ""loop"": false}"
sprite,"[""ui"", ""assets""]",assets/sprite/icon_151.png,2025-08-14,"{""w"": 48, ""h"": 48, ""dpi"": 96}",UI Asset Map,asset-0151,icon_151,"{""frames"": 1, ""fps"": 0, ""trigger"": ""hover"", ""loop"": false}"
sprite,"[""ui"", ""assets""]",assets/sprite/icon_152.png,2025-08-14,"{""w"": 48, ""h"": 48, ""dpi"": 96}",UI Asset Map,asset-0152,icon_152,"{""frames"": 1, ""fps"": 0, ""trigger"": ""hover"", ""loop"": false}"
sprite,"[""ui"", ""assets""]",assets/sprite/icon_153.png,2025-08-14,"{""w"": 48, ""h"": 48, ""dpi"": 96}",UI Asset Map,asset-0153,icon_153,"{""frames"": 1, ""fps"": 0, ""trigger"": ""hover"", ""loop"": false}"
sprite,"[""ui"", ""assets""]",assets/sprite/icon_154.png,2025-08-14,"{""w"": 48, ""h"": 48, ""dpi"": 96}",UI Asset Map,asset-0154,icon_154,"{""frames"": 1, ""fps"": 0, ""trigger"": ""hover"", ""loop"": false}"
sprite,"[""ui"", ""assets""]",assets/sprite/icon_155.png,2025-08-14,"{""w"": 48, ""h"": 48, ""dpi"": 96}",UI Asset Map,asset-0155,icon_155,"{""frames"": 1, ""fps"": 0, ""trigger"": ""hover"", ""loop"": false}"
sprite,"[""ui"", ""assets""]",assets/sprite/icon_156.png,2025-08-14,"{""w"": 48, ""h"": 48, ""dpi"": 96}",UI Asset Map,asset-0156,icon_156,"{""frames"": 1, ""fps"": 0, ""trigger"": ""hover"", ""loop"": false}"
sprite,"[""ui"", ""assets""]",assets/sprite/icon_157.png,2025-08-14,"{""w"": 48, ""h"": 48, ""dpi"": 96}",UI Asset Map,asset-0157,icon_157,"{""frames"": 1, ""fps"": 0, ""trigger"": ""hover"", ""loop"": false}"
sprite,"[""ui"", ""assets""]",assets/sprite/icon_158.png,2025-08-14,"{""w"": 48, ""h"": 48, ""dpi"": 96}",UI Asset Map,asset-0158,icon_158,"{""frames"": 1, ""fps"": 0, ""trigger"": ""hover"", ""loop"": false}"
sprite,"[""ui"", ""assets""]",assets/sprite/icon_159.png,2025-08-14,"{""w"": 48, ""h"": 48, ""dpi"": 96}",UI Asset Map,asset-0159,icon_159,"{""frames"": 1, ""fps"": 0, ""trigger"": ""hover"", ""loop"": false}"
sprite,"[""ui"", ""assets""]",assets/sprite/icon_160.png,2025-08-14,"{""w"": 48, ""h"": 48, ""dpi"": 96}",UI Asset Map,asset-0160,icon_160,"{""frames"": 1, ""fps"": 0, ""trigger"": ""hover"", ""loop"": false}"
sprite,"[""ui"", ""assets""]",assets/sprite/icon_161.png,2025-08-14,"{""w"": 48, ""h"": 48, ""dpi"": 96}",UI Asset Map,asset-0161,icon_161,"{""frames"": 1, ""fps"": 0, ""trigger"": ""hover"", ""loop"": false}"
sprite,"[""ui"", ""assets""]",assets/sprite/icon_162.png,2025-08-14,"{""w"": 48, ""h"": 48, ""dpi"": 96}",UI Asset Map,asset-0162,icon_162,"{""frames"": 1, ""fps"": 0, ""trigger"": ""hover"", ""loop"": false}"
sprite,"[""ui"", ""assets""]",assets/sprite/icon_163.png,2025-08-14,"{""w"": 48, ""h"": 48, ""dpi"": 96}",UI Asset Map,asset-0163,icon_163,"{""frames"": 1, ""fps"": 0, ""trigger"": ""hover"", ""loop"": false}"
sprite,"[""ui"", ""assets""]",assets/sprite/icon_164.png,2025-08-14,"{""w"": 48, ""h"": 48, ""dpi"": 96}",UI Asset Map,asset-0164,icon_164,"{""frames"": 1, ""fps"": 0, ""trigger"": ""hover"", ""loop"": false}"
sprite,"[""ui"", ""assets""]",assets/sprite/icon_165.png,2025-08-14,"{""w"": 48, ""h"": 48, ""dpi"": 96}",UI Asset Map,asset-0165,icon_165,"{""frames"": 1, ""fps"": 0, ""trigger"": ""hover"", ""loop"": false}"
sprite,"[""ui"", ""assets""]",assets/sprite/icon_166.png,2025-08-14,"{""w"": 48, ""h"": 48, ""dpi"": 96}",UI Asset Map,asset-0166,icon_166,"{""frames"": 1, ""fps"": 0, ""trigger"": ""hover"", ""loop"": false}"
sprite,"[""ui"", ""assets""]",assets/sprite/icon_167.png,2025-08-14,"{""w"": 48, ""h"": 48, ""dpi"": 96}",UI Asset Map,asset-0167,icon_167,"{""frames"": 1, ""fps"": 0, ""trigger"": ""hover"", ""loop"": false}"
sprite,"[""ui"", ""assets""]",assets/sprite/icon_168.png,2025-08-14,"{""w"": 48, ""h"": 48, ""dpi"": 96}",UI Asset Map,asset-0168,icon_168,"{""frames"": 1, ""fps"": 0, ""trigger"": ""hover"", ""loop"": false}"
sprite,"[""ui"", ""assets""]",assets/sprite/icon_169.png,2025-08-14,"{""w"": 48, ""h"": 48, ""dpi"": 96}",UI Asset Map,asset-0169,icon_169,"{""frames"": 1, ""fps"": 0, ""trigger"": ""hover"", ""loop"": false}"
sprite,"[""ui"", ""assets""]",assets/sprite/icon_170.png,2025-08-14,"{""w"": 48, ""h"": 48, ""dpi"": 96}",UI Asset Map,asset-0170,icon_170,"{""frames"": 1, ""fps"": 0, ""trigger"": ""hover"", ""loop"": false}"
sprite,"[""ui"", ""assets""]",assets/sprite/icon_171.png,2025-08-14,"{""w"": 48, ""h"": 48, ""dpi"": 96}",UI Asset Map,asset-0171,icon_171,"{""frames"": 1, ""fps"": 0, ""trigger"": ""hover"", ""loop"": false}"
sprite,"[""ui"", ""assets""]",assets/sprite/icon_172.png,2025-08-14,"{""w"": 48, ""h"": 48, ""dpi"": 96}",UI Asset Map,asset-0172,icon_172,"{""frames"": 1, ""fps"": 0, ""trigger"": ""hover"", ""loop"": false}"
sprite,"[""ui"", ""assets""]",assets/sprite/icon_173.png,2025-08-14,"{""w"": 48, ""h"": 48, ""dpi"": 96}",UI Asset Map,asset-0173,icon_173,"{""frames"": 1, ""fps"": 0, ""trigger"": ""hover"", ""loop"": false}"
sprite,"[""ui"", ""assets""]",assets/sprite/icon_174.png,2025-08-14,"{""w"": 48, ""h"": 48, ""dpi"": 96}",UI Asset Map,asset-0174,icon_174,"{""frames"": 1, ""fps"": 0, ""trigger"": ""hover"", ""loop"": false}"
sprite,"[""ui"", ""assets""]",assets/sprite/icon_175.png,2025-08-14,"{""w"": 48, ""h"": 48, ""dpi"": 96}",UI Asset Map,asset-0175,icon_175,"{""frames"": 1, ""fps"": 0, ""trigger"": ""hover"", ""loop"": false}"
sprite,"[""ui"", ""assets""]",assets/sprite/icon_176.png,2025-08-14,"{""w"": 48, ""h"": 48, ""dpi"": 96}",UI Asset Map,asset-0176,icon_176,"{""frames"": 1, ""fps"": 0, ""trigger"": ""hover"", ""loop"": false}"
sprite,"[""ui"", ""assets""]",assets/sprite/icon_177.png,2025-08-14,"{""w"": 48, ""h"": 48, ""dpi"": 96}",UI Asset Map,asset-0177,icon_177,"{""frames"": 1, ""fps"": 0, ""trigger"": ""hover"", ""loop"": false}"
sprite,"[""ui"", ""assets""]",assets/sprite/icon_178.png,2025-08-14,"{""w"": 48, ""h"": 48, ""dpi"": 96}",UI Asset Map,asset-0178,icon_178,"{""frames"": 1, ""fps"": 0, ""trigger"": ""hover"", ""loop"": false}"
sprite,"[""ui"", ""assets""]",assets/sprite/icon_179.png,2025-08-14,"{""w"": 48, ""h"": 48, ""dpi"": 96}",UI Asset Map,asset-0179,icon_179,"{""frames"": 1, ""fps"": 0, ""trigger"": ""hover"", ""loop"": false}"
sprite,"[""ui"", ""assets""]",assets/sprite/icon_180.png,2025-08-14,"{""w"": 48, ""h"": 48, ""dpi"": 96}",UI Asset Map,asset-0180,icon_180,"{""frames"": 1, ""fps"": 0, ""trigger"": ""hover"", ""loop"": false}"
sprite,"[""ui"", ""assets""]",assets/sprite/icon_181.png,2025-08-14,"{""w"": 48, ""h"": 48, ""dpi"": 96}",UI Asset Map,asset-0181,icon_181,"{""frames"": 1, ""fps"": 0, ""trigger"": ""hover"", ""loop"": false}"
sprite,"[""ui"", ""assets""]",assets/sprite/icon_182.png,2025-08-14,"{""w"": 48, ""h"": 48, ""dpi"": 96}",UI Asset Map,asset-0182,icon_182,"{""frames"": 1, ""fps"": 0, ""trigger"": ""hover"", ""loop"": false}"
sprite,"[""ui"", ""assets""]",assets/sprite/icon_183.png,2025-08-14,"{""w"": 48, ""h"": 48, ""dpi"": 96}",UI Asset Map,asset-0183,icon_183,"{""frames"": 1, ""fps"": 0, ""trigger"": ""hover"", ""loop"": false}"
sprite,"[""ui"", ""assets""]",assets/sprite/icon_184.png,2025-08-14,"{""w"": 48, ""h"": 48, ""dpi"": 96}",UI Asset Map,asset-0184,icon_184,"{""frames"": 1, ""fps"": 0, ""trigger"": ""hover"", ""loop"": false}"
sprite,"[""ui"", ""assets""]",assets/sprite/icon_185.png,2025-08-14,"{""w"": 48, ""h"": 48, ""dpi"": 96}",UI Asset Map,asset-0185,icon_185,"{""frames"": 1, ""fps"": 0, ""trigger"": ""hover"", ""loop"": false}"
sprite,"[""ui"", ""assets""]",assets/sprite/icon_186.png,2025-08-14,"{""w"": 48, ""h"": 48, ""dpi"": 96}",UI Asset Map,asset-0186,icon_186,"{""frames"": 1, ""fps"": 0, ""trigger"": ""hover"", ""loop"": false}"
sprite,"[""ui"", ""assets""]",assets/sprite/icon_187.png,2025-08-14,"{""w"": 48, ""h"": 48, ""dpi"": 96}",UI Asset Map,asset-0187,icon_187,"{""frames"": 1, ""fps"": 0, ""trigger"": ""hover"", ""loop"": false}"
sprite,"[""ui"", ""assets""]",assets/sprite/icon_188.png,2025-08-14,"{""w"": 48, ""h"": 48, ""dpi"": 96}",UI Asset Map,asset-0188,icon_188,"{""frames"": 1, ""fps"": 0, ""trigger"": ""hover"", ""loop"": false}"
sprite,"[""ui"", ""assets""]",assets/sprite/icon_189.png,2025-08-14,"{""w"": 48, ""h"": 48, ""dpi"": 96}",UI Asset Map,asset-0189,icon_189,"{""frames"": 1, ""fps"": 0, ""trigger"": ""hover"", ""loop"": false}"
sprite,"[""ui"", ""assets""]",assets/sprite/icon_190.png,2025-08-14,"{""w"": 48, ""h"": 48, ""dpi"": 96}",UI Asset Map,asset-0190,icon_190,"{""frames"": 1, ""fps"": 0, ""trigger"": ""hover"", ""loop"": false}"
sprite,"[""ui"", ""assets""]",assets/sprite/icon_191.png,2025-08-14,"{""w"": 48, ""h"": 48, ""dpi"": 96}",UI Asset Map,asset-0191,icon_191,"{""frames"": 1, ""fps"": 0, ""trigger"": ""hover"", ""loop"": false}"
sprite,"[""ui"", ""assets""]",assets/sprite/icon_192.png,2025-08-14,"{""w"": 48, ""h"": 48, ""dpi"": 96}",UI Asset Map,asset-0192,icon_192,"{""frames"": 1, ""fps"": 0, ""trigger"": ""hover"", ""loop"": false}"
sprite,"[""ui"", ""assets""]",assets/sprite/icon_193.png,2025-08-14,"{""w"": 48, ""h"": 48, ""dpi"": 96}",UI Asset Map,asset-0193,icon_193,"{""frames"": 1, ""fps"": 0, ""trigger"": ""hover"", ""loop"": false}"
sprite,"[""ui"", ""assets""]",assets/sprite/icon_194.png,2025-08-14,"{""w"": 48, ""h"": 48, ""dpi"": 96}",UI Asset Map,asset-0194,icon_194,"{""frames"": 1, ""fps"": 0, ""trigger"": ""hover"", ""loop"": false}"
sprite,"[""ui"", ""assets""]",assets/sprite/icon_195.png,2025-08-14,"{""w"": 48, ""h"": 48, ""dpi"": 96}",UI Asset Map,asset-0195,icon_195,"{""frames"": 1, ""fps"": 0, ""trigger"": ""hover"", ""loop"": false}"
sprite,"[""ui"", ""assets""]",assets/sprite/icon_196.png,2025-08-14,"{""w"": 48, ""h"": 48, ""dpi"": 96}",UI Asset Map,asset-0196,icon_196,"{""frames"": 1, ""fps"": 0, ""trigger"": ""hover"", ""loop"": false}"
sprite,"[""ui"", ""assets""]",assets/sprite/icon_197.png,2025-08-14,"{""w"": 48, ""h"": 48, ""dpi"": 96}",UI Asset Map,asset-0197,icon_197,"{""frames"": 1, ""fps"": 0, ""trigger"": ""hover"", ""loop"": false}"
sprite,"[""ui"", ""assets""]",assets/sprite/icon_198.png,2025-08-14,"{""w"": 48, ""h"": 48, ""dpi"": 96}",UI Asset Map,asset-0198,icon_198,"{""frames"": 1, ""fps"": 0, ""trigger"": ""hover"", ""loop"": false}"
sprite,"[""ui"", ""assets""]",assets/sprite/icon_199.png,2025-08-14,"{""w"": 48, ""h"": 48, ""dpi"": 96}",UI Asset Map,asset-0199,icon_199,"{""frames"": 1, ""fps"": 0, ""trigger"": ""hover"", ""loop"": false}"
sprite,"[""ui"", ""assets""]",assets/sprite/icon_200.png,2025-08-14,"{""w"": 48, ""h"": 48, ""dpi"": 96}",UI Asset Map,asset-0200,icon_200,"{""frames"": 1, ""fps"": 0, ""trigger"": ""hover"", ""loop"": false}"
sprite,"[""ui"", ""assets""]",assets/sprite/icon_201.png,2025-08-14,"{""w"": 48, ""h"": 48, ""dpi"": 96}",UI Asset Map,asset-0201,icon_201,"{""frames"": 1, ""fps"": 0, ""trigger"": ""hover"", ""loop"": false}"
sprite,"[""ui"", ""assets""]",assets/sprite/icon_202.png,2025-08-14,"{""w"": 48, ""h"": 48, ""dpi"": 96}",UI Asset Map,asset-0202,icon_202,"{""frames"": 1, ""fps"": 0, ""trigger"": ""hover"", ""loop"": false}"
sprite,"[""ui"", ""assets""]",assets/sprite/icon_203.png,2025-08-14,"{""w"": 48, ""h"": 48, ""dpi"": 96}",UI Asset Map,asset-0203,icon_203,"{""frames"": 1, ""fps"": 0, ""trigger"": ""hover"", ""loop"": false}"
sprite,"[""ui"", ""assets""]",assets/sprite/icon_204.png,2025-08-14,"{""w"": 48, ""h"": 48, ""dpi"": 96}",UI Asset Map,asset-0204,icon_204,"{""frames"": 1, ""fps"": 0, ""trigger"": ""hover"", ""loop"": false}"
sprite,"[""ui"", ""assets""]",assets/sprite/icon_205.png,2025-08-14,"{""w"": 48, ""h"": 48, ""dpi"": 96}",UI Asset Map,asset-0205,icon_205,"{""frames"": 1, ""fps"": 0, ""trigger"": ""hover"", ""loop"": false}"
sprite,"[""ui"", ""assets""]",assets/sprite/icon_206.png,2025-08-14,"{""w"": 48, ""h"": 48, ""dpi"": 96}",UI Asset Map,asset-0206,icon_206,"{""frames"": 1, ""fps"": 0, ""trigger"": ""hover"", ""loop"": false}"
sprite,"[""ui"", ""assets""]",assets/sprite/icon_207.png,2025-08-14,"{""w"": 48, ""h"": 48, ""dpi"": 96}",UI Asset Map,asset-0207,icon_207,"{""frames"": 1, ""fps"": 0, ""trigger"": ""hover"", ""loop"": false}"
sprite,"[""ui"", ""assets""]",assets/sprite/icon_208.png,2025-08-14,"{""w"": 48, ""h"": 48, ""dpi"": 96}",UI Asset Map,asset-0208,icon_208,"{""frames"": 1, ""fps"": 0, ""trigger"": ""hover"", ""loop"": false}"
sprite,"[""ui"", ""assets""]",assets/sprite/icon_209.png,2025-08-14,"{""w"": 48, ""h"": 48, ""dpi"": 96}",UI Asset Map,asset-0209,icon_209,"{""frames"": 1, ""fps"": 0, ""trigger"": ""hover"", ""loop"": false}"
sprite,"[""ui"", ""assets""]",assets/sprite/icon_210.png,2025-08-14,"{""w"": 48, ""h"": 48, ""dpi"": 96}",UI Asset Map,asset-0210,icon_210,"{""frames"": 1, ""fps"": 0, ""trigger"": ""hover"", ""loop"": false}"
sprite,"[""ui"", ""assets""]",assets/sprite/icon_211.png,2025-08-14,"{""w"": 48, ""h"": 48, ""dpi"": 96}",UI Asset Map,asset-0211,icon_211,"{""frames"": 1, ""fps"": 0, ""trigger"": ""hover"", ""loop"": false}"
sprite,"[""ui"", ""assets""]",assets/sprite/icon_212.png,2025-08-14,"{""w"": 48, ""h"": 48, ""dpi"": 96}",UI Asset Map,asset-0212,icon_212,"{""frames"": 1, ""fps"": 0, ""trigger"": ""hover"", ""loop"": false}"
sprite,"[""ui"", ""assets""]",assets/sprite/icon_213.png,2025-08-14,"{""w"": 48, ""h"": 48, ""dpi"": 96}",UI Asset Map,asset-0213,icon_213,"{""frames"": 1, ""fps"": 0, ""trigger"": ""hover"", ""loop"": false}"
sprite,"[""ui"", ""assets""]",assets/sprite/icon_214.png,2025-08-14,"{""w"": 48, ""h"": 48, ""dpi"": 96}",UI Asset Map,asset-0214,icon_214,"{""frames"": 1, ""fps"": 0, ""trigger"": ""hover"", ""loop"": false}"
sprite,"[""ui"", ""assets""]",assets/sprite/icon_215.png,2025-08-14,"{""w"": 48, ""h"": 48, ""dpi"": 96}",UI Asset Map,asset-0215,icon_215,"{""frames"": 1, ""fps"": 0, ""trigger"": ""hover"", ""loop"": false}"
sprite,"[""ui"", ""assets""]",assets/sprite/icon_216.png,2025-08-14,"{""w"": 48, ""h"": 48, ""dpi"": 96}",UI Asset Map,asset-0216,icon_216,"{""frames"": 1, ""fps"": 0, ""trigger"": ""hover"", ""loop"": false}"
sprite,"[""ui"", ""assets""]",assets/sprite/icon_217.png,2025-08-14,"{""w"": 48, ""h"": 48, ""dpi"": 96}",UI Asset Map,asset-0217,icon_217,"{""frames"": 1, ""fps"": 0, ""trigger"": ""hover"", ""loop"": false}"
sprite,"[""ui"", ""assets""]",assets/sprite/icon_218.png,2025-08-14,"{""w"": 48, ""h"": 48, ""dpi"": 96}",UI Asset Map,asset-0218,icon_218,"{""frames"": 1, ""fps"": 0, ""trigger"": ""hover"", ""loop"": false}"
sprite,"[""ui"", ""assets""]",assets/sprite/icon_219.png,2025-08-14,"{""w"": 48, ""h"": 48, ""dpi"": 96}",UI Asset Map,asset-0219,icon_219,"{""frames"": 1, ""fps"": 0, ""trigger"": ""hover"", ""loop"": false}"
sprite,"[""ui"", ""assets""]",assets/sprite/icon_220.png,2025-08-14,"{""w"": 48, ""h"": 48, ""dpi"": 96}",UI Asset Map,asset-0220,icon_220,"{""frames"": 1, ""fps"": 0, ""trigger"": ""hover"", ""loop"": false}"
