confidence_threshold,tags,last_updated,locale,intent,phrase,category,id
0.8,"[""voice"", ""AR""]",2025-08-14,en-US,start,Start game,Voice Command (AR),voice-0001
0.8,"[""voice"", ""AR""]",2025-08-14,en-US,start,Start game,Voice Command (AR),voice-0002
0.8,"[""voice"", ""AR""]",2025-08-14,en-US,start,Start game,Voice Command (AR),voice-0003
0.8,"[""voice"", ""AR""]",2025-08-14,en-US,start,Start game,Voice Command (AR),voice-0004
0.8,"[""voice"", ""AR""]",2025-08-14,en-US,start,Start game,Voice Command (AR),voice-0005
0.8,"[""voice"", ""AR""]",2025-08-14,en-US,start,Start game,Voice Command (AR),voice-0006
0.8,"[""voice"", ""AR""]",2025-08-14,en-US,start,Start game,Voice Command (AR),voice-0007
0.8,"[""voice"", ""AR""]",2025-08-14,en-US,start,Start game,Voice Command (AR),voice-0008
0.8,"[""voice"", ""AR""]",2025-08-14,en-US,start,Start game,Voice Command (AR),voice-0009
0.8,"[""voice"", ""AR""]",2025-08-14,en-US,start,Start game,Voice Command (AR),voice-0010
0.8,"[""voice"", ""AR""]",2025-08-14,en-US,start,Start game,Voice Command (AR),voice-0011
0.8,"[""voice"", ""AR""]",2025-08-14,en-US,start,Start game,Voice Command (AR),voice-0012
0.8,"[""voice"", ""AR""]",2025-08-14,en-US,start,Start game,Voice Command (AR),voice-0013
0.8,"[""voice"", ""AR""]",2025-08-14,en-US,start,Start game,Voice Command (AR),voice-0014
0.8,"[""voice"", ""AR""]",2025-08-14,en-US,start,Start game,Voice Command (AR),voice-0015
0.8,"[""voice"", ""AR""]",2025-08-14,en-US,start,Start game,Voice Command (AR),voice-0016
0.8,"[""voice"", ""AR""]",2025-08-14,en-US,start,Start game,Voice Command (AR),voice-0017
0.8,"[""voice"", ""AR""]",2025-08-14,en-US,start,Start game,Voice Command (AR),voice-0018
0.8,"[""voice"", ""AR""]",2025-08-14,en-US,start,Start game,Voice Command (AR),voice-0019
0.8,"[""voice"", ""AR""]",2025-08-14,en-US,start,Start game,Voice Command (AR),voice-0020
0.8,"[""voice"", ""AR""]",2025-08-14,en-US,start,Start game,Voice Command (AR),voice-0021
0.8,"[""voice"", ""AR""]",2025-08-14,en-US,start,Start game,Voice Command (AR),voice-0022
0.8,"[""voice"", ""AR""]",2025-08-14,en-US,start,Start game,Voice Command (AR),voice-0023
0.8,"[""voice"", ""AR""]",2025-08-14,en-US,start,Start game,Voice Command (AR),voice-0024
0.8,"[""voice"", ""AR""]",2025-08-14,en-US,start,Start game,Voice Command (AR),voice-0025
0.8,"[""voice"", ""AR""]",2025-08-14,en-US,start,Start game,Voice Command (AR),voice-0026
0.8,"[""voice"", ""AR""]",2025-08-14,en-US,start,Start game,Voice Command (AR),voice-0027
0.8,"[""voice"", ""AR""]",2025-08-14,en-US,start,Start game,Voice Command (AR),voice-0028
0.8,"[""voice"", ""AR""]",2025-08-14,en-US,start,Start game,Voice Command (AR),voice-0029
0.8,"[""voice"", ""AR""]",2025-08-14,en-US,start,Start game,Voice Command (AR),voice-0030
0.8,"[""voice"", ""AR""]",2025-08-14,en-US,start,Start game,Voice Command (AR),voice-0031
0.8,"[""voice"", ""AR""]",2025-08-14,en-US,start,Start game,Voice Command (AR),voice-0032
0.8,"[""voice"", ""AR""]",2025-08-14,en-US,start,Start game,Voice Command (AR),voice-0033
0.8,"[""voice"", ""AR""]",2025-08-14,en-US,start,Start game,Voice Command (AR),voice-0034
0.8,"[""voice"", ""AR""]",2025-08-14,en-US,start,Start game,Voice Command (AR),voice-0035
0.8,"[""voice"", ""AR""]",2025-08-14,en-US,start,Start game,Voice Command (AR),voice-0036
0.8,"[""voice"", ""AR""]",2025-08-14,en-US,start,Start game,Voice Command (AR),voice-0037
0.8,"[""voice"", ""AR""]",2025-08-14,en-US,start,Start game,Voice Command (AR),voice-0038
0.8,"[""voice"", ""AR""]",2025-08-14,en-US,start,Start game,Voice Command (AR),voice-0039
0.8,"[""voice"", ""AR""]",2025-08-14,en-US,start,Start game,Voice Command (AR),voice-0040
0.8,"[""voice"", ""AR""]",2025-08-14,en-US,start,Start game,Voice Command (AR),voice-0041
0.8,"[""voice"", ""AR""]",2025-08-14,en-US,start,Start game,Voice Command (AR),voice-0042
0.8,"[""voice"", ""AR""]",2025-08-14,en-US,start,Start game,Voice Command (AR),voice-0043
0.8,"[""voice"", ""AR""]",2025-08-14,en-US,start,Start game,Voice Command (AR),voice-0044
0.8,"[""voice"", ""AR""]",2025-08-14,en-US,start,Start game,Voice Command (AR),voice-0045
0.8,"[""voice"", ""AR""]",2025-08-14,en-US,start,Start game,Voice Command (AR),voice-0046
0.8,"[""voice"", ""AR""]",2025-08-14,en-US,start,Start game,Voice Command (AR),voice-0047
0.8,"[""voice"", ""AR""]",2025-08-14,en-US,start,Start game,Voice Command (AR),voice-0048
0.8,"[""voice"", ""AR""]",2025-08-14,en-US,start,Start game,Voice Command (AR),voice-0049
0.8,"[""voice"", ""AR""]",2025-08-14,en-US,start,Start game,Voice Command (AR),voice-0050
0.8,"[""voice"", ""AR""]",2025-08-14,en-US,start,Start game,Voice Command (AR),voice-0051
0.8,"[""voice"", ""AR""]",2025-08-14,en-US,start,Start game,Voice Command (AR),voice-0052
0.8,"[""voice"", ""AR""]",2025-08-14,en-US,start,Start game,Voice Command (AR),voice-0053
0.8,"[""voice"", ""AR""]",2025-08-14,en-US,start,Start game,Voice Command (AR),voice-0054
0.8,"[""voice"", ""AR""]",2025-08-14,en-US,start,Start game,Voice Command (AR),voice-0055
0.8,"[""voice"", ""AR""]",2025-08-14,en-US,start,Start game,Voice Command (AR),voice-0056
0.8,"[""voice"", ""AR""]",2025-08-14,en-US,start,Start game,Voice Command (AR),voice-0057
0.8,"[""voice"", ""AR""]",2025-08-14,en-US,start,Start game,Voice Command (AR),voice-0058
0.8,"[""voice"", ""AR""]",2025-08-14,en-US,start,Start game,Voice Command (AR),voice-0059
0.8,"[""voice"", ""AR""]",2025-08-14,en-US,start,Start game,Voice Command (AR),voice-0060
0.8,"[""voice"", ""AR""]",2025-08-14,en-US,start,Start game,Voice Command (AR),voice-0061
0.8,"[""voice"", ""AR""]",2025-08-14,en-US,start,Start game,Voice Command (AR),voice-0062
0.8,"[""voice"", ""AR""]",2025-08-14,en-US,start,Start game,Voice Command (AR),voice-0063
0.8,"[""voice"", ""AR""]",2025-08-14,en-US,start,Start game,Voice Command (AR),voice-0064
0.8,"[""voice"", ""AR""]",2025-08-14,en-US,start,Start game,Voice Command (AR),voice-0065
0.8,"[""voice"", ""AR""]",2025-08-14,en-US,start,Start game,Voice Command (AR),voice-0066
0.8,"[""voice"", ""AR""]",2025-08-14,en-US,start,Start game,Voice Command (AR),voice-0067
0.8,"[""voice"", ""AR""]",2025-08-14,en-US,start,Start game,Voice Command (AR),voice-0068
0.8,"[""voice"", ""AR""]",2025-08-14,en-US,start,Start game,Voice Command (AR),voice-0069
0.8,"[""voice"", ""AR""]",2025-08-14,en-US,start,Start game,Voice Command (AR),voice-0070
0.8,"[""voice"", ""AR""]",2025-08-14,en-US,start,Start game,Voice Command (AR),voice-0071
0.8,"[""voice"", ""AR""]",2025-08-14,en-US,start,Start game,Voice Command (AR),voice-0072
0.8,"[""voice"", ""AR""]",2025-08-14,en-US,start,Start game,Voice Command (AR),voice-0073
0.8,"[""voice"", ""AR""]",2025-08-14,en-US,start,Start game,Voice Command (AR),voice-0074
0.8,"[""voice"", ""AR""]",2025-08-14,en-US,start,Start game,Voice Command (AR),voice-0075
0.8,"[""voice"", ""AR""]",2025-08-14,en-US,start,Start game,Voice Command (AR),voice-0076
0.8,"[""voice"", ""AR""]",2025-08-14,en-US,start,Start game,Voice Command (AR),voice-0077
0.8,"[""voice"", ""AR""]",2025-08-14,en-US,start,Start game,Voice Command (AR),voice-0078
0.8,"[""voice"", ""AR""]",2025-08-14,en-US,start,Start game,Voice Command (AR),voice-0079
0.8,"[""voice"", ""AR""]",2025-08-14,en-US,start,Start game,Voice Command (AR),voice-0080
0.8,"[""voice"", ""AR""]",2025-08-14,en-US,start,Start game,Voice Command (AR),voice-0081
0.8,"[""voice"", ""AR""]",2025-08-14,en-US,start,Start game,Voice Command (AR),voice-0082
0.8,"[""voice"", ""AR""]",2025-08-14,en-US,start,Start game,Voice Command (AR),voice-0083
0.8,"[""voice"", ""AR""]",2025-08-14,en-US,start,Start game,Voice Command (AR),voice-0084
0.8,"[""voice"", ""AR""]",2025-08-14,en-US,start,Start game,Voice Command (AR),voice-0085
0.8,"[""voice"", ""AR""]",2025-08-14,en-US,start,Start game,Voice Command (AR),voice-0086
0.8,"[""voice"", ""AR""]",2025-08-14,en-US,start,Start game,Voice Command (AR),voice-0087
0.8,"[""voice"", ""AR""]",2025-08-14,en-US,start,Start game,Voice Command (AR),voice-0088
0.8,"[""voice"", ""AR""]",2025-08-14,en-US,start,Start game,Voice Command (AR),voice-0089
0.8,"[""voice"", ""AR""]",2025-08-14,en-US,start,Start game,Voice Command (AR),voice-0090
0.8,"[""voice"", ""AR""]",2025-08-14,en-US,start,Start game,Voice Command (AR),voice-0091
0.8,"[""voice"", ""AR""]",2025-08-14,en-US,start,Start game,Voice Command (AR),voice-0092
0.8,"[""voice"", ""AR""]",2025-08-14,en-US,start,Start game,Voice Command (AR),voice-0093
0.8,"[""voice"", ""AR""]",2025-08-14,en-US,start,Start game,Voice Command (AR),voice-0094
0.8,"[""voice"", ""AR""]",2025-08-14,en-US,start,Start game,Voice Command (AR),voice-0095
0.8,"[""voice"", ""AR""]",2025-08-14,en-US,start,Start game,Voice Command (AR),voice-0096
0.8,"[""voice"", ""AR""]",2025-08-14,en-US,start,Start game,Voice Command (AR),voice-0097
0.8,"[""voice"", ""AR""]",2025-08-14,en-US,start,Start game,Voice Command (AR),voice-0098
0.8,"[""voice"", ""AR""]",2025-08-14,en-US,start,Start game,Voice Command (AR),voice-0099
0.8,"[""voice"", ""AR""]",2025-08-14,en-US,start,Start game,Voice Command (AR),voice-0100
0.8,"[""voice"", ""AR""]",2025-08-14,en-US,start,Start game,Voice Command (AR),voice-0101
0.8,"[""voice"", ""AR""]",2025-08-14,en-US,start,Start game,Voice Command (AR),voice-0102
0.8,"[""voice"", ""AR""]",2025-08-14,en-US,start,Start game,Voice Command (AR),voice-0103
0.8,"[""voice"", ""AR""]",2025-08-14,en-US,start,Start game,Voice Command (AR),voice-0104
0.8,"[""voice"", ""AR""]",2025-08-14,en-US,start,Start game,Voice Command (AR),voice-0105
0.8,"[""voice"", ""AR""]",2025-08-14,en-US,start,Start game,Voice Command (AR),voice-0106
0.8,"[""voice"", ""AR""]",2025-08-14,en-US,start,Start game,Voice Command (AR),voice-0107
0.8,"[""voice"", ""AR""]",2025-08-14,en-US,start,Start game,Voice Command (AR),voice-0108
0.8,"[""voice"", ""AR""]",2025-08-14,en-US,start,Start game,Voice Command (AR),voice-0109
0.8,"[""voice"", ""AR""]",2025-08-14,en-US,start,Start game,Voice Command (AR),voice-0110
0.8,"[""voice"", ""AR""]",2025-08-14,en-US,start,Start game,Voice Command (AR),voice-0111
0.8,"[""voice"", ""AR""]",2025-08-14,en-US,start,Start game,Voice Command (AR),voice-0112
0.8,"[""voice"", ""AR""]",2025-08-14,en-US,start,Start game,Voice Command (AR),voice-0113
0.8,"[""voice"", ""AR""]",2025-08-14,en-US,start,Start game,Voice Command (AR),voice-0114
0.8,"[""voice"", ""AR""]",2025-08-14,en-US,start,Start game,Voice Command (AR),voice-0115
0.8,"[""voice"", ""AR""]",2025-08-14,en-US,start,Start game,Voice Command (AR),voice-0116
0.8,"[""voice"", ""AR""]",2025-08-14,en-US,start,Start game,Voice Command (AR),voice-0117
0.8,"[""voice"", ""AR""]",2025-08-14,en-US,start,Start game,Voice Command (AR),voice-0118
0.8,"[""voice"", ""AR""]",2025-08-14,en-US,start,Start game,Voice Command (AR),voice-0119
0.8,"[""voice"", ""AR""]",2025-08-14,en-US,start,Start game,Voice Command (AR),voice-0120
0.8,"[""voice"", ""AR""]",2025-08-14,en-US,start,Start game,Voice Command (AR),voice-0121
0.8,"[""voice"", ""AR""]",2025-08-14,en-US,start,Start game,Voice Command (AR),voice-0122
0.8,"[""voice"", ""AR""]",2025-08-14,en-US,start,Start game,Voice Command (AR),voice-0123
0.8,"[""voice"", ""AR""]",2025-08-14,en-US,start,Start game,Voice Command (AR),voice-0124
0.8,"[""voice"", ""AR""]",2025-08-14,en-US,start,Start game,Voice Command (AR),voice-0125
0.8,"[""voice"", ""AR""]",2025-08-14,en-US,start,Start game,Voice Command (AR),voice-0126
0.8,"[""voice"", ""AR""]",2025-08-14,en-US,start,Start game,Voice Command (AR),voice-0127
0.8,"[""voice"", ""AR""]",2025-08-14,en-US,start,Start game,Voice Command (AR),voice-0128
0.8,"[""voice"", ""AR""]",2025-08-14,en-US,start,Start game,Voice Command (AR),voice-0129
0.8,"[""voice"", ""AR""]",2025-08-14,en-US,start,Start game,Voice Command (AR),voice-0130
0.8,"[""voice"", ""AR""]",2025-08-14,en-US,start,Start game,Voice Command (AR),voice-0131
0.8,"[""voice"", ""AR""]",2025-08-14,en-US,start,Start game,Voice Command (AR),voice-0132
0.8,"[""voice"", ""AR""]",2025-08-14,en-US,start,Start game,Voice Command (AR),voice-0133
0.8,"[""voice"", ""AR""]",2025-08-14,en-US,start,Start game,Voice Command (AR),voice-0134
0.8,"[""voice"", ""AR""]",2025-08-14,en-US,start,Start game,Voice Command (AR),voice-0135
0.8,"[""voice"", ""AR""]",2025-08-14,en-US,start,Start game,Voice Command (AR),voice-0136
0.8,"[""voice"", ""AR""]",2025-08-14,en-US,start,Start game,Voice Command (AR),voice-0137
0.8,"[""voice"", ""AR""]",2025-08-14,en-US,start,Start game,Voice Command (AR),voice-0138
0.8,"[""voice"", ""AR""]",2025-08-14,en-US,start,Start game,Voice Command (AR),voice-0139
0.8,"[""voice"", ""AR""]",2025-08-14,en-US,start,Start game,Voice Command (AR),voice-0140
0.8,"[""voice"", ""AR""]",2025-08-14,en-US,start,Start game,Voice Command (AR),voice-0141
0.8,"[""voice"", ""AR""]",2025-08-14,en-US,start,Start game,Voice Command (AR),voice-0142
0.8,"[""voice"", ""AR""]",2025-08-14,en-US,start,Start game,Voice Command (AR),voice-0143
0.8,"[""voice"", ""AR""]",2025-08-14,en-US,start,Start game,Voice Command (AR),voice-0144
0.8,"[""voice"", ""AR""]",2025-08-14,en-US,start,Start game,Voice Command (AR),voice-0145
0.8,"[""voice"", ""AR""]",2025-08-14,en-US,start,Start game,Voice Command (AR),voice-0146
0.8,"[""voice"", ""AR""]",2025-08-14,en-US,start,Start game,Voice Command (AR),voice-0147
0.8,"[""voice"", ""AR""]",2025-08-14,en-US,start,Start game,Voice Command (AR),voice-0148
0.8,"[""voice"", ""AR""]",2025-08-14,en-US,start,Start game,Voice Command (AR),voice-0149
0.8,"[""voice"", ""AR""]",2025-08-14,en-US,start,Start game,Voice Command (AR),voice-0150
0.8,"[""voice"", ""AR""]",2025-08-14,en-US,start,Start game,Voice Command (AR),voice-0151
0.8,"[""voice"", ""AR""]",2025-08-14,en-US,start,Start game,Voice Command (AR),voice-0152
0.8,"[""voice"", ""AR""]",2025-08-14,en-US,start,Start game,Voice Command (AR),voice-0153
0.8,"[""voice"", ""AR""]",2025-08-14,en-US,start,Start game,Voice Command (AR),voice-0154
0.8,"[""voice"", ""AR""]",2025-08-14,en-US,start,Start game,Voice Command (AR),voice-0155
0.8,"[""voice"", ""AR""]",2025-08-14,en-US,start,Start game,Voice Command (AR),voice-0156
0.8,"[""voice"", ""AR""]",2025-08-14,en-US,start,Start game,Voice Command (AR),voice-0157
0.8,"[""voice"", ""AR""]",2025-08-14,en-US,start,Start game,Voice Command (AR),voice-0158
0.8,"[""voice"", ""AR""]",2025-08-14,en-US,start,Start game,Voice Command (AR),voice-0159
0.8,"[""voice"", ""AR""]",2025-08-14,en-US,start,Start game,Voice Command (AR),voice-0160
0.8,"[""voice"", ""AR""]",2025-08-14,en-US,start,Start game,Voice Command (AR),voice-0161
0.8,"[""voice"", ""AR""]",2025-08-14,en-US,start,Start game,Voice Command (AR),voice-0162
0.8,"[""voice"", ""AR""]",2025-08-14,en-US,start,Start game,Voice Command (AR),voice-0163
0.8,"[""voice"", ""AR""]",2025-08-14,en-US,start,Start game,Voice Command (AR),voice-0164
0.8,"[""voice"", ""AR""]",2025-08-14,en-US,start,Start game,Voice Command (AR),voice-0165
0.8,"[""voice"", ""AR""]",2025-08-14,en-US,start,Start game,Voice Command (AR),voice-0166
0.8,"[""voice"", ""AR""]",2025-08-14,en-US,start,Start game,Voice Command (AR),voice-0167
0.8,"[""voice"", ""AR""]",2025-08-14,en-US,start,Start game,Voice Command (AR),voice-0168
0.8,"[""voice"", ""AR""]",2025-08-14,en-US,start,Start game,Voice Command (AR),voice-0169
0.8,"[""voice"", ""AR""]",2025-08-14,en-US,start,Start game,Voice Command (AR),voice-0170
0.8,"[""voice"", ""AR""]",2025-08-14,en-US,start,Start game,Voice Command (AR),voice-0171
0.8,"[""voice"", ""AR""]",2025-08-14,en-US,start,Start game,Voice Command (AR),voice-0172
0.8,"[""voice"", ""AR""]",2025-08-14,en-US,start,Start game,Voice Command (AR),voice-0173
0.8,"[""voice"", ""AR""]",2025-08-14,en-US,start,Start game,Voice Command (AR),voice-0174
0.8,"[""voice"", ""AR""]",2025-08-14,en-US,start,Start game,Voice Command (AR),voice-0175
0.8,"[""voice"", ""AR""]",2025-08-14,en-US,start,Start game,Voice Command (AR),voice-0176
0.8,"[""voice"", ""AR""]",2025-08-14,en-US,start,Start game,Voice Command (AR),voice-0177
0.8,"[""voice"", ""AR""]",2025-08-14,en-US,start,Start game,Voice Command (AR),voice-0178
0.8,"[""voice"", ""AR""]",2025-08-14,en-US,start,Start game,Voice Command (AR),voice-0179
0.8,"[""voice"", ""AR""]",2025-08-14,en-US,start,Start game,Voice Command (AR),voice-0180
0.8,"[""voice"", ""AR""]",2025-08-14,en-US,start,Start game,Voice Command (AR),voice-0181
0.8,"[""voice"", ""AR""]",2025-08-14,en-US,start,Start game,Voice Command (AR),voice-0182
0.8,"[""voice"", ""AR""]",2025-08-14,en-US,start,Start game,Voice Command (AR),voice-0183
0.8,"[""voice"", ""AR""]",2025-08-14,en-US,start,Start game,Voice Command (AR),voice-0184
0.8,"[""voice"", ""AR""]",2025-08-14,en-US,start,Start game,Voice Command (AR),voice-0185
0.8,"[""voice"", ""AR""]",2025-08-14,en-US,start,Start game,Voice Command (AR),voice-0186
0.8,"[""voice"", ""AR""]",2025-08-14,en-US,start,Start game,Voice Command (AR),voice-0187
0.8,"[""voice"", ""AR""]",2025-08-14,en-US,start,Start game,Voice Command (AR),voice-0188
0.8,"[""voice"", ""AR""]",2025-08-14,en-US,start,Start game,Voice Command (AR),voice-0189
0.8,"[""voice"", ""AR""]",2025-08-14,en-US,start,Start game,Voice Command (AR),voice-0190
0.8,"[""voice"", ""AR""]",2025-08-14,en-US,start,Start game,Voice Command (AR),voice-0191
0.8,"[""voice"", ""AR""]",2025-08-14,en-US,start,Start game,Voice Command (AR),voice-0192
0.8,"[""voice"", ""AR""]",2025-08-14,en-US,start,Start game,Voice Command (AR),voice-0193
0.8,"[""voice"", ""AR""]",2025-08-14,en-US,start,Start game,Voice Command (AR),voice-0194
0.8,"[""voice"", ""AR""]",2025-08-14,en-US,start,Start game,Voice Command (AR),voice-0195
0.8,"[""voice"", ""AR""]",2025-08-14,en-US,start,Start game,Voice Command (AR),voice-0196
0.8,"[""voice"", ""AR""]",2025-08-14,en-US,start,Start game,Voice Command (AR),voice-0197
0.8,"[""voice"", ""AR""]",2025-08-14,en-US,start,Start game,Voice Command (AR),voice-0198
0.8,"[""voice"", ""AR""]",2025-08-14,en-US,start,Start game,Voice Command (AR),voice-0199
0.8,"[""voice"", ""AR""]",2025-08-14,en-US,start,Start game,Voice Command (AR),voice-0200
0.8,"[""voice"", ""AR""]",2025-08-14,en-US,start,Start game,Voice Command (AR),voice-0201
0.8,"[""voice"", ""AR""]",2025-08-14,en-US,start,Start game,Voice Command (AR),voice-0202
0.8,"[""voice"", ""AR""]",2025-08-14,en-US,start,Start game,Voice Command (AR),voice-0203
0.8,"[""voice"", ""AR""]",2025-08-14,en-US,start,Start game,Voice Command (AR),voice-0204
0.8,"[""voice"", ""AR""]",2025-08-14,en-US,start,Start game,Voice Command (AR),voice-0205
0.8,"[""voice"", ""AR""]",2025-08-14,en-US,start,Start game,Voice Command (AR),voice-0206
0.8,"[""voice"", ""AR""]",2025-08-14,en-US,start,Start game,Voice Command (AR),voice-0207
0.8,"[""voice"", ""AR""]",2025-08-14,en-US,start,Start game,Voice Command (AR),voice-0208
0.8,"[""voice"", ""AR""]",2025-08-14,en-US,start,Start game,Voice Command (AR),voice-0209
0.8,"[""voice"", ""AR""]",2025-08-14,en-US,start,Start game,Voice Command (AR),voice-0210
0.8,"[""voice"", ""AR""]",2025-08-14,en-US,start,Start game,Voice Command (AR),voice-0211
0.8,"[""voice"", ""AR""]",2025-08-14,en-US,start,Start game,Voice Command (AR),voice-0212
0.8,"[""voice"", ""AR""]",2025-08-14,en-US,start,Start game,Voice Command (AR),voice-0213
0.8,"[""voice"", ""AR""]",2025-08-14,en-US,start,Start game,Voice Command (AR),voice-0214
0.8,"[""voice"", ""AR""]",2025-08-14,en-US,start,Start game,Voice Command (AR),voice-0215
0.8,"[""voice"", ""AR""]",2025-08-14,en-US,start,Start game,Voice Command (AR),voice-0216
0.8,"[""voice"", ""AR""]",2025-08-14,en-US,start,Start game,Voice Command (AR),voice-0217
0.8,"[""voice"", ""AR""]",2025-08-14,en-US,start,Start game,Voice Command (AR),voice-0218
0.8,"[""voice"", ""AR""]",2025-08-14,en-US,start,Start game,Voice Command (AR),voice-0219
0.8,"[""voice"", ""AR""]",2025-08-14,en-US,start,Start game,Voice Command (AR),voice-0220
