path,tags,last_updated,markdown,category,id
/,"[""html"", ""markdown""]",2025-08-14,"# Page

Transparent pricing. Fast turnaround.",Website Content,web-0001
/,"[""html"", ""markdown""]",2025-08-14,"# Page

Transparent pricing. Fast turnaround.",Website Content,web-0002
/services,"[""html"", ""markdown""]",2025-08-14,"# Page

Transparent pricing. Fast turnaround.",Website Content,web-0003
/contact,"[""html"", ""markdown""]",2025-08-14,"# Page

Transparent pricing. Fast turnaround.",Website Content,web-0004
/contact,"[""html"", ""markdown""]",2025-08-14,"# Page

Transparent pricing. Fast turnaround.",Website Content,web-0005
/,"[""html"", ""markdown""]",2025-08-14,"# Page

Transparent pricing. Fast turnaround.",Website Content,web-0006
/services,"[""html"", ""markdown""]",2025-08-14,"# Page

Transparent pricing. Fast turnaround.",Website Content,web-0007
/about,"[""html"", ""markdown""]",2025-08-14,"# Page

Transparent pricing. Fast turnaround.",Website Content,web-0008
/services,"[""html"", ""markdown""]",2025-08-14,"# Page

Transparent pricing. Fast turnaround.",Website Content,web-0009
/services,"[""html"", ""markdown""]",2025-08-14,"# Page

Transparent pricing. Fast turnaround.",Website Content,web-0010
/about,"[""html"", ""markdown""]",2025-08-14,"# Page

Transparent pricing. Fast turnaround.",Website Content,web-0011
/,"[""html"", ""markdown""]",2025-08-14,"# Page

Transparent pricing. Fast turnaround.",Website Content,web-0012
/services,"[""html"", ""markdown""]",2025-08-14,"# Page

Transparent pricing. Fast turnaround.",Website Content,web-0013
/,"[""html"", ""markdown""]",2025-08-14,"# Page

Transparent pricing. Fast turnaround.",Website Content,web-0014
/services,"[""html"", ""markdown""]",2025-08-14,"# Page

Transparent pricing. Fast turnaround.",Website Content,web-0015
/about,"[""html"", ""markdown""]",2025-08-14,"# Page

Transparent pricing. Fast turnaround.",Website Content,web-0016
/services,"[""html"", ""markdown""]",2025-08-14,"# Page

Transparent pricing. Fast turnaround.",Website Content,web-0017
/services,"[""html"", ""markdown""]",2025-08-14,"# Page

Transparent pricing. Fast turnaround.",Website Content,web-0018
/contact,"[""html"", ""markdown""]",2025-08-14,"# Page

Transparent pricing. Fast turnaround.",Website Content,web-0019
/contact,"[""html"", ""markdown""]",2025-08-14,"# Page

Transparent pricing. Fast turnaround.",Website Content,web-0020
/services,"[""html"", ""markdown""]",2025-08-14,"# Page

Transparent pricing. Fast turnaround.",Website Content,web-0021
/about,"[""html"", ""markdown""]",2025-08-14,"# Page

Transparent pricing. Fast turnaround.",Website Content,web-0022
/,"[""html"", ""markdown""]",2025-08-14,"# Page

Transparent pricing. Fast turnaround.",Website Content,web-0023
/services,"[""html"", ""markdown""]",2025-08-14,"# Page

Transparent pricing. Fast turnaround.",Website Content,web-0024
/,"[""html"", ""markdown""]",2025-08-14,"# Page

Transparent pricing. Fast turnaround.",Website Content,web-0025
/services,"[""html"", ""markdown""]",2025-08-14,"# Page

Transparent pricing. Fast turnaround.",Website Content,web-0026
/,"[""html"", ""markdown""]",2025-08-14,"# Page

Transparent pricing. Fast turnaround.",Website Content,web-0027
/,"[""html"", ""markdown""]",2025-08-14,"# Page

Transparent pricing. Fast turnaround.",Website Content,web-0028
/,"[""html"", ""markdown""]",2025-08-14,"# Page

Transparent pricing. Fast turnaround.",Website Content,web-0029
/about,"[""html"", ""markdown""]",2025-08-14,"# Page

Transparent pricing. Fast turnaround.",Website Content,web-0030
/contact,"[""html"", ""markdown""]",2025-08-14,"# Page

Transparent pricing. Fast turnaround.",Website Content,web-0031
/about,"[""html"", ""markdown""]",2025-08-14,"# Page

Transparent pricing. Fast turnaround.",Website Content,web-0032
/about,"[""html"", ""markdown""]",2025-08-14,"# Page

Transparent pricing. Fast turnaround.",Website Content,web-0033
/contact,"[""html"", ""markdown""]",2025-08-14,"# Page

Transparent pricing. Fast turnaround.",Website Content,web-0034
/contact,"[""html"", ""markdown""]",2025-08-14,"# Page

Transparent pricing. Fast turnaround.",Website Content,web-0035
/,"[""html"", ""markdown""]",2025-08-14,"# Page

Transparent pricing. Fast turnaround.",Website Content,web-0036
/about,"[""html"", ""markdown""]",2025-08-14,"# Page

Transparent pricing. Fast turnaround.",Website Content,web-0037
/,"[""html"", ""markdown""]",2025-08-14,"# Page

Transparent pricing. Fast turnaround.",Website Content,web-0038
/services,"[""html"", ""markdown""]",2025-08-14,"# Page

Transparent pricing. Fast turnaround.",Website Content,web-0039
/,"[""html"", ""markdown""]",2025-08-14,"# Page

Transparent pricing. Fast turnaround.",Website Content,web-0040
/,"[""html"", ""markdown""]",2025-08-14,"# Page

Transparent pricing. Fast turnaround.",Website Content,web-0041
/,"[""html"", ""markdown""]",2025-08-14,"# Page

Transparent pricing. Fast turnaround.",Website Content,web-0042
/contact,"[""html"", ""markdown""]",2025-08-14,"# Page

Transparent pricing. Fast turnaround.",Website Content,web-0043
/,"[""html"", ""markdown""]",2025-08-14,"# Page

Transparent pricing. Fast turnaround.",Website Content,web-0044
/services,"[""html"", ""markdown""]",2025-08-14,"# Page

Transparent pricing. Fast turnaround.",Website Content,web-0045
/about,"[""html"", ""markdown""]",2025-08-14,"# Page

Transparent pricing. Fast turnaround.",Website Content,web-0046
/about,"[""html"", ""markdown""]",2025-08-14,"# Page

Transparent pricing. Fast turnaround.",Website Content,web-0047
/services,"[""html"", ""markdown""]",2025-08-14,"# Page

Transparent pricing. Fast turnaround.",Website Content,web-0048
/services,"[""html"", ""markdown""]",2025-08-14,"# Page

Transparent pricing. Fast turnaround.",Website Content,web-0049
/about,"[""html"", ""markdown""]",2025-08-14,"# Page

Transparent pricing. Fast turnaround.",Website Content,web-0050
/about,"[""html"", ""markdown""]",2025-08-14,"# Page

Transparent pricing. Fast turnaround.",Website Content,web-0051
/,"[""html"", ""markdown""]",2025-08-14,"# Page

Transparent pricing. Fast turnaround.",Website Content,web-0052
/about,"[""html"", ""markdown""]",2025-08-14,"# Page

Transparent pricing. Fast turnaround.",Website Content,web-0053
/,"[""html"", ""markdown""]",2025-08-14,"# Page

Transparent pricing. Fast turnaround.",Website Content,web-0054
/about,"[""html"", ""markdown""]",2025-08-14,"# Page

Transparent pricing. Fast turnaround.",Website Content,web-0055
/contact,"[""html"", ""markdown""]",2025-08-14,"# Page

Transparent pricing. Fast turnaround.",Website Content,web-0056
/about,"[""html"", ""markdown""]",2025-08-14,"# Page

Transparent pricing. Fast turnaround.",Website Content,web-0057
/contact,"[""html"", ""markdown""]",2025-08-14,"# Page

Transparent pricing. Fast turnaround.",Website Content,web-0058
/services,"[""html"", ""markdown""]",2025-08-14,"# Page

Transparent pricing. Fast turnaround.",Website Content,web-0059
/about,"[""html"", ""markdown""]",2025-08-14,"# Page

Transparent pricing. Fast turnaround.",Website Content,web-0060
/services,"[""html"", ""markdown""]",2025-08-14,"# Page

Transparent pricing. Fast turnaround.",Website Content,web-0061
/contact,"[""html"", ""markdown""]",2025-08-14,"# Page

Transparent pricing. Fast turnaround.",Website Content,web-0062
/contact,"[""html"", ""markdown""]",2025-08-14,"# Page

Transparent pricing. Fast turnaround.",Website Content,web-0063
/contact,"[""html"", ""markdown""]",2025-08-14,"# Page

Transparent pricing. Fast turnaround.",Website Content,web-0064
/contact,"[""html"", ""markdown""]",2025-08-14,"# Page

Transparent pricing. Fast turnaround.",Website Content,web-0065
/services,"[""html"", ""markdown""]",2025-08-14,"# Page

Transparent pricing. Fast turnaround.",Website Content,web-0066
/,"[""html"", ""markdown""]",2025-08-14,"# Page

Transparent pricing. Fast turnaround.",Website Content,web-0067
/services,"[""html"", ""markdown""]",2025-08-14,"# Page

Transparent pricing. Fast turnaround.",Website Content,web-0068
/contact,"[""html"", ""markdown""]",2025-08-14,"# Page

Transparent pricing. Fast turnaround.",Website Content,web-0069
/contact,"[""html"", ""markdown""]",2025-08-14,"# Page

Transparent pricing. Fast turnaround.",Website Content,web-0070
/services,"[""html"", ""markdown""]",2025-08-14,"# Page

Transparent pricing. Fast turnaround.",Website Content,web-0071
/services,"[""html"", ""markdown""]",2025-08-14,"# Page

Transparent pricing. Fast turnaround.",Website Content,web-0072
/about,"[""html"", ""markdown""]",2025-08-14,"# Page

Transparent pricing. Fast turnaround.",Website Content,web-0073
/services,"[""html"", ""markdown""]",2025-08-14,"# Page

Transparent pricing. Fast turnaround.",Website Content,web-0074
/contact,"[""html"", ""markdown""]",2025-08-14,"# Page

Transparent pricing. Fast turnaround.",Website Content,web-0075
/contact,"[""html"", ""markdown""]",2025-08-14,"# Page

Transparent pricing. Fast turnaround.",Website Content,web-0076
/,"[""html"", ""markdown""]",2025-08-14,"# Page

Transparent pricing. Fast turnaround.",Website Content,web-0077
/services,"[""html"", ""markdown""]",2025-08-14,"# Page

Transparent pricing. Fast turnaround.",Website Content,web-0078
/about,"[""html"", ""markdown""]",2025-08-14,"# Page

Transparent pricing. Fast turnaround.",Website Content,web-0079
/,"[""html"", ""markdown""]",2025-08-14,"# Page

Transparent pricing. Fast turnaround.",Website Content,web-0080
/,"[""html"", ""markdown""]",2025-08-14,"# Page

Transparent pricing. Fast turnaround.",Website Content,web-0081
/contact,"[""html"", ""markdown""]",2025-08-14,"# Page

Transparent pricing. Fast turnaround.",Website Content,web-0082
/services,"[""html"", ""markdown""]",2025-08-14,"# Page

Transparent pricing. Fast turnaround.",Website Content,web-0083
/,"[""html"", ""markdown""]",2025-08-14,"# Page

Transparent pricing. Fast turnaround.",Website Content,web-0084
/,"[""html"", ""markdown""]",2025-08-14,"# Page

Transparent pricing. Fast turnaround.",Website Content,web-0085
/services,"[""html"", ""markdown""]",2025-08-14,"# Page

Transparent pricing. Fast turnaround.",Website Content,web-0086
/contact,"[""html"", ""markdown""]",2025-08-14,"# Page

Transparent pricing. Fast turnaround.",Website Content,web-0087
/,"[""html"", ""markdown""]",2025-08-14,"# Page

Transparent pricing. Fast turnaround.",Website Content,web-0088
/,"[""html"", ""markdown""]",2025-08-14,"# Page

Transparent pricing. Fast turnaround.",Website Content,web-0089
/,"[""html"", ""markdown""]",2025-08-14,"# Page

Transparent pricing. Fast turnaround.",Website Content,web-0090
/about,"[""html"", ""markdown""]",2025-08-14,"# Page

Transparent pricing. Fast turnaround.",Website Content,web-0091
/about,"[""html"", ""markdown""]",2025-08-14,"# Page

Transparent pricing. Fast turnaround.",Website Content,web-0092
/contact,"[""html"", ""markdown""]",2025-08-14,"# Page

Transparent pricing. Fast turnaround.",Website Content,web-0093
/,"[""html"", ""markdown""]",2025-08-14,"# Page

Transparent pricing. Fast turnaround.",Website Content,web-0094
/about,"[""html"", ""markdown""]",2025-08-14,"# Page

Transparent pricing. Fast turnaround.",Website Content,web-0095
/contact,"[""html"", ""markdown""]",2025-08-14,"# Page

Transparent pricing. Fast turnaround.",Website Content,web-0096
/contact,"[""html"", ""markdown""]",2025-08-14,"# Page

Transparent pricing. Fast turnaround.",Website Content,web-0097
/contact,"[""html"", ""markdown""]",2025-08-14,"# Page

Transparent pricing. Fast turnaround.",Website Content,web-0098
/about,"[""html"", ""markdown""]",2025-08-14,"# Page

Transparent pricing. Fast turnaround.",Website Content,web-0099
/about,"[""html"", ""markdown""]",2025-08-14,"# Page

Transparent pricing. Fast turnaround.",Website Content,web-0100
/contact,"[""html"", ""markdown""]",2025-08-14,"# Page

Transparent pricing. Fast turnaround.",Website Content,web-0101
/about,"[""html"", ""markdown""]",2025-08-14,"# Page

Transparent pricing. Fast turnaround.",Website Content,web-0102
/contact,"[""html"", ""markdown""]",2025-08-14,"# Page

Transparent pricing. Fast turnaround.",Website Content,web-0103
/,"[""html"", ""markdown""]",2025-08-14,"# Page

Transparent pricing. Fast turnaround.",Website Content,web-0104
/,"[""html"", ""markdown""]",2025-08-14,"# Page

Transparent pricing. Fast turnaround.",Website Content,web-0105
/services,"[""html"", ""markdown""]",2025-08-14,"# Page

Transparent pricing. Fast turnaround.",Website Content,web-0106
/,"[""html"", ""markdown""]",2025-08-14,"# Page

Transparent pricing. Fast turnaround.",Website Content,web-0107
/contact,"[""html"", ""markdown""]",2025-08-14,"# Page

Transparent pricing. Fast turnaround.",Website Content,web-0108
/contact,"[""html"", ""markdown""]",2025-08-14,"# Page

Transparent pricing. Fast turnaround.",Website Content,web-0109
/about,"[""html"", ""markdown""]",2025-08-14,"# Page

Transparent pricing. Fast turnaround.",Website Content,web-0110
/contact,"[""html"", ""markdown""]",2025-08-14,"# Page

Transparent pricing. Fast turnaround.",Website Content,web-0111
/about,"[""html"", ""markdown""]",2025-08-14,"# Page

Transparent pricing. Fast turnaround.",Website Content,web-0112
/contact,"[""html"", ""markdown""]",2025-08-14,"# Page

Transparent pricing. Fast turnaround.",Website Content,web-0113
/about,"[""html"", ""markdown""]",2025-08-14,"# Page

Transparent pricing. Fast turnaround.",Website Content,web-0114
/about,"[""html"", ""markdown""]",2025-08-14,"# Page

Transparent pricing. Fast turnaround.",Website Content,web-0115
/contact,"[""html"", ""markdown""]",2025-08-14,"# Page

Transparent pricing. Fast turnaround.",Website Content,web-0116
/about,"[""html"", ""markdown""]",2025-08-14,"# Page

Transparent pricing. Fast turnaround.",Website Content,web-0117
/contact,"[""html"", ""markdown""]",2025-08-14,"# Page

Transparent pricing. Fast turnaround.",Website Content,web-0118
/,"[""html"", ""markdown""]",2025-08-14,"# Page

Transparent pricing. Fast turnaround.",Website Content,web-0119
/,"[""html"", ""markdown""]",2025-08-14,"# Page

Transparent pricing. Fast turnaround.",Website Content,web-0120
/,"[""html"", ""markdown""]",2025-08-14,"# Page

Transparent pricing. Fast turnaround.",Website Content,web-0121
/,"[""html"", ""markdown""]",2025-08-14,"# Page

Transparent pricing. Fast turnaround.",Website Content,web-0122
/,"[""html"", ""markdown""]",2025-08-14,"# Page

Transparent pricing. Fast turnaround.",Website Content,web-0123
/contact,"[""html"", ""markdown""]",2025-08-14,"# Page

Transparent pricing. Fast turnaround.",Website Content,web-0124
/contact,"[""html"", ""markdown""]",2025-08-14,"# Page

Transparent pricing. Fast turnaround.",Website Content,web-0125
/about,"[""html"", ""markdown""]",2025-08-14,"# Page

Transparent pricing. Fast turnaround.",Website Content,web-0126
/services,"[""html"", ""markdown""]",2025-08-14,"# Page

Transparent pricing. Fast turnaround.",Website Content,web-0127
/about,"[""html"", ""markdown""]",2025-08-14,"# Page

Transparent pricing. Fast turnaround.",Website Content,web-0128
/about,"[""html"", ""markdown""]",2025-08-14,"# Page

Transparent pricing. Fast turnaround.",Website Content,web-0129
/,"[""html"", ""markdown""]",2025-08-14,"# Page

Transparent pricing. Fast turnaround.",Website Content,web-0130
/services,"[""html"", ""markdown""]",2025-08-14,"# Page

Transparent pricing. Fast turnaround.",Website Content,web-0131
/about,"[""html"", ""markdown""]",2025-08-14,"# Page

Transparent pricing. Fast turnaround.",Website Content,web-0132
/about,"[""html"", ""markdown""]",2025-08-14,"# Page

Transparent pricing. Fast turnaround.",Website Content,web-0133
/about,"[""html"", ""markdown""]",2025-08-14,"# Page

Transparent pricing. Fast turnaround.",Website Content,web-0134
/contact,"[""html"", ""markdown""]",2025-08-14,"# Page

Transparent pricing. Fast turnaround.",Website Content,web-0135
/about,"[""html"", ""markdown""]",2025-08-14,"# Page

Transparent pricing. Fast turnaround.",Website Content,web-0136
/contact,"[""html"", ""markdown""]",2025-08-14,"# Page

Transparent pricing. Fast turnaround.",Website Content,web-0137
/,"[""html"", ""markdown""]",2025-08-14,"# Page

Transparent pricing. Fast turnaround.",Website Content,web-0138
/contact,"[""html"", ""markdown""]",2025-08-14,"# Page

Transparent pricing. Fast turnaround.",Website Content,web-0139
/contact,"[""html"", ""markdown""]",2025-08-14,"# Page

Transparent pricing. Fast turnaround.",Website Content,web-0140
/about,"[""html"", ""markdown""]",2025-08-14,"# Page

Transparent pricing. Fast turnaround.",Website Content,web-0141
/services,"[""html"", ""markdown""]",2025-08-14,"# Page

Transparent pricing. Fast turnaround.",Website Content,web-0142
/contact,"[""html"", ""markdown""]",2025-08-14,"# Page

Transparent pricing. Fast turnaround.",Website Content,web-0143
/services,"[""html"", ""markdown""]",2025-08-14,"# Page

Transparent pricing. Fast turnaround.",Website Content,web-0144
/services,"[""html"", ""markdown""]",2025-08-14,"# Page

Transparent pricing. Fast turnaround.",Website Content,web-0145
/,"[""html"", ""markdown""]",2025-08-14,"# Page

Transparent pricing. Fast turnaround.",Website Content,web-0146
/,"[""html"", ""markdown""]",2025-08-14,"# Page

Transparent pricing. Fast turnaround.",Website Content,web-0147
/about,"[""html"", ""markdown""]",2025-08-14,"# Page

Transparent pricing. Fast turnaround.",Website Content,web-0148
/about,"[""html"", ""markdown""]",2025-08-14,"# Page

Transparent pricing. Fast turnaround.",Website Content,web-0149
/,"[""html"", ""markdown""]",2025-08-14,"# Page

Transparent pricing. Fast turnaround.",Website Content,web-0150
/,"[""html"", ""markdown""]",2025-08-14,"# Page

Transparent pricing. Fast turnaround.",Website Content,web-0151
/about,"[""html"", ""markdown""]",2025-08-14,"# Page

Transparent pricing. Fast turnaround.",Website Content,web-0152
/services,"[""html"", ""markdown""]",2025-08-14,"# Page

Transparent pricing. Fast turnaround.",Website Content,web-0153
/about,"[""html"", ""markdown""]",2025-08-14,"# Page

Transparent pricing. Fast turnaround.",Website Content,web-0154
/about,"[""html"", ""markdown""]",2025-08-14,"# Page

Transparent pricing. Fast turnaround.",Website Content,web-0155
/services,"[""html"", ""markdown""]",2025-08-14,"# Page

Transparent pricing. Fast turnaround.",Website Content,web-0156
/,"[""html"", ""markdown""]",2025-08-14,"# Page

Transparent pricing. Fast turnaround.",Website Content,web-0157
/about,"[""html"", ""markdown""]",2025-08-14,"# Page

Transparent pricing. Fast turnaround.",Website Content,web-0158
/,"[""html"", ""markdown""]",2025-08-14,"# Page

Transparent pricing. Fast turnaround.",Website Content,web-0159
/about,"[""html"", ""markdown""]",2025-08-14,"# Page

Transparent pricing. Fast turnaround.",Website Content,web-0160
/,"[""html"", ""markdown""]",2025-08-14,"# Page

Transparent pricing. Fast turnaround.",Website Content,web-0161
/services,"[""html"", ""markdown""]",2025-08-14,"# Page

Transparent pricing. Fast turnaround.",Website Content,web-0162
/about,"[""html"", ""markdown""]",2025-08-14,"# Page

Transparent pricing. Fast turnaround.",Website Content,web-0163
/services,"[""html"", ""markdown""]",2025-08-14,"# Page

Transparent pricing. Fast turnaround.",Website Content,web-0164
/,"[""html"", ""markdown""]",2025-08-14,"# Page

Transparent pricing. Fast turnaround.",Website Content,web-0165
/services,"[""html"", ""markdown""]",2025-08-14,"# Page

Transparent pricing. Fast turnaround.",Website Content,web-0166
/about,"[""html"", ""markdown""]",2025-08-14,"# Page

Transparent pricing. Fast turnaround.",Website Content,web-0167
/services,"[""html"", ""markdown""]",2025-08-14,"# Page

Transparent pricing. Fast turnaround.",Website Content,web-0168
/services,"[""html"", ""markdown""]",2025-08-14,"# Page

Transparent pricing. Fast turnaround.",Website Content,web-0169
/services,"[""html"", ""markdown""]",2025-08-14,"# Page

Transparent pricing. Fast turnaround.",Website Content,web-0170
/,"[""html"", ""markdown""]",2025-08-14,"# Page

Transparent pricing. Fast turnaround.",Website Content,web-0171
/about,"[""html"", ""markdown""]",2025-08-14,"# Page

Transparent pricing. Fast turnaround.",Website Content,web-0172
/services,"[""html"", ""markdown""]",2025-08-14,"# Page

Transparent pricing. Fast turnaround.",Website Content,web-0173
/,"[""html"", ""markdown""]",2025-08-14,"# Page

Transparent pricing. Fast turnaround.",Website Content,web-0174
/services,"[""html"", ""markdown""]",2025-08-14,"# Page

Transparent pricing. Fast turnaround.",Website Content,web-0175
/about,"[""html"", ""markdown""]",2025-08-14,"# Page

Transparent pricing. Fast turnaround.",Website Content,web-0176
/,"[""html"", ""markdown""]",2025-08-14,"# Page

Transparent pricing. Fast turnaround.",Website Content,web-0177
/,"[""html"", ""markdown""]",2025-08-14,"# Page

Transparent pricing. Fast turnaround.",Website Content,web-0178
/about,"[""html"", ""markdown""]",2025-08-14,"# Page

Transparent pricing. Fast turnaround.",Website Content,web-0179
/contact,"[""html"", ""markdown""]",2025-08-14,"# Page

Transparent pricing. Fast turnaround.",Website Content,web-0180
/contact,"[""html"", ""markdown""]",2025-08-14,"# Page

Transparent pricing. Fast turnaround.",Website Content,web-0181
/services,"[""html"", ""markdown""]",2025-08-14,"# Page

Transparent pricing. Fast turnaround.",Website Content,web-0182
/services,"[""html"", ""markdown""]",2025-08-14,"# Page

Transparent pricing. Fast turnaround.",Website Content,web-0183
/about,"[""html"", ""markdown""]",2025-08-14,"# Page

Transparent pricing. Fast turnaround.",Website Content,web-0184
/about,"[""html"", ""markdown""]",2025-08-14,"# Page

Transparent pricing. Fast turnaround.",Website Content,web-0185
/services,"[""html"", ""markdown""]",2025-08-14,"# Page

Transparent pricing. Fast turnaround.",Website Content,web-0186
/services,"[""html"", ""markdown""]",2025-08-14,"# Page

Transparent pricing. Fast turnaround.",Website Content,web-0187
/about,"[""html"", ""markdown""]",2025-08-14,"# Page

Transparent pricing. Fast turnaround.",Website Content,web-0188
/,"[""html"", ""markdown""]",2025-08-14,"# Page

Transparent pricing. Fast turnaround.",Website Content,web-0189
/services,"[""html"", ""markdown""]",2025-08-14,"# Page

Transparent pricing. Fast turnaround.",Website Content,web-0190
/about,"[""html"", ""markdown""]",2025-08-14,"# Page

Transparent pricing. Fast turnaround.",Website Content,web-0191
/,"[""html"", ""markdown""]",2025-08-14,"# Page

Transparent pricing. Fast turnaround.",Website Content,web-0192
/services,"[""html"", ""markdown""]",2025-08-14,"# Page

Transparent pricing. Fast turnaround.",Website Content,web-0193
/services,"[""html"", ""markdown""]",2025-08-14,"# Page

Transparent pricing. Fast turnaround.",Website Content,web-0194
/contact,"[""html"", ""markdown""]",2025-08-14,"# Page

Transparent pricing. Fast turnaround.",Website Content,web-0195
/services,"[""html"", ""markdown""]",2025-08-14,"# Page

Transparent pricing. Fast turnaround.",Website Content,web-0196
/about,"[""html"", ""markdown""]",2025-08-14,"# Page

Transparent pricing. Fast turnaround.",Website Content,web-0197
/about,"[""html"", ""markdown""]",2025-08-14,"# Page

Transparent pricing. Fast turnaround.",Website Content,web-0198
/,"[""html"", ""markdown""]",2025-08-14,"# Page

Transparent pricing. Fast turnaround.",Website Content,web-0199
/,"[""html"", ""markdown""]",2025-08-14,"# Page

Transparent pricing. Fast turnaround.",Website Content,web-0200
/,"[""html"", ""markdown""]",2025-08-14,"# Page

Transparent pricing. Fast turnaround.",Website Content,web-0201
/,"[""html"", ""markdown""]",2025-08-14,"# Page

Transparent pricing. Fast turnaround.",Website Content,web-0202
/services,"[""html"", ""markdown""]",2025-08-14,"# Page

Transparent pricing. Fast turnaround.",Website Content,web-0203
/contact,"[""html"", ""markdown""]",2025-08-14,"# Page

Transparent pricing. Fast turnaround.",Website Content,web-0204
/,"[""html"", ""markdown""]",2025-08-14,"# Page

Transparent pricing. Fast turnaround.",Website Content,web-0205
/contact,"[""html"", ""markdown""]",2025-08-14,"# Page

Transparent pricing. Fast turnaround.",Website Content,web-0206
/about,"[""html"", ""markdown""]",2025-08-14,"# Page

Transparent pricing. Fast turnaround.",Website Content,web-0207
/contact,"[""html"", ""markdown""]",2025-08-14,"# Page

Transparent pricing. Fast turnaround.",Website Content,web-0208
/about,"[""html"", ""markdown""]",2025-08-14,"# Page

Transparent pricing. Fast turnaround.",Website Content,web-0209
/services,"[""html"", ""markdown""]",2025-08-14,"# Page

Transparent pricing. Fast turnaround.",Website Content,web-0210
/services,"[""html"", ""markdown""]",2025-08-14,"# Page

Transparent pricing. Fast turnaround.",Website Content,web-0211
/contact,"[""html"", ""markdown""]",2025-08-14,"# Page

Transparent pricing. Fast turnaround.",Website Content,web-0212
/contact,"[""html"", ""markdown""]",2025-08-14,"# Page

Transparent pricing. Fast turnaround.",Website Content,web-0213
/,"[""html"", ""markdown""]",2025-08-14,"# Page

Transparent pricing. Fast turnaround.",Website Content,web-0214
/services,"[""html"", ""markdown""]",2025-08-14,"# Page

Transparent pricing. Fast turnaround.",Website Content,web-0215
/contact,"[""html"", ""markdown""]",2025-08-14,"# Page

Transparent pricing. Fast turnaround.",Website Content,web-0216
/,"[""html"", ""markdown""]",2025-08-14,"# Page

Transparent pricing. Fast turnaround.",Website Content,web-0217
/services,"[""html"", ""markdown""]",2025-08-14,"# Page

Transparent pricing. Fast turnaround.",Website Content,web-0218
/services,"[""html"", ""markdown""]",2025-08-14,"# Page

Transparent pricing. Fast turnaround.",Website Content,web-0219
/contact,"[""html"", ""markdown""]",2025-08-14,"# Page

Transparent pricing. Fast turnaround.",Website Content,web-0220
