{
  "$schema": "https://json-schema.org/draft/2020-12/schema",
  "title": "Affiliate & Commission Dataset",
  "description": "UTMs, payout rules.",
  "type": "array",
  "minItems": 200,
  "items": {
    "type": "object",
    "required": [
      "id",
      "category",
      "tags",
      "last_updated",
      "utm",
      "payout_rules",
      "cookie_window_days"
    ],
    "properties": {
      "id": {
        "type": "string"
      },
      "category": {
        "type": "string"
      },
      "tags": {
        "type": "array",
        "items": {
          "type": [
            "string",
            "number",
            "boolean",
            "object",
            "array"
          ]
        }
      },
      "last_updated": {
        "type": "string",
        "pattern": "^\\d{4}-\\d{2}-\\d{2}$"
      },
      "utm": {
        "type": "object",
        "required": [
          "source",
          "medium",
          "campaign"
        ],
        "properties": {
          "source": {
            "type": "string"
          },
          "medium": {
            "type": "string"
          },
          "campaign": {
            "type": "string"
          }
        }
      },
      "payout_rules": {
        "type": "object",
        "required": [
          "model",
          "rate"
        ],
        "properties": {
          "model": {
            "type": "string",
            "enum": [
              "CPA",
              "CPS",
              "RevShare"
            ]
          },
          "rate": {
            "type": "number",
            "minimum": 0,
            "maximum": 100
          }
        }
      },
      "cookie_window_days": {
        "type": "integer",
        "minimum": 1,
        "maximum": 365
      }
    },
    "additionalProperties": true
  }
}