{
  "$schema": "https://json-schema.org/draft/2020-12/schema",
  "title": "API Integration Dataset",
  "description": "Endpoints and auth methods.",
  "type": "array",
  "minItems": 200,
  "items": {
    "type": "object",
    "required": [
      "id",
      "category",
      "tags",
      "last_updated",
      "service",
      "auth_method"
    ],
    "properties": {
      "id": {
        "type": "string"
      },
      "category": {
        "type": "string"
      },
      "tags": {
        "type": "array",
        "items": {
          "type": [
            "string",
            "number",
            "boolean",
            "object",
            "array"
          ]
        }
      },
      "last_updated": {
        "type": "string",
        "pattern": "^\\d{4}-\\d{2}-\\d{2}$"
      },
      "service": {
        "type": "string"
      },
      "auth_method": {
        "type": "string",
        "enum": [
          "API Key",
          "OAuth 2.0",
          "JWT Bearer",
          "HMAC"
        ]
      }
    },
    "additionalProperties": true
  }
}