{
  "$schema": "https://json-schema.org/draft/2020-12/schema",
  "title": "Branding Dataset",
  "description": "Brand colors, typography.",
  "type": "array",
  "minItems": 200,
  "items": {
    "type": "object",
    "required": [
      "id",
      "category",
      "tags",
      "last_updated",
      "brand_name",
      "colors"
    ],
    "properties": {
      "id": {
        "type": "string"
      },
      "category": {
        "type": "string"
      },
      "tags": {
        "type": "array",
        "items": {
          "type": [
            "string",
            "number",
            "boolean",
            "object",
            "array"
          ]
        }
      },
      "last_updated": {
        "type": "string",
        "pattern": "^\\d{4}-\\d{2}-\\d{2}$"
      },
      "brand_name": {
        "type": "string"
      },
      "colors": {
        "type": "object",
        "properties": {
          "primary": {
            "type": "string",
            "pattern": "^#[0-9A-Fa-f]{6}$"
          },
          "secondary": {
            "type": "string",
            "pattern": "^#[0-9A-Fa-f]{6}$"
          },
          "accent": {
            "type": "string",
            "pattern": "^#[0-9A-Fa-f]{6}$"
          },
          "background": {
            "type": "string",
            "pattern": "^#[0-9A-Fa-f]{6}$"
          }
        }
      }
    },
    "additionalProperties": true
  }
}