{
  "$schema": "https://json-schema.org/draft/2020-12/schema",
  "title": "Franchise Packet Dataset",
  "description": "Franchise_Packet_Dataset schema",
  "type": "array",
  "minItems": 200,
  "items": {
    "type": "object",
    "required": [
      "id",
      "category",
      "tags",
      "last_updated"
    ],
    "properties": {
      "id": {
        "type": "string"
      },
      "category": {
        "type": "string"
      },
      "tags": {
        "type": "array",
        "items": {
          "type": [
            "string",
            "number",
            "boolean",
            "object",
            "array"
          ]
        }
      },
      "last_updated": {
        "type": "string",
        "pattern": "^\\d{4}-\\d{2}-\\d{2}$"
      }
    },
    "additionalProperties": true
  }
}