{
  "$schema": "https://json-schema.org/draft/2020-12/schema",
  "title": "Host Approval Logic Dataset",
  "description": "Queue rules.",
  "type": "array",
  "minItems": 200,
  "items": {
    "type": "object",
    "required": [
      "id",
      "category",
      "tags",
      "last_updated",
      "priority",
      "escalation"
    ],
    "properties": {
      "id": {
        "type": "string"
      },
      "category": {
        "type": "string"
      },
      "tags": {
        "type": "array",
        "items": {
          "type": [
            "string",
            "number",
            "boolean",
            "object",
            "array"
          ]
        }
      },
      "last_updated": {
        "type": "string",
        "pattern": "^\\d{4}-\\d{2}-\\d{2}$"
      },
      "priority": {
        "type": "integer",
        "minimum": 1,
        "maximum": 5
      },
      "escalation": {
        "type": "string",
        "enum": [
          "notify_admin",
          "suspend_user",
          "log_only",
          "auto_approve"
        ]
      }
    },
    "additionalProperties": true
  }
}