{
  "$schema": "https://json-schema.org/draft/2020-12/schema",
  "title": "Marketing Assets Dataset",
  "description": "Flyers, captions, ad copy.",
  "type": "array",
  "minItems": 200,
  "items": {
    "type": "object",
    "required": [
      "id",
      "category",
      "tags",
      "last_updated",
      "audience",
      "channel",
      "flyer_copy",
      "ad_copy"
    ],
    "properties": {
      "id": {
        "type": "string"
      },
      "category": {
        "type": "string"
      },
      "tags": {
        "type": "array",
        "items": {
          "type": [
            "string",
            "number",
            "boolean",
            "object",
            "array"
          ]
        }
      },
      "last_updated": {
        "type": "string",
        "pattern": "^\\d{4}-\\d{2}-\\d{2}$"
      },
      "audience": {
        "type": "string"
      },
      "channel": {
        "type": "string",
        "enum": [
          "facebook",
          "instagram",
          "tiktok",
          "print",
          "email",
          "google"
        ]
      },
      "flyer_copy": {
        "type": "string"
      },
      "ad_copy": {
        "type": "object",
        "required": [
          "headline",
          "body",
          "cta"
        ],
        "properties": {
          "headline": {
            "type": "string"
          },
          "body": {
            "type": "string"
          },
          "cta": {
            "type": "string",
            "enum": [
              "Book Now",
              "Get Quote",
              "See Packages",
              "Join Now",
              "Learn More",
              "Play Today",
              "Sign Up Free"
            ]
          }
        }
      }
    },
    "additionalProperties": true
  }
}