{
  "$schema": "https://json-schema.org/draft/2020-12/schema",
  "title": "National Resource Dataset",
  "description": "Venue/contact directory.",
  "type": "array",
  "minItems": 200,
  "items": {
    "type": "object",
    "required": [
      "id",
      "category",
      "tags",
      "last_updated",
      "venue_name",
      "city",
      "state",
      "capacity"
    ],
    "properties": {
      "id": {
        "type": "string"
      },
      "category": {
        "type": "string"
      },
      "tags": {
        "type": "array",
        "items": {
          "type": [
            "string",
            "number",
            "boolean",
            "object",
            "array"
          ]
        }
      },
      "last_updated": {
        "type": "string",
        "pattern": "^\\d{4}-\\d{2}-\\d{2}$"
      },
      "venue_name": {
        "type": "string"
      },
      "city": {
        "type": "string"
      },
      "state": {
        "type": "string",
        "enum": [
          "AL",
          "AK",
          "AZ",
          "AR",
          "CA",
          "CO",
          "CT",
          "DE",
          "FL",
          "GA",
          "HI",
          "ID",
          "IL",
          "IN",
          "IA",
          "KS",
          "KY",
          "LA",
          "ME",
          "MD",
          "MA",
          "MI",
          "MN",
          "MS",
          "MO",
          "MT",
          "NE",
          "NV",
          "NH",
          "NJ",
          "NM",
          "NY",
          "NC",
          "ND",
          "OH",
          "OK",
          "OR",
          "PA",
          "RI",
          "SC",
          "SD",
          "TN",
          "TX",
          "UT",
          "VT",
          "VA",
          "WA",
          "WV",
          "WI",
          "WY",
          "DC"
        ]
      },
      "capacity": {
        "type": "integer",
        "minimum": 10,
        "maximum": 50000
      }
    },
    "additionalProperties": true
  }
}