{
  "$schema": "https://json-schema.org/draft/2020-12/schema",
  "title": "Payout Logic Dataset",
  "description": "Paytables, RTP, volatility.",
  "type": "array",
  "minItems": 200,
  "items": {
    "type": "object",
    "required": [
      "id",
      "category",
      "tags",
      "last_updated",
      "rtp",
      "volatility",
      "paytable"
    ],
    "properties": {
      "id": {
        "type": "string"
      },
      "category": {
        "type": "string"
      },
      "tags": {
        "type": "array",
        "items": {
          "type": [
            "string",
            "number",
            "boolean",
            "object",
            "array"
          ]
        }
      },
      "last_updated": {
        "type": "string",
        "pattern": "^\\d{4}-\\d{2}-\\d{2}$"
      },
      "rtp": {
        "type": "number",
        "minimum": 80,
        "maximum": 100
      },
      "volatility": {
        "type": "string",
        "enum": [
          "Low",
          "Medium",
          "High",
          "Very High"
        ]
      },
      "paytable": {
        "type": "array",
        "minItems": 5,
        "items": {
          "type": "object",
          "required": [
            "match",
            "payout"
          ],
          "properties": {
            "match": {
              "type": "integer",
              "minimum": 0
            },
            "payout": {
              "type": "integer",
              "minimum": 0
            }
          }
        }
      }
    },
    "additionalProperties": true
  }
}