{
  "$schema": "https://json-schema.org/draft/2020-12/schema",
  "title": "Product Label Dataset",
  "description": "Ingredients, directions, compliance.",
  "type": "array",
  "minItems": 200,
  "items": {
    "type": "object",
    "required": [
      "id",
      "category",
      "tags",
      "last_updated",
      "brand",
      "product_name",
      "ingredients",
      "directions"
    ],
    "properties": {
      "id": {
        "type": "string"
      },
      "category": {
        "type": "string"
      },
      "tags": {
        "type": "array",
        "items": {
          "type": [
            "string",
            "number",
            "boolean",
            "object",
            "array"
          ]
        }
      },
      "last_updated": {
        "type": "string",
        "pattern": "^\\d{4}-\\d{2}-\\d{2}$"
      },
      "brand": {
        "type": "string"
      },
      "product_name": {
        "type": "string"
      },
      "ingredients": {
        "type": "array",
        "items": {
          "type": "string"
        },
        "minItems": 3
      },
      "directions": {
        "type": "string"
      }
    },
    "additionalProperties": true
  }
}