{
  "$schema": "https://json-schema.org/draft/2020-12/schema",
  "title": "Song Transition Rules Dataset",
  "description": "BPM and transitions.",
  "type": "array",
  "minItems": 200,
  "items": {
    "type": "object",
    "required": [
      "id",
      "category",
      "tags",
      "last_updated",
      "from_bpm",
      "to_bpm",
      "transition_type"
    ],
    "properties": {
      "id": {
        "type": "string"
      },
      "category": {
        "type": "string"
      },
      "tags": {
        "type": "array",
        "items": {
          "type": [
            "string",
            "number",
            "boolean",
            "object",
            "array"
          ]
        }
      },
      "last_updated": {
        "type": "string",
        "pattern": "^\\d{4}-\\d{2}-\\d{2}$"
      },
      "from_bpm": {
        "type": "integer",
        "minimum": 40,
        "maximum": 220
      },
      "to_bpm": {
        "type": "integer",
        "minimum": 40,
        "maximum": 220
      },
      "transition_type": {
        "type": "string",
        "enum": [
          "crossfade",
          "echo-out",
          "filter-sweep",
          "drop-cut",
          "beatmatch",
          "tempo-sync"
        ]
      }
    },
    "additionalProperties": true
  }
}