{
  "$schema": "https://json-schema.org/draft/2020-12/schema",
  "title": "UI Asset Map",
  "description": "Asset names, paths.",
  "type": "array",
  "minItems": 200,
  "items": {
    "type": "object",
    "required": [
      "id",
      "category",
      "tags",
      "last_updated",
      "asset_name",
      "type",
      "path"
    ],
    "properties": {
      "id": {
        "type": "string"
      },
      "category": {
        "type": "string"
      },
      "tags": {
        "type": "array",
        "items": {
          "type": [
            "string",
            "number",
            "boolean",
            "object",
            "array"
          ]
        }
      },
      "last_updated": {
        "type": "string",
        "pattern": "^\\d{4}-\\d{2}-\\d{2}$"
      },
      "asset_name": {
        "type": "string"
      },
      "type": {
        "type": "string",
        "enum": [
          "sprite",
          "sprite-sheet",
          "sound",
          "font",
          "vector",
          "3d",
          "shader"
        ]
      },
      "path": {
        "type": "string",
        "pattern": "^assets/"
      }
    },
    "additionalProperties": true
  }
}