{
  "$schema": "https://json-schema.org/draft/2020-12/schema",
  "title": "Voice Command (AR) Dataset",
  "description": "Recognized phrases, intents, locales.",
  "type": "array",
  "minItems": 200,
  "items": {
    "type": "object",
    "required": [
      "id",
      "category",
      "tags",
      "last_updated",
      "phrase",
      "intent",
      "locale"
    ],
    "properties": {
      "id": {
        "type": "string"
      },
      "category": {
        "type": "string"
      },
      "tags": {
        "type": "array",
        "items": {
          "type": [
            "string",
            "number",
            "boolean",
            "object",
            "array"
          ]
        }
      },
      "last_updated": {
        "type": "string",
        "pattern": "^\\d{4}-\\d{2}-\\d{2}$"
      },
      "phrase": {
        "type": "string",
        "minLength": 2
      },
      "intent": {
        "type": "string"
      },
      "locale": {
        "type": "string",
        "pattern": "^[a-z]{2}-[A-Z]{2}$"
      },
      "confidence_threshold": {
        "type": "number",
        "minimum": 0,
        "maximum": 1
      }
    },
    "additionalProperties": true
  }
}